Framework,Minimum Z,Maximum Z,Range Z,Mean Z,Std_dev Z,Minimum van_der_waals_radius,Maximum van_der_waals_radius,Range van_der_waals_radius,Mean van_der_waals_radius,Std_dev van_der_waals_radius,Minimum mendeleev_no,Maximum mendeleev_no,Range mendeleev_no,Mean mendeleev_no,Std_dev mendeleev_no,Minimum molar_volume,Maximum molar_volume,Range molar_volume,Mean molar_volume,Std_dev molar_volume,Minimum thermal_conductivity,Maximum thermal_conductivity,Range thermal_conductivity,Mean thermal_conductivity,Std_+Z:AGv thermal_conductivity,Minimum boiling_point,Maximum boiling_point,Range boiling_point,Mean boiling_point,Std_dev boiling_point,Minimum melting_point,Maximum melting_point,Range melting_point,Mean melting_point,Std_dev melting_point,Minimum liquid_Range,Maximum liquid_Range,LCD,PLD,GCD,PLD-a,PLD-b,PLD-c,LCD-a,LCD-b,LCD-c,Number of channels,Max dimension of channel,Min dimension of channel,Unitcell_volume,Density,ASA_A^2,ASA_m^2/cm^3,ASA_m^2/g,NASA_A^2,NASA_m^2/cm^3,NASA_m^2/g,AV_A^3,AV_Volume_fraction,AV_cm^3/g,NAV_A^3,NAV_Volume_fraction,NAV_cm^3/g,Ring topology size-3,Ring topology size-4,Ring topology size-5,Ring topology size-6,Ring topology size-7,Ring topology size-8,Ring topology size-9,Ring topology size-10,Ring topology size-11,Ring topology size-12,Ring topology size-13,Ring topology size-14,Ring topology size-15,Ring topology size-16,Ring topology size-17,Ring topology size-18,Ring topology size-19,Ring topology size-20,Ring topology size-21,Ring topology size-22,Ring topology size-23,Ring topology size-24,Ring topology size-25,Ring topology size-26,Ring topology size-27,Ring topology size-28,Ring topology size-29,Ring topology size-30,Cluster
EDI,8,14,6,9.866666667,3.763072453,1.52,2.1,0.58,1.678666667,0.334685353,80,101,21,95.0,12.19265001,10.0,17.36,7.36,15.31866667,4.17427667,0.02658,235.0,234.97342,61.35105333,127.5581437,90.2,3173.0,3082.8,1067.0,1963.904425,54.8,1687.0,1632.2,498.396,939.0837544,35.4,1858.53,4.87492,2.95924,4.87492,2.95924,2.95924,2.24772,4.87492,4.87492,4.8539,1,2,2,602.078,1.64495,107.513,1785.69,1085.56,0.0,0.0,0.0,28.4181,0.0472,0.028694,0.0,0.0,0.0,0.0,0.5,0.0,0.0,0.0,0.5,0.0,0.0,0.0,0.0,0,0.0,0,0.0,0,0.0,0,0.0,0.0,0,0,0.0,0,0,0,0,0,0,0
EDI,8,14,6,9.833333333,3.689323937,1.52,2.1,0.58,1.67,0.31822424,80,101,21,94.83333333,12.50111106,10.0,17.36,7.36,15.25,4.302983461,0.02658,235.0,234.97342,64.18438667,132.9250288,90.2,3173.0,3082.8,1054.3,1934.463424,54.8,1687.0,1632.2,473.2783333,891.7012048,35.4,1858.53,5.4053,3.49859,5.4053,3.49859,2.83023,3.02006,5.4053,5.4053,5.4053,1,3,3,2576.34,1.53481,557.438,2163.68,1409.73,0.0,0.0,0.0,223.627,0.0868,0.0565541,0.0,0.0,0.0,0.0,0.5,0.0,0.0,0.0,0.5,0.0,0.0,0.0,0.0,0,0.0,0,0.0,0,0.0,0,0.0,0.0,0,0,0.0,0,0,0,0,0,0,0
BCT,8,15,7,9.4,4.949747468,1.52,1.8,0.28,1.576,0.197989899,90,101,11,98.8,7.778174593,17.02,17.36,0.34,17.292,0.240416306,0.02658,0.236,0.20942,0.068464,0.148082302,90.2,550.0,459.8,182.16,325.127698,54.8,317.3,262.5,107.3,185.6155301,35.4,232.7,2.89396,2.74142,2.89396,2.74142,2.3043,2.35268,2.89396,2.89194,2.89194,0,0,0,416.466,1.51466,0.0,0.0,0.0,4.33701,104.138,68.7535,0.0,0.0,0.0,0.166586,0.0004,0.000264085,0.0,0.333333333,0.0,0.333333333,0.0,0.333333333,0.0,0.0,0.0,0.0,0,0.0,0,0.0,0,0.0,0,0.0,0.0,0,0,0.0,0,0,0,0,0,0,7
HEU,8,14,6,10.0,4.242640687,1.52,2.1,0.58,1.713333333,0.410121933,85,101,16,95.66666667,11.3137085,12.06,17.36,5.3,15.59333333,3.74766594,0.02658,150.0,149.97342,50.01772,106.0472223,90.2,3173.0,3082.8,1117.8,2179.868785,54.8,1687.0,1632.2,598.8666667,1154.139688,35.4,1486.0,5.84382,3.69418,5.26783,3.00095,1.40488,3.69418,5.84382,5.66257,5.26783,2,2,2,2093.09,1.71602,393.847,1881.66,1096.52,0.0,0.0,0.0,192.983,0.0922,0.0537289,0.0,0.0,0.0,0.0,0.25,0.375,0.0,0.0,0.25,0.0,0.125,0.0,0.0,0,0.0,0,0.0,0,0.0,0,0.0,0.0,0,0,0.0,0,0,0,0,0,0,2
STI,8,14,6,10.0,4.242640687,1.52,2.1,0.58,1.713333333,0.410121933,85,101,16,95.66666667,11.3137085,12.06,17.36,5.3,15.59333333,3.74766594,0.02658,150.0,149.97342,50.01772,106.0472223,90.2,3173.0,3082.8,1117.8,2179.868785,54.8,1687.0,1632.2,598.8666667,1154.139688,35.4,1486.0,6.17589,4.88324,6.17589,4.88324,1.77131,2.89643,6.17589,6.17589,6.17589,2,2,2,4426.45,1.62288,818.969,1850.17,1140.06,0.0,0.0,0.0,529.403,0.1196,0.0736963,0.0,0.0,0.0,0.0,0.285714286,0.142857143,0.142857143,0.0,0.285714286,0.0,0.142857143,0.0,0.0,0,0.0,0,0.0,0,0.0,0,0.0,0.0,0,0,0.0,0,0,0,0,0,0,2
FAU,8,14,6,10.0,4.242640687,1.52,2.1,0.58,1.713333333,0.410121933,85,101,16,95.66666667,11.3137085,12.06,17.36,5.3,15.59333333,3.74766594,0.02658,150.0,149.97342,50.01772,106.0472223,90.2,3173.0,3082.8,1117.8,2179.868785,54.8,1687.0,1632.2,598.8666667,1154.139688,35.4,1486.0,10.78586,6.98649,10.78586,6.98649,6.98649,6.98648,10.78586,10.78586,10.78586,1,3,3,13816.6,1.38646,2210.9,1600.18,1154.14,312.258,226.003,163.006,3572.97,0.2586,0.186518,147.837,0.0107,0.00771747,0.0,0.4,0.0,0.4,0.0,0.0,0.0,0.0,0.0,0.2,0,0.0,0,0.0,0,0.0,0,0.0,0.0,0,0,0.0,0,0,0,0,0,0,3
MAZ,8,14,6,10.0,4.242640687,1.52,2.1,0.58,1.713333333,0.410121933,85,101,16,95.66666667,11.3137085,12.06,17.36,5.3,15.59333333,3.74766594,0.02658,150.0,149.97342,50.01772,106.0472223,90.2,3173.0,3082.8,1117.8,2179.868785,54.8,1687.0,1632.2,598.8666667,1154.139688,35.4,1486.0,8.07951,7.37882,8.07951,3.08861,3.08861,7.37882,5.88606,6.05487,8.07951,2,3,1,2239.87,1.60357,383.74,1713.23,1068.38,0.0,0.0,0.0,265.425,0.1185,0.0738977,0.0,0.0,0.0,0.0,0.285714286,0.142857143,0.142857143,0.0,0.285714286,0.0,0.0,0.0,0.142857143,0,0.0,0,0.0,0,0.0,0,0.0,0.0,0,0,0.0,0,0,0,0,0,0,2
LAU,8,14,6,9.888888889,3.820994635,1.52,2.1,0.58,1.684444444,0.345919066,80,101,21,95.11111111,12.00833044,10.0,17.36,7.36,15.36444444,4.094462114,0.02658,235.0,234.97342,59.46216444,124.059398,90.2,3173.0,3082.8,1075.466667,1988.294065,54.8,1687.0,1632.2,515.1411111,971.2994236,35.4,1858.53,6.06375,3.9832,6.06375,3.9832,2.15056,2.15056,6.06375,6.06375,6.06375,2,1,1,1361.74,1.74766,185.667,1363.45,780.161,0.0,0.0,0.0,111.527,0.0819,0.0468627,0.0,0.0,0.0,0.0,0.333333333,0.0,0.555555556,0.0,0.0,0.0,0.111111111,0.0,0.0,0,0.0,0,0.0,0,0.0,0,0.0,0.0,0,0,0.0,0,0,0,0,0,0,0
MFI,8,14,6,10.0,4.242640687,1.52,2.1,0.58,1.713333333,0.410121933,85,101,16,95.66666667,11.3137085,12.06,17.36,5.3,15.59333333,3.74766594,0.02658,150.0,149.97342,50.01772,106.0472223,90.2,3173.0,3082.8,1117.8,2179.868785,54.8,1687.0,1632.2,598.8666667,1154.139688,35.4,1486.0,6.89763,5.30317,6.69681,5.17407,5.30317,5.17407,6.69681,6.69681,6.89763,1,3,3,5301.33,1.80674,795.062,1499.74,830.084,0.0,0.0,0.0,584.736,0.1103,0.0610493,0.0,0.0,0.0,0.0,0.03846153,0.423,0.308,0.0,0.0,0.0,0.23076,0.0,0.0,0,0.0,0,0.0,0,0.0,0,0.0,0.0,0,0,0.0,0,0,0,0,0,0,2
MFI,8,14,6,10.0,4.242640687,1.52,2.1,0.58,1.713333333,0.410121933,85,101,16,95.66666667,11.3137085,12.06,17.36,5.3,15.59333333,3.74766594,0.02658,150.0,149.97342,50.01772,106.0472223,90.2,3173.0,3082.8,1117.8,2179.868785,54.8,1687.0,1632.2,598.8666667,1154.139688,35.4,1486.0,6.01366,4.63234,6.01366,4.63234,3.82354,3.82354,6.01366,5.81477,5.87284,1,3,3,5000.0,1.91562,707.429,1414.86,738.591,0.0,0.0,0.0,401.0,0.0802,0.0418664,0.0,0.0,0.0,0.0,0.03846153,0.423,0.308,0.0,0.0,0.0,0.23076,0.0,0.0,0,0.0,0,0.0,0,0.0,0,0.0,0.0,0,0,0.0,0,0,0,0,0,0,2
MFI,8,14,6,10.0,4.242640687,1.52,2.1,0.58,1.713333333,0.410121933,85,101,16,95.66666667,11.3137085,12.06,17.36,5.3,15.59333333,3.74766594,0.02658,150.0,149.97342,50.01772,106.0472223,90.2,3173.0,3082.8,1117.8,2179.868785,54.8,1687.0,1632.2,598.8666667,1154.139688,35.4,1486.0,6.57725,4.89139,6.57725,4.89139,4.45822,4.45822,6.57725,6.52477,6.57725,1,3,3,5298.71,1.80763,782.639,1477.04,817.113,0.0,0.0,0.0,528.811,0.0998,0.0552104,0.0,0.0,0.0,0.0,0.03846153,0.423,0.308,0.0,0.0,0.0,0.23076,0.0,0.0,0,0.0,0,0.0,0,0.0,0,0.0,0.0,0,0,0.0,0,0,0,0,0,0,2
MFI,8,14,6,10.0,4.242640687,1.52,2.1,0.58,1.713333333,0.410121933,85,101,16,95.66666667,11.3137085,12.06,17.36,5.3,15.59333333,3.74766594,0.02658,150.0,149.97342,50.01772,106.0472223,90.2,3173.0,3082.8,1117.8,2179.868785,54.8,1687.0,1632.2,598.8666667,1154.139688,35.4,1486.0,6.78391,4.97979,6.78391,4.97979,4.84888,4.84888,6.78391,6.78391,6.78391,1,3,3,5450.0,1.75745,824.83,1513.45,861.163,0.0,0.0,0.0,613.67,0.1126,0.0640702,0.0,0.0,0.0,0.0,0.03846153,0.423,0.308,0.0,0.0,0.0,0.23076,0.0,0.0,0,0.0,0,0.0,0,0.0,0,0.0,0.0,0,0,0.0,0,0,0,0,0,0,2
NAT,8,14,6,9.866666667,3.763072453,1.52,2.1,0.58,1.678666667,0.334685353,80,101,21,95.0,12.19265001,10.0,17.36,7.36,15.31866667,4.17427667,0.02658,235.0,234.97342,61.35105333,127.5581437,90.2,3173.0,3082.8,1067.0,1963.904425,54.8,1687.0,1632.2,498.396,939.0837544,35.4,1858.53,3.63474,2.86504,3.63474,2.86504,2.55755,2.86504,3.63474,3.63474,3.63474,2,2,2,1141.6,1.73508,133.836,1172.35,675.675,0.0,0.0,0.0,11.416,0.01,0.00576341,0.0,0.0,0.0,0.0,0.5,0.0,0.0,0.0,0.25,0.25,0.0,0.0,0.0,0,0.0,0,0.0,0,0.0,0,0.0,0.0,0,0,0.0,0,0,0,0,0,0,0
GIS,8,14,6,9.833333333,3.689323937,1.52,2.1,0.58,1.67,0.31822424,80,101,21,94.83333333,12.50111106,10.0,17.36,7.36,15.25,4.302983461,0.02658,235.0,234.97342,64.18438667,132.9250288,90.2,3173.0,3082.8,1054.3,1934.463424,54.8,1687.0,1632.2,473.2783333,891.7012048,35.4,1858.53,4.9829,3.50181,4.9829,3.05435,3.05435,3.50181,4.9829,4.94832,4.9829,1,3,3,1052.87,1.50227,249.402,2368.8,1576.82,0.0,0.0,0.0,97.2848,0.0924,0.0615071,0.0,0.0,0.0,0.0,0.666666667,0.0,0.0,0.0,0.333333333,0.0,0.0,0.0,0.0,0,0.0,0,0.0,0,0.0,0,0.0,0.0,0,0,0.0,0,0,0,0,0,0,0
CAN,8,14,6,9.833333333,3.689323937,1.52,2.1,0.58,1.67,0.31822424,80,101,21,94.83333333,12.50111106,10.0,17.36,7.36,15.25,4.302983461,0.02658,235.0,234.97342,64.18438667,132.9250288,90.2,3173.0,3082.8,1054.3,1934.463424,54.8,1687.0,1632.2,473.2783333,891.7012048,35.4,1858.53,6.21579,5.84621,6.21579,1.50189,1.50189,5.84621,6.21579,6.21579,6.21579,1,1,1,723.626,1.63933,64.5794,892.441,544.394,36.9439,510.538,311.431,49.7855,0.0688,0.0419683,10.9268,0.0151,0.00921107,0.0,0.25,0.0,0.5,0.0,0.0,0.0,0.0,0.0,0.25,0,0.0,0,0.0,0,0.0,0,0.0,0.0,0,0,0.0,0,0,0,0,0,0,0
HEU,8,14,6,10.0,4.242640687,1.52,2.1,0.58,1.713333333,0.410121933,85,101,16,95.66666667,11.3137085,12.06,17.36,5.3,15.59333333,3.74766594,0.02658,150.0,149.97342,50.01772,106.0472223,90.2,3173.0,3082.8,1117.8,2179.868785,54.8,1687.0,1632.2,598.8666667,1154.139688,35.4,1486.0,5.88432,3.71117,5.88432,3.08834,1.37731,3.71117,5.88432,5.88432,5.88432,2,2,2,2108.37,1.70358,397.849,1887.0,1107.66,0.0,0.0,0.0,198.82,0.0943,0.055354,0.0,0.0,0.0,0.0,0.25,0.375,0.0,0.0,0.25,0.0,0.125,0.0,0.0,0,0.0,0,0.0,0,0.0,0,0.0,0.0,0,0,0.0,0,0,0,0,0,0,2
STI,8,14,6,10.0,4.242640687,1.52,2.1,0.58,1.713333333,0.410121933,85,101,16,95.66666667,11.3137085,12.06,17.36,5.3,15.59333333,3.74766594,0.02658,150.0,149.97342,50.01772,106.0472223,90.2,3173.0,3082.8,1117.8,2179.868785,54.8,1687.0,1632.2,598.8666667,1154.139688,35.4,1486.0,6.07823,4.58271,6.07823,4.58271,1.65955,2.90874,6.07823,6.07823,6.07823,2,2,2,4392.85,1.63529,814.322,1853.74,1133.59,0.0,0.0,0.0,528.46,0.1203,0.073565,0.0,0.0,0.0,0.0,0.285714286,0.142857143,0.142857143,0.0,0.285714286,0.0,0.142857143,0.0,0.0,0,0.0,0,0.0,0,0.0,0,0.0,0.0,0,0,0.0,0,0,0,0,0,0,2
ETV,8,14,6,10.0,4.242640687,1.52,2.1,0.58,1.713333333,0.410121933,85,101,16,95.66666667,11.3137085,12.06,17.36,5.3,15.59333333,3.74766594,0.02658,150.0,149.97342,50.01772,106.0472223,90.2,3173.0,3082.8,1117.8,2179.868785,54.8,1687.0,1632.2,598.8666667,1154.139688,35.4,1486.0,5.80549,3.12388,5.76345,2.54022,3.12388,2.7494,5.80549,5.76345,5.80549,1,1,1,819.228,1.70503,137.568,1679.24,984.875,0.0,0.0,0.0,78.6459,0.096,0.0563041,0.0,0.0,0.0,0.0,0.416666667,0.166666667,0.083333333,0.0,0.166666667,0.0,0.166666667,0.0,0.0,0,0.0,0,0.0,0,0.0,0,0.0,0.0,0,0,0.0,0,0,0,0,0,0,2
ETV,8,14,6,10.0,4.242640687,1.52,2.1,0.58,1.713333333,0.410121933,85,101,16,95.66666667,11.3137085,12.06,17.36,5.3,15.59333333,3.74766594,0.02658,150.0,149.97342,50.01772,106.0472223,90.2,3173.0,3082.8,1117.8,2179.868785,54.8,1687.0,1632.2,598.8666667,1154.139688,35.4,1486.0,5.7948,3.68109,5.7948,3.03351,3.68109,3.27286,5.78573,5.7948,5.77925,1,3,3,844.395,1.65421,167.052,1978.37,1195.96,0.0,0.0,0.0,90.0969,0.1067,0.0645021,0.0,0.0,0.0,0.0,0.416666667,0.166666667,0.083333333,0.0,0.166666667,0.0,0.166666667,0.0,0.0,0,0.0,0,0.0,0,0.0,0,0.0,0.0,0,0,0.0,0,0,0,0,0,0,2
ETV,8,14,6,10.0,4.242640687,1.52,2.1,0.58,1.713333333,0.410121933,85,101,16,95.66666667,11.3137085,12.06,17.36,5.3,15.59333333,3.74766594,0.02658,150.0,149.97342,50.01772,106.0472223,90.2,3173.0,3082.8,1117.8,2179.868785,54.8,1687.0,1632.2,598.8666667,1154.139688,35.4,1486.0,5.79535,3.61044,5.79535,3.05149,3.61044,3.26234,5.79535,5.79535,5.79306,1,3,3,844.443,1.65411,168.469,1995.03,1206.1,0.0,0.0,0.0,91.9599,0.1089,0.0658359,0.0,0.0,0.0,0.0,0.416666667,0.166666667,0.083333333,0.0,0.166666667,0.0,0.166666667,0.0,0.0,0,0.0,0,0.0,0,0.0,0,0.0,0.0,0,0,0.0,0,0,0,0,0,0,2
LTA,8,14,6,9.833333333,3.689323937,1.52,2.1,0.58,1.67,0.31822424,80,101,21,94.83333333,12.50111106,10.0,17.36,7.36,15.25,4.302983461,0.02658,235.0,234.97342,64.18438667,132.9250288,90.2,3173.0,3082.8,1054.3,1934.463424,54.8,1687.0,1632.2,473.2783333,891.7012048,35.4,1858.53,11.2353,3.89888,11.2353,3.89888,3.89888,3.89888,11.2353,11.2353,11.23528,1,3,3,14792.2,1.28312,2505.41,1693.74,1320.01,509.746,344.605,268.567,3127.07,0.2114,0.164754,316.553,0.0214,0.0166781,0.0,0.5,0.0,0.25,0.0,0.25,0.0,0.0,0.0,0.0,0,0.0,0,0.0,0,0.0,0,0.0,0.0,0,0,0.0,0,0,0,0,0,0,3
LTA,8,14,6,9.833333333,3.689323937,1.52,2.1,0.58,1.67,0.31822424,80,101,21,94.83333333,12.50111106,10.0,17.36,7.36,15.25,4.302983461,0.02658,235.0,234.97342,64.18438667,132.9250288,90.2,3173.0,3082.8,1054.3,1934.463424,54.8,1687.0,1632.2,473.2783333,891.7012048,35.4,1858.53,11.24645,4.10098,11.24645,4.10098,4.10098,4.10098,11.24645,11.24645,11.24645,1,3,3,14796.5,1.28275,2494.46,1685.84,1314.24,514.577,347.769,271.113,3179.77,0.2149,0.167531,318.125,0.0215,0.0167609,0.0,0.5,0.0,0.25,0.0,0.25,0.0,0.0,0.0,0.0,0,0.0,0,0.0,0,0.0,0,0.0,0.0,0,0,0.0,0,0,0,0,0,0,3
LTA,8,14,6,9.833333333,3.689323937,1.52,2.1,0.58,1.67,0.31822424,80,101,21,94.83333333,12.50111106,10.0,17.36,7.36,15.25,4.302983461,0.02658,235.0,234.97342,64.18438667,132.9250288,90.2,3173.0,3082.8,1054.3,1934.463424,54.8,1687.0,1632.2,473.2783333,891.7012048,35.4,1858.53,11.27879,4.12325,11.27843,4.123,4.123,4.12325,11.27879,11.27879,11.27843,1,3,3,14805.0,1.28201,2497.99,1687.25,1316.1,483.151,326.342,254.555,3196.41,0.2159,0.168407,282.776,0.0191,0.0148985,0.0,0.5,0.0,0.25,0.0,0.25,0.0,0.0,0.0,0.0,0,0.0,0,0.0,0,0.0,0,0.0,0.0,0,0,0.0,0,0,0,0,0,0,3
LTA,8,14,6,9.833333333,3.689323937,1.52,2.1,0.58,1.67,0.31822424,80,101,21,94.83333333,12.50111106,10.0,17.36,7.36,15.25,4.302983461,0.02658,235.0,234.97342,64.18438667,132.9250288,90.2,3173.0,3082.8,1054.3,1934.463424,54.8,1687.0,1632.2,473.2783333,891.7012048,35.4,1858.53,11.29775,4.13537,11.29775,4.13537,4.13537,4.13537,11.29775,11.29775,11.29765,1,3,3,14817.9,1.2809,2502.44,1688.8,1318.45,485.036,327.332,255.548,3211.03,0.2167,0.169178,284.503,0.0192,0.0149895,0.0,0.5,0.0,0.25,0.0,0.25,0.0,0.0,0.0,0.0,0,0.0,0,0.0,0,0.0,0,0.0,0.0,0,0,0.0,0,0,0,0,0,0,3
LTA,8,14,6,9.833333333,3.689323937,1.52,2.1,0.58,1.67,0.31822424,80,101,21,94.83333333,12.50111106,10.0,17.36,7.36,15.25,4.302983461,0.02658,235.0,234.97342,64.18438667,132.9250288,90.2,3173.0,3082.8,1054.3,1934.463424,54.8,1687.0,1632.2,473.2783333,891.7012048,35.4,1858.53,11.30777,4.1476,11.30766,4.14727,4.1476,4.14727,11.30737,11.30766,11.30766,1,3,3,14822.9,1.28046,2504.34,1689.5,1319.45,486.092,327.932,256.105,3222.51,0.2174,0.169783,284.6,0.0192,0.0149946,0.0,0.5,0.0,0.25,0.0,0.25,0.0,0.0,0.0,0.0,0,0.0,0,0.0,0,0.0,0,0.0,0.0,0,0,0.0,0,0,0,0,0,0,3
LTA,8,14,6,9.833333333,3.689323937,1.52,2.1,0.58,1.67,0.31822424,80,101,21,94.83333333,12.50111106,10.0,17.36,7.36,15.25,4.302983461,0.02658,235.0,234.97342,64.18438667,132.9250288,90.2,3173.0,3082.8,1054.3,1934.463424,54.8,1687.0,1632.2,473.2783333,891.7012048,35.4,1858.53,11.27285,4.15172,11.27241,4.15171,4.15171,4.15172,11.27285,11.27285,11.27241,1,3,3,14824.9,1.28029,2497.47,1684.64,1315.83,494.926,333.847,260.759,3208.12,0.2164,0.169024,297.981,0.0201,0.0156996,0.0,0.5,0.0,0.25,0.0,0.25,0.0,0.0,0.0,0.0,0,0.0,0,0.0,0,0.0,0,0.0,0.0,0,0,0.0,0,0,0,0,0,0,3
LTA,8,14,6,9.833333333,3.689323937,1.52,2.1,0.58,1.67,0.31822424,80,101,21,94.83333333,12.50111106,10.0,17.36,7.36,15.25,4.302983461,0.02658,235.0,234.97342,64.18438667,132.9250288,90.2,3173.0,3082.8,1054.3,1934.463424,54.8,1687.0,1632.2,473.2783333,891.7012048,35.4,1858.53,11.27369,4.0344,11.27354,4.0344,4.0344,4.0344,11.27369,11.27369,11.27354,1,3,3,14799.2,1.28251,2492.98,1684.53,1313.47,491.842,332.343,259.134,3167.04,0.214,0.16686,295.985,0.02,0.0155944,0.0,0.5,0.0,0.25,0.0,0.25,0.0,0.0,0.0,0.0,0,0.0,0,0.0,0,0.0,0,0.0,0.0,0,0,0.0,0,0,0,0,0,0,3
LTA,8,14,6,9.833333333,3.689323937,1.52,2.1,0.58,1.67,0.31822424,80,101,21,94.83333333,12.50111106,10.0,17.36,7.36,15.25,4.302983461,0.02658,235.0,234.97342,64.18438667,132.9250288,90.2,3173.0,3082.8,1054.3,1934.463424,54.8,1687.0,1632.2,473.2783333,891.7012048,35.4,1858.53,11.2228,3.91403,11.2228,3.91403,3.91403,3.91403,11.2228,11.2228,11.2228,1,3,3,14711.5,1.29016,2505.3,1702.95,1319.96,479.001,325.595,252.369,3123.26,0.2123,0.164553,280.99,0.0191,0.0148044,0.0,0.5,0.0,0.25,0.0,0.25,0.0,0.0,0.0,0.0,0,0.0,0,0.0,0,0.0,0,0.0,0.0,0,0,0.0,0,0,0,0,0,0,3
LTA,8,14,6,9.833333333,3.689323937,1.52,2.1,0.58,1.67,0.31822424,80,101,21,94.83333333,12.50111106,10.0,17.36,7.36,15.25,4.302983461,0.02658,235.0,234.97342,64.18438667,132.9250288,90.2,3173.0,3082.8,1054.3,1934.463424,54.8,1687.0,1632.2,473.2783333,891.7012048,35.4,1858.53,11.27604,4.01014,11.27604,4.01014,4.01014,4.01014,11.27604,11.27604,11.27602,1,3,3,14741.6,1.28752,2491.3,1689.98,1312.58,496.253,336.634,261.458,3148.81,0.2136,0.1659,297.781,0.0202,0.015689,0.0,0.5,0.0,0.25,0.0,0.25,0.0,0.0,0.0,0.0,0,0.0,0,0.0,0,0.0,0,0.0,0.0,0,0,0.0,0,0,0,0,0,0,3
LTA,8,14,6,9.833333333,3.689323937,1.52,2.1,0.58,1.67,0.31822424,80,101,21,94.83333333,12.50111106,10.0,17.36,7.36,15.25,4.302983461,0.02658,235.0,234.97342,64.18438667,132.9250288,90.2,3173.0,3082.8,1054.3,1934.463424,54.8,1687.0,1632.2,473.2783333,891.7012048,35.4,1858.53,11.28656,4.02892,11.28656,4.02892,4.02892,4.02892,11.28656,11.28656,11.28656,1,3,3,14747.8,1.28699,2490.22,1688.54,1312.01,498.397,337.948,262.588,3156.02,0.214,0.16628,299.38,0.0203,0.0157733,0.0,0.5,0.0,0.25,0.0,0.25,0.0,0.0,0.0,0.0,0,0.0,0,0.0,0,0.0,0,0.0,0.0,0,0,0.0,0,0,0,0,0,0,3
LTA,8,14,6,9.833333333,3.689323937,1.52,2.1,0.58,1.67,0.31822424,80,101,21,94.83333333,12.50111106,10.0,17.36,7.36,15.25,4.302983461,0.02658,235.0,234.97342,64.18438667,132.9250288,90.2,3173.0,3082.8,1054.3,1934.463424,54.8,1687.0,1632.2,473.2783333,891.7012048,35.4,1858.53,11.27217,4.03904,11.27217,4.03904,4.03904,4.03439,11.27217,11.27217,11.27215,1,3,3,14759.9,1.28593,2491.79,1688.22,1312.84,500.98,339.421,263.949,3157.13,0.2139,0.166338,307.005,0.0208,0.016175,0.0,0.5,0.0,0.25,0.0,0.25,0.0,0.0,0.0,0.0,0,0.0,0,0.0,0,0.0,0,0.0,0.0,0,0,0.0,0,0,0,0,0,0,3
LTA,8,14,6,9.833333333,3.689323937,1.52,2.1,0.58,1.67,0.31822424,80,101,21,94.83333333,12.50111106,10.0,17.36,7.36,15.25,4.302983461,0.02658,235.0,234.97342,64.18438667,132.9250288,90.2,3173.0,3082.8,1054.3,1934.463424,54.8,1687.0,1632.2,473.2783333,891.7012048,35.4,1858.53,11.25281,4.06641,11.25281,4.06641,4.06641,4.06641,11.25281,11.25281,11.25281,1,3,3,14764.9,1.28549,2491.95,1687.75,1312.92,497.509,336.954,262.12,3164.12,0.2143,0.166706,301.204,0.0204,0.0158694,0.0,0.5,0.0,0.25,0.0,0.25,0.0,0.0,0.0,0.0,0,0.0,0,0.0,0,0.0,0,0.0,0.0,0,0,0.0,0,0,0,0,0,0,3
LTA,8,14,6,9.833333333,3.689323937,1.52,2.1,0.58,1.67,0.31822424,80,101,21,94.83333333,12.50111106,10.0,17.36,7.36,15.25,4.302983461,0.02658,235.0,234.97342,64.18438667,132.9250288,90.2,3173.0,3082.8,1054.3,1934.463424,54.8,1687.0,1632.2,473.2783333,891.7012048,35.4,1858.53,11.23627,3.94649,11.23627,3.94649,3.94649,3.94649,11.23627,11.23627,11.23627,1,3,3,14765.6,1.28543,2502.98,1695.14,1318.73,525.596,355.959,276.918,3118.5,0.2112,0.164303,333.703,0.0226,0.0175817,0.0,0.5,0.0,0.25,0.0,0.25,0.0,0.0,0.0,0.0,0,0.0,0,0.0,0,0.0,0,0.0,0.0,0,0,0.0,0,0,0,0,0,0,3
LTA,8,14,6,9.833333333,3.689323937,1.52,2.1,0.58,1.67,0.31822424,80,101,21,94.83333333,12.50111106,10.0,17.36,7.36,15.25,4.302983461,0.02658,235.0,234.97342,64.18438667,132.9250288,90.2,3173.0,3082.8,1054.3,1934.463424,54.8,1687.0,1632.2,473.2783333,891.7012048,35.4,1858.53,11.24088,4.01369,11.24088,4.01369,4.01369,4.01369,11.24088,11.24088,11.24088,1,3,3,14749.9,1.2868,2472.74,1676.44,1302.8,494.708,335.397,260.644,3118.13,0.2114,0.164284,287.624,0.0195,0.0151539,0.0,0.5,0.0,0.25,0.0,0.25,0.0,0.0,0.0,0.0,0,0.0,0,0.0,0,0.0,0,0.0,0.0,0,0,0.0,0,0,0,0,0,0,3
LTA,8,14,6,9.833333333,3.689323937,1.52,2.1,0.58,1.67,0.31822424,80,101,21,94.83333333,12.50111106,10.0,17.36,7.36,15.25,4.302983461,0.02658,235.0,234.97342,64.18438667,132.9250288,90.2,3173.0,3082.8,1054.3,1934.463424,54.8,1687.0,1632.2,473.2783333,891.7012048,35.4,1858.53,11.33215,4.13847,11.33215,4.13389,4.13847,4.1342,11.33215,11.33215,11.33215,1,3,3,14749.9,1.2868,2501.59,1696.0,1318.0,482.784,327.313,254.362,3196.31,0.2167,0.168402,281.724,0.0191,0.014843,0.0,0.5,0.0,0.25,0.0,0.25,0.0,0.0,0.0,0.0,0,0.0,0,0.0,0,0.0,0,0.0,0.0,0,0,0.0,0,0,0,0,0,0,3
LTA,8,14,6,9.833333333,3.689323937,1.52,2.1,0.58,1.67,0.31822424,80,101,21,94.83333333,12.50111106,10.0,17.36,7.36,15.25,4.302983461,0.02658,235.0,234.97342,64.18438667,132.9250288,90.2,3173.0,3082.8,1054.3,1934.463424,54.8,1687.0,1632.2,473.2783333,891.7012048,35.4,1858.53,11.23022,4.1314,11.2302,4.1314,4.1314,4.1314,11.23022,11.2302,11.2302,1,3,3,14765.3,1.28546,2483.79,1682.19,1308.62,490.567,332.244,258.463,3170.1,0.2147,0.167022,289.399,0.0196,0.0152474,0.0,0.5,0.0,0.25,0.0,0.25,0.0,0.0,0.0,0.0,0,0.0,0,0.0,0,0.0,0,0.0,0.0,0,0,0.0,0,0,0,0,0,0,3
LTA,8,14,6,9.833333333,3.689323937,1.52,2.1,0.58,1.67,0.31822424,80,101,21,94.83333333,12.50111106,10.0,17.36,7.36,15.25,4.302983461,0.02658,235.0,234.97342,64.18438667,132.9250288,90.2,3173.0,3082.8,1054.3,1934.463424,54.8,1687.0,1632.2,473.2783333,891.7012048,35.4,1858.53,11.21027,4.13335,11.21027,4.13335,4.13335,4.13335,11.21027,11.21027,11.21027,1,3,3,14768.5,1.28518,2480.23,1679.4,1306.75,495.687,335.638,261.16,3158.99,0.2139,0.166436,293.893,0.0199,0.0154842,0.0,0.5,0.0,0.25,0.0,0.25,0.0,0.0,0.0,0.0,0,0.0,0,0.0,0,0.0,0,0.0,0.0,0,0,0.0,0,0,0,0,0,0,3
LTA,8,14,6,9.833333333,3.689323937,1.52,2.1,0.58,1.67,0.31822424,80,101,21,94.83333333,12.50111106,10.0,17.36,7.36,15.25,4.302983461,0.02658,235.0,234.97342,64.18438667,132.9250288,90.2,3173.0,3082.8,1054.3,1934.463424,54.8,1687.0,1632.2,473.2783333,891.7012048,35.4,1858.53,11.19176,4.12393,11.19174,4.12393,4.12393,4.12393,11.19176,11.19174,11.19174,1,3,3,14770.9,1.28498,2477.3,1677.15,1305.2,493.806,334.311,260.169,3144.72,0.2129,0.165684,293.94,0.0199,0.0154867,0.0,0.5,0.0,0.25,0.0,0.25,0.0,0.0,0.0,0.0,0,0.0,0,0.0,0,0.0,0,0.0,0.0,0,0,0.0,0,0,0,0,0,0,3
LTA,8,14,6,9.833333333,3.689323937,1.52,2.1,0.58,1.67,0.31822424,80,101,21,94.83333333,12.50111106,10.0,17.36,7.36,15.25,4.302983461,0.02658,235.0,234.97342,64.18438667,132.9250288,90.2,3173.0,3082.8,1054.3,1934.463424,54.8,1687.0,1632.2,473.2783333,891.7012048,35.4,1858.53,11.28425,4.02168,11.28425,4.02168,4.02168,4.02168,11.28425,11.28425,11.28425,1,3,3,14752.6,1.28656,2502.87,1696.56,1318.67,472.368,320.193,248.874,3165.92,0.2146,0.166801,278.825,0.0189,0.0146903,0.0,0.5,0.0,0.25,0.0,0.25,0.0,0.0,0.0,0.0,0,0.0,0,0.0,0,0.0,0,0.0,0.0,0,0,0.0,0,0,0,0,0,0,3
LTA,8,14,6,9.833333333,3.689323937,1.52,2.1,0.58,1.67,0.31822424,80,101,21,94.83333333,12.50111106,10.0,17.36,7.36,15.25,4.302983461,0.02658,235.0,234.97342,64.18438667,132.9250288,90.2,3173.0,3082.8,1054.3,1934.463424,54.8,1687.0,1632.2,473.2783333,891.7012048,35.4,1858.53,11.27921,4.03049,11.27921,4.03049,4.03049,4.03049,11.27921,11.27921,11.27921,1,3,3,14714.4,1.28991,2484.76,1688.66,1309.13,489.313,332.54,257.802,3153.3,0.2143,0.166136,292.817,0.0199,0.0154275,0.0,0.5,0.0,0.25,0.0,0.25,0.0,0.0,0.0,0.0,0,0.0,0,0.0,0,0.0,0,0.0,0.0,0,0,0.0,0,0,0,0,0,0,3
LTA,8,14,6,9.833333333,3.689323937,1.52,2.1,0.58,1.67,0.31822424,80,101,21,94.83333333,12.50111106,10.0,17.36,7.36,15.25,4.302983461,0.02658,235.0,234.97342,64.18438667,132.9250288,90.2,3173.0,3082.8,1054.3,1934.463424,54.8,1687.0,1632.2,473.2783333,891.7012048,35.4,1858.53,11.26876,4.0024,11.26876,4.0024,4.0024,4.0024,11.26876,11.26876,11.26876,1,3,3,14727.0,1.2888,2479.79,1683.84,1306.51,475.3,322.74,250.419,3156.0,0.2143,0.166279,273.923,0.0186,0.014432,0.0,0.5,0.0,0.25,0.0,0.25,0.0,0.0,0.0,0.0,0,0.0,0,0.0,0,0.0,0,0.0,0.0,0,0,0.0,0,0,0,0,0,0,3
LTA,8,14,6,9.833333333,3.689323937,1.52,2.1,0.58,1.67,0.31822424,80,101,21,94.83333333,12.50111106,10.0,17.36,7.36,15.25,4.302983461,0.02658,235.0,234.97342,64.18438667,132.9250288,90.2,3173.0,3082.8,1054.3,1934.463424,54.8,1687.0,1632.2,473.2783333,891.7012048,35.4,1858.53,11.25759,3.97833,11.25759,3.97833,3.97833,3.97833,11.25759,11.25759,11.25759,1,3,3,14728.5,1.28867,2476.36,1681.34,1304.7,482.501,327.598,254.213,3132.74,0.2127,0.165053,279.841,0.019,0.0147438,0.0,0.5,0.0,0.25,0.0,0.25,0.0,0.0,0.0,0.0,0,0.0,0,0.0,0,0.0,0,0.0,0.0,0,0,0.0,0,0,0,0,0,0,3
LTA,8,14,6,9.833333333,3.689323937,1.52,2.1,0.58,1.67,0.31822424,80,101,21,94.83333333,12.50111106,10.0,17.36,7.36,15.25,4.302983461,0.02658,235.0,234.97342,64.18438667,132.9250288,90.2,3173.0,3082.8,1054.3,1934.463424,54.8,1687.0,1632.2,473.2783333,891.7012048,35.4,1858.53,11.26506,3.98568,11.26506,3.98568,3.98568,3.98568,11.26506,11.26506,11.26506,1,3,3,14744.7,1.28726,2475.68,1679.03,1304.35,490.16,332.431,258.248,3131.77,0.2124,0.165002,287.522,0.0195,0.0151485,0.0,0.5,0.0,0.25,0.0,0.25,0.0,0.0,0.0,0.0,0,0.0,0,0.0,0,0.0,0,0.0,0.0,0,0,0.0,0,0,0,0,0,0,3
LTA,8,14,6,9.833333333,3.689323937,1.52,2.1,0.58,1.67,0.31822424,80,101,21,94.83333333,12.50111106,10.0,17.36,7.36,15.25,4.302983461,0.02658,235.0,234.97342,64.18438667,132.9250288,90.2,3173.0,3082.8,1054.3,1934.463424,54.8,1687.0,1632.2,473.2783333,891.7012048,35.4,1858.53,11.27357,3.99815,11.27357,3.99815,3.99815,3.99815,11.27357,11.27357,11.27357,1,3,3,14755.2,1.28634,2480.11,1680.85,1306.69,494.948,335.441,260.771,3148.75,0.2134,0.165897,290.677,0.0197,0.0153147,0.0,0.5,0.0,0.25,0.0,0.25,0.0,0.0,0.0,0.0,0,0.0,0,0.0,0,0.0,0,0.0,0.0,0,0,0.0,0,0,0,0,0,0,3
LTA,8,14,6,9.833333333,3.689323937,1.52,2.1,0.58,1.67,0.31822424,80,101,21,94.83333333,12.50111106,10.0,17.36,7.36,15.25,4.302983461,0.02658,235.0,234.97342,64.18438667,132.9250288,90.2,3173.0,3082.8,1054.3,1934.463424,54.8,1687.0,1632.2,473.2783333,891.7012048,35.4,1858.53,11.26343,3.97154,11.26343,3.97154,3.97154,3.97154,11.26343,11.26343,11.26343,1,3,3,14765.8,1.28542,2483.12,1681.67,1308.27,496.644,336.347,261.664,3146.59,0.2131,0.165783,292.363,0.0198,0.0154036,0.0,0.5,0.0,0.25,0.0,0.25,0.0,0.0,0.0,0.0,0,0.0,0,0.0,0,0.0,0,0.0,0.0,0,0,0.0,0,0,0,0,0,0,3
LTA,8,14,6,9.833333333,3.689323937,1.52,2.1,0.58,1.67,0.31822424,80,101,21,94.83333333,12.50111106,10.0,17.36,7.36,15.25,4.302983461,0.02658,235.0,234.97342,64.18438667,132.9250288,90.2,3173.0,3082.8,1054.3,1934.463424,54.8,1687.0,1632.2,473.2783333,891.7012048,35.4,1858.53,11.23831,3.93766,11.23831,3.93766,3.93766,3.93766,11.23831,11.23831,11.23831,1,3,3,14729.0,1.28863,2466.98,1674.91,1299.76,473.414,321.416,249.425,3115.18,0.2115,0.164128,272.487,0.0185,0.0143564,0.0,0.5,0.0,0.25,0.0,0.25,0.0,0.0,0.0,0.0,0,0.0,0,0.0,0,0.0,0,0.0,0.0,0,0,0.0,0,0,0,0,0,0,3
SOD,8,14,6,9.833333333,3.689323937,1.52,2.1,0.58,1.67,0.31822424,80,101,21,94.83333333,12.50111106,10.0,17.36,7.36,15.25,4.302983461,0.02658,235.0,234.97342,64.18438667,132.9250288,90.2,3173.0,3082.8,1054.3,1934.463424,54.8,1687.0,1632.2,473.2783333,891.7012048,35.4,1858.53,5.88187,1.53884,5.88187,1.53884,1.53884,1.53884,5.88187,5.88187,5.88187,0,0,0,697.864,1.69985,0.0,0.0,0.0,93.6849,1342.45,789.749,0.0,0.0,0.0,45.3612,0.065,0.0382387,0.0,0.5,0.0,0.5,0.0,0.0,0.0,0.0,0.0,0.0,0,0.0,0,0.0,0,0.0,0,0.0,0.0,0,0,0.0,0,0,0,0,0,0,1
BCT,8,15,7,9.4,4.949747468,1.52,1.8,0.28,1.576,0.197989899,90,101,11,98.8,7.778174593,17.02,17.36,0.34,17.292,0.240416306,0.02658,0.236,0.20942,0.068464,0.148082302,90.2,550.0,459.8,182.16,325.127698,54.8,317.3,262.5,107.3,185.6155301,35.4,232.7,2.92501,2.77007,2.92501,2.77007,2.28129,2.32182,2.92501,2.92501,2.92309,0,0,0,410.442,1.53689,0.0,0.0,0.0,6.84976,166.887,108.587,0.0,0.0,0.0,0.164177,0.0004,0.000260265,0.0,0.333333333,0.0,0.333333333,0.0,0.333333333,0.0,0.0,0.0,0.0,0,0.0,0,0.0,0,0.0,0,0.0,0.0,0,0,0.0,0,0,0,0,0,0,7
BCT,8,15,7,9.4,4.949747468,1.52,1.8,0.28,1.576,0.197989899,90,101,11,98.8,7.778174593,17.02,17.36,0.34,17.292,0.240416306,0.02658,0.236,0.20942,0.068464,0.148082302,90.2,550.0,459.8,182.16,325.127698,54.8,317.3,262.5,107.3,185.6155301,35.4,232.7,3.03121,2.78781,3.03121,2.78781,2.38937,2.47278,3.03121,3.03121,3.03121,0,0,0,448.651,1.40601,0.0,0.0,0.0,19.801,441.344,313.9,0.0,0.0,0.0,0.717841,0.0016,0.00113798,0.0,0.333333333,0.0,0.333333333,0.0,0.333333333,0.0,0.0,0.0,0.0,0,0.0,0,0.0,0,0.0,0,0.0,0.0,0,0,0.0,0,0,0,0,0,0,7
GIS,8,14,6,9.833333333,3.689323937,1.52,2.1,0.58,1.67,0.31822424,80,101,21,94.83333333,12.50111106,10.0,17.36,7.36,15.25,4.302983461,0.02658,235.0,234.97342,64.18438667,132.9250288,90.2,3173.0,3082.8,1054.3,1934.463424,54.8,1687.0,1632.2,473.2783333,891.7012048,35.4,1858.53,4.82273,3.27699,4.77658,2.86823,3.15545,3.27699,4.81533,4.82273,4.77658,1,3,3,1046.16,1.51189,249.645,2386.29,1578.35,0.0,0.0,0.0,80.6593,0.0771,0.0509958,0.0,0.0,0.0,0.0,0.666666667,0.0,0.0,0.0,0.333333333,0.0,0.0,0.0,0.0,0,0.0,0,0.0,0,0.0,0,0.0,0.0,0,0,0.0,0,0,0,0,0,0,0
BCT,8,15,7,9.4,4.949747468,1.52,1.8,0.28,1.576,0.197989899,90,101,11,98.8,7.778174593,17.02,17.36,0.34,17.292,0.240416306,0.02658,0.236,0.20942,0.068464,0.148082302,90.2,550.0,459.8,182.16,325.127698,54.8,317.3,262.5,107.3,185.6155301,35.4,232.7,3.13159,2.96299,3.13159,2.96299,2.36011,2.45108,3.13159,3.13159,3.13159,2,1,1,452.023,1.39552,34.4796,762.783,546.596,0.0,0.0,0.0,2.03411,0.0045,0.00322462,0.0,0.0,0.0,0.0,0.333333333,0.0,0.333333333,0.0,0.333333333,0.0,0.0,0.0,0.0,0,0.0,0,0.0,0,0.0,0,0.0,0.0,0,0,0.0,0,0,0,0,0,0,7
ANA,8,14,6,9.888888889,3.820994635,1.52,2.1,0.58,1.684444444,0.345919066,80,101,21,95.11111111,12.00833044,10.0,17.36,7.36,15.36444444,4.094462114,0.02658,235.0,234.97342,59.46216444,124.059398,90.2,3173.0,3082.8,1075.466667,1988.294065,54.8,1687.0,1632.2,515.1411111,971.2994236,35.4,1858.53,4.31365,2.50375,4.31365,2.50375,2.50375,2.50375,4.31365,4.31365,4.31365,0,0,0,2593.94,1.83494,0.0,0.0,0.0,238.831,920.726,501.775,0.0,0.0,0.0,57.8449,0.0223,0.012153,0.0,0.333333333,0.0,0.333333333,0.0,0.333333333,0.0,0.0,0.0,0.0,0,0.0,0,0.0,0,0.0,0,0.0,0.0,0,0,0.0,0,0,0,0,0,0,0
LAU,8,14,6,9.888888889,3.820994635,1.52,2.1,0.58,1.684444444,0.345919066,80,101,21,95.11111111,12.00833044,10.0,17.36,7.36,15.36444444,4.094462114,0.02658,235.0,234.97342,59.46216444,124.059398,90.2,3173.0,3082.8,1075.466667,1988.294065,54.8,1687.0,1632.2,515.1411111,971.2994236,35.4,1858.53,6.05555,3.95909,6.05555,3.95909,2.09161,2.09161,6.05555,6.05555,6.05555,2,1,1,1349.59,1.7634,184.849,1369.68,776.725,0.0,0.0,0.0,110.936,0.0822,0.0466145,0.0,0.0,0.0,0.0,0.333333333,0.0,0.555555556,0.0,0.0,0.0,0.111111111,0.0,0.0,0,0.0,0,0.0,0,0.0,0,0.0,0.0,0,0,0.0,0,0,0,0,0,0,0
CHI,8,14,6,9.666666667,4.242640687,1.52,2.1,0.58,1.681111111,0.410121933,85,101,16,96.55555556,11.3137085,12.06,17.36,5.3,15.88777778,3.74766594,0.02658,150.0,149.97342,41.68586333,106.0472223,90.2,3173.0,3082.8,946.5333333,2179.868785,54.8,1687.0,1632.2,508.1888889,1154.139688,35.4,1486.0,3.66303,3.22034,3.56412,1.68538,3.22034,1.31364,3.38509,3.56412,3.66303,4,1,1,1341.38,1.72527,98.4027,733.592,425.205,4.94668,36.8775,21.375,15.4259,0.0115,0.00666564,0.402414,0.0003,0.000173886,0.0,0.25,0.125,0.375,0.0,0.0,0.125,0.125,0.0,0.0,0,0.0,0,0.0,0,0.0,0,0.0,0.0,0,0,0.0,0,0,0,0,0,0,2
CHI,8,14,6,9.764705882,4.242640687,1.52,2.1,0.58,1.690588235,0.410121933,85,101,16,96.29411765,11.3137085,12.06,17.36,5.3,15.80117647,3.74766594,0.02658,150.0,149.97342,44.13640941,106.0472223,90.2,3173.0,3082.8,996.9058824,2179.868785,54.8,1687.0,1632.2,534.8588235,1154.139688,35.4,1486.0,3.56966,3.21845,3.56966,3.21845,1.15717,2.04045,3.56966,3.56966,3.56966,4,1,1,1342.04,1.64524,93.0382,693.26,421.374,6.90294,51.4362,31.2637,14.494,0.0108,0.0065644,0.268408,0.0002,0.000121563,0.0,0.25,0.125,0.375,0.0,0.0,0.125,0.125,0.0,0.0,0,0.0,0,0.0,0,0.0,0,0.0,0.0,0,0,0.0,0,0,0,0,0,0,2
LOS,8,32,24,12.83333333,12.39399496,1.52,2.11,0.59,1.671666667,0.322740005,80,101,21,94.66666667,12.77149604,10.0,17.36,7.36,15.51166667,3.982649174,0.02658,235.0,234.97342,49.18438667,121.5324092,90.2,3093.0,3002.8,1040.966667,1905.49972,54.8,1211.4,1156.6,394.0116667,687.8462038,35.4,1881.6,6.35457,1.79573,4.20922,1.50143,1.50143,1.79573,6.35457,6.17216,4.20922,0,0,0,1515.25,2.15128,0.0,0.0,0.0,206.756,1364.5,634.273,0.0,0.0,0.0,125.614,0.0829,0.0385352,0.0,0.2,0.0,0.8,0.0,0.0,0.0,0.0,0.0,0.0,0,0.0,0,0.0,0,0.0,0,0.0,0.0,0,0,0.0,0,0,0,0,0,0,1
LOS,8,32,24,12.83333333,12.39399496,1.52,2.11,0.59,1.671666667,0.322740005,80,101,21,94.66666667,12.77149604,10.0,17.36,7.36,15.51166667,3.982649174,0.02658,235.0,234.97342,49.18438667,121.5324092,90.2,3093.0,3002.8,1040.966667,1905.49972,54.8,1211.4,1156.6,394.0116667,687.8462038,35.4,1881.6,6.30271,1.73568,4.1539,1.51221,1.51221,1.73568,6.30271,6.30271,4.1539,0,0,0,1498.78,2.17493,0.0,0.0,0.0,202.869,1353.56,622.349,0.0,0.0,0.0,120.352,0.0803,0.0369207,0.0,0.2,0.0,0.8,0.0,0.0,0.0,0.0,0.0,0.0,0,0.0,0,0.0,0,0.0,0,0.0,0.0,0,0,0.0,0,0,0,0,0,0,1
CAN,8,14,6,9.833333333,3.689323937,1.52,2.1,0.58,1.67,0.31822424,80,101,21,94.83333333,12.50111106,10.0,17.36,7.36,15.25,4.302983461,0.02658,235.0,234.97342,64.18438667,132.9250288,90.2,3173.0,3082.8,1054.3,1934.463424,54.8,1687.0,1632.2,473.2783333,891.7012048,35.4,1858.53,6.17922,5.81027,6.17922,1.43864,1.43864,5.81027,6.17922,6.17922,6.17922,1,1,1,707.037,1.6778,62.6032,885.43,527.735,33.4606,473.251,282.067,47.5836,0.0673,0.0401122,9.05007,0.0128,0.00762906,0.0,0.25,0.0,0.5,0.0,0.0,0.0,0.0,0.0,0.25,0,0.0,0,0.0,0,0.0,0,0.0,0.0,0,0,0.0,0,0,0,0,0,0,0
LAU,8,14,6,9.888888889,3.820994635,1.52,2.1,0.58,1.684444444,0.345919066,80,101,21,95.11111111,12.00833044,10.0,17.36,7.36,15.36444444,4.094462114,0.02658,235.0,234.97342,59.46216444,124.059398,90.2,3173.0,3082.8,1075.466667,1988.294065,54.8,1687.0,1632.2,515.1411111,971.2994236,35.4,1858.53,6.1301,4.03669,6.00179,2.10291,2.10291,4.03669,6.1301,6.00179,6.00179,2,1,1,1433.94,1.65966,202.248,1410.43,849.832,0.0,0.0,0.0,132.783,0.0926,0.0557945,0.0,0.0,0.0,0.0,0.333333333,0.0,0.555555556,0.0,0.0,0.0,0.111111111,0.0,0.0,0,0.0,0,0.0,0,0.0,0,0.0,0.0,0,0,0.0,0,0,0,0,0,0,0
FAU,8,14,6,9.833333333,3.689323937,1.52,2.1,0.58,1.67,0.31822424,80,101,21,94.83333333,12.50111106,10.0,17.36,7.36,15.25,4.302983461,0.02658,235.0,234.97342,64.18438667,132.9250288,90.2,3173.0,3082.8,1054.3,1934.463424,54.8,1687.0,1632.2,473.2783333,891.7012048,35.4,1858.53,11.61337,7.40876,11.61337,7.40876,7.40876,7.40876,11.61337,11.61337,11.61337,1,3,3,15643.8,1.21328,2472.26,1580.35,1302.55,413.973,264.625,218.108,4403.72,0.2815,0.232016,212.755,0.0136,0.0112093,0.0,0.4,0.0,0.4,0.0,0.0,0.0,0.0,0.0,0.2,0,0.0,0,0.0,0,0.0,0,0.0,0.0,0,0,0.0,0,0,0,0,0,0,3
FAU,8,14,6,9.833333333,3.689323937,1.52,2.1,0.58,1.67,0.31822424,80,101,21,94.83333333,12.50111106,10.0,17.36,7.36,15.25,4.302983461,0.02658,235.0,234.97342,64.18438667,132.9250288,90.2,3173.0,3082.8,1054.3,1934.463424,54.8,1687.0,1632.2,473.2783333,891.7012048,35.4,1858.53,11.41307,7.29941,11.41307,7.29941,7.29941,7.29941,11.41307,11.41306,11.41307,1,3,3,15643.8,1.21328,2503.96,1600.61,1319.25,423.48,270.702,223.117,4350.53,0.2781,0.229214,225.27,0.0144,0.0118687,0.0,0.4,0.0,0.4,0.0,0.0,0.0,0.0,0.0,0.2,0,0.0,0,0.0,0,0.0,0,0.0,0.0,0,0,0.0,0,0,0,0,0,0,3
TON,8,14,6,10.0,4.242640687,1.52,2.1,0.58,1.713333333,0.410121933,85,101,16,95.66666667,11.3137085,12.06,17.36,5.3,15.59333333,3.74766594,0.02658,150.0,149.97342,50.01772,106.0472223,90.2,3173.0,3082.8,1117.8,2179.868785,54.8,1687.0,1632.2,598.8666667,1154.139688,35.4,1486.0,5.30069,4.7801,5.30069,1.73134,1.33002,4.7801,5.25665,5.30069,5.30069,2,1,1,1203.55,1.98955,120.243,999.068,502.157,0.0,0.0,0.0,68.6022,0.057,0.0286496,0.0,0.0,0.0,0.0,0.0,0.2,0.6,0.0,0.0,0.0,0.2,0.0,0.0,0,0.0,0,0.0,0,0.0,0,0.0,0.0,0,0,0.0,0,0,0,0,0,0,2
NAT,8,14,6,9.866666667,3.763072453,1.52,2.1,0.58,1.678666667,0.334685353,80,101,21,95.0,12.19265001,10.0,17.36,7.36,15.31866667,4.17427667,0.02658,235.0,234.97342,61.35105333,127.5581437,90.2,3173.0,3082.8,1067.0,1963.904425,54.8,1687.0,1632.2,498.396,939.0837544,35.4,1858.53,3.45762,2.62476,3.45762,2.60018,2.62476,2.62476,3.45762,3.45762,3.45762,0,0,0,2248.26,1.76205,0.0,0.0,0.0,150.405,668.985,379.663,0.0,0.0,0.0,14.8385,0.0066,0.00374564,0.0,0.5,0.0,0.0,0.0,0.25,0.25,0.0,0.0,0.0,0,0.0,0,0.0,0,0.0,0,0.0,0.0,0,0,0.0,0,0,0,0,0,0,0
NAT,8,14,6,9.866666667,3.763072453,1.52,2.1,0.58,1.678666667,0.334685353,80,101,21,95.0,12.19265001,10.0,17.36,7.36,15.31866667,4.17427667,0.02658,235.0,234.97342,61.35105333,127.5581437,90.2,3173.0,3082.8,1067.0,1963.904425,54.8,1687.0,1632.2,498.396,939.0837544,35.4,1858.53,3.4664,2.635,3.4664,2.61081,2.635,2.635,3.4664,3.4664,3.4664,0,0,0,2248.26,1.76205,0.0,0.0,0.0,154.938,689.145,391.105,0.0,0.0,0.0,15.0633,0.0067,0.00380239,0.0,0.5,0.0,0.0,0.0,0.25,0.25,0.0,0.0,0.0,0,0.0,0,0.0,0,0.0,0,0.0,0.0,0,0,0.0,0,0,0,0,0,0,0
NAT,8,14,6,9.866666667,3.763072453,1.52,2.1,0.58,1.678666667,0.334685353,80,101,21,95.0,12.19265001,10.0,17.36,7.36,15.31866667,4.17427667,0.02658,235.0,234.97342,61.35105333,127.5581437,90.2,3173.0,3082.8,1067.0,1963.904425,54.8,1687.0,1632.2,498.396,939.0837544,35.4,1858.53,3.47515,2.64668,3.47515,2.61986,2.64668,2.64668,3.47515,3.47515,3.47515,0,0,0,2248.26,1.76205,0.0,0.0,0.0,159.345,708.748,402.23,0.0,0.0,0.0,15.513,0.0069,0.0039159,0.0,0.5,0.0,0.0,0.0,0.25,0.25,0.0,0.0,0.0,0,0.0,0,0.0,0,0.0,0,0.0,0.0,0,0,0.0,0,0,0,0,0,0,0
NAT,8,14,6,9.866666667,3.763072453,1.52,2.1,0.58,1.678666667,0.334685353,80,101,21,95.0,12.19265001,10.0,17.36,7.36,15.31866667,4.17427667,0.02658,235.0,234.97342,61.35105333,127.5581437,90.2,3173.0,3082.8,1067.0,1963.904425,54.8,1687.0,1632.2,498.396,939.0837544,35.4,1858.53,3.47293,2.64123,3.47293,2.62091,2.64123,2.64123,3.47293,3.47293,3.47293,0,0,0,2248.26,1.76205,0.0,0.0,0.0,157.975,702.653,398.771,0.0,0.0,0.0,15.2882,0.0068,0.00385914,0.0,0.5,0.0,0.0,0.0,0.25,0.25,0.0,0.0,0.0,0,0.0,0,0.0,0,0.0,0,0.0,0.0,0,0,0.0,0,0,0,0,0,0,0
CAN,8,14,6,9.833333333,3.689323937,1.52,2.1,0.58,1.67,0.31822424,80,101,21,94.83333333,12.50111106,10.0,17.36,7.36,15.25,4.302983461,0.02658,235.0,234.97342,64.18438667,132.9250288,90.2,3173.0,3082.8,1054.3,1934.463424,54.8,1687.0,1632.2,473.2783333,891.7012048,35.4,1858.53,6.16966,5.79988,6.16966,1.47249,1.47249,5.79988,6.16966,6.16966,6.16966,1,1,1,708.781,1.67366,62.7883,885.863,529.296,33.8974,478.249,285.75,46.9922,0.0663,0.0396137,8.93064,0.0126,0.00752839,0.0,0.25,0.0,0.5,0.0,0.0,0.0,0.0,0.0,0.25,0,0.0,0,0.0,0,0.0,0,0.0,0.0,0,0,0.0,0,0,0,0,0,0,0
SOD,8,14,6,9.833333333,3.689323937,1.52,2.1,0.58,1.67,0.31822424,80,101,21,94.83333333,12.50111106,10.0,17.36,7.36,15.25,4.302983461,0.02658,235.0,234.97342,64.18438667,132.9250288,90.2,3173.0,3082.8,1054.3,1934.463424,54.8,1687.0,1632.2,473.2783333,891.7012048,35.4,1858.53,6.53961,2.25791,6.53961,2.25791,2.25791,2.25791,6.53961,6.53961,6.53961,0,0,0,753.571,1.57419,0.0,0.0,0.0,134.318,1782.42,1132.28,0.0,0.0,0.0,75.131,0.0997,0.0633342,0.0,0.5,0.0,0.5,0.0,0.0,0.0,0.0,0.0,0.0,0,0.0,0,0.0,0,0.0,0,0.0,0.0,0,0,0.0,0,0,0,0,0,0,1
LAU,8,14,6,9.888888889,3.820994635,1.52,2.1,0.58,1.684444444,0.345919066,80,101,21,95.11111111,12.00833044,10.0,17.36,7.36,15.36444444,4.094462114,0.02658,235.0,234.97342,59.46216444,124.059398,90.2,3173.0,3082.8,1075.466667,1988.294065,54.8,1687.0,1632.2,515.1411111,971.2994236,35.4,1858.53,6.05628,4.01902,6.01138,4.01902,2.04007,2.04007,6.01138,6.05628,6.05628,2,1,1,1356.2,1.75479,187.913,1385.58,789.598,0.0,0.0,0.0,110.531,0.0815,0.0464442,0.0,0.0,0.0,0.0,0.333333333,0.0,0.555555556,0.0,0.0,0.0,0.111111111,0.0,0.0,0,0.0,0,0.0,0,0.0,0,0.0,0.0,0,0,0.0,0,0,0,0,0,0,0
YUG,8,14,6,9.916666667,3.904210182,1.52,2.1,0.58,1.691666667,0.36046795,80,101,21,95.25,11.80012106,10.0,17.36,7.36,15.42166667,4.000442118,0.02658,235.0,234.97342,57.10105333,119.7129726,90.2,3173.0,3082.8,1086.05,2024.567005,54.8,1687.0,1632.2,536.0725,1012.900745,35.4,1858.53,3.90504,3.12466,3.90504,3.12466,1.31228,2.8256,3.90504,3.76727,3.6696,2,2,2,876.129,1.81368,130.592,1490.55,821.84,0.0,0.0,0.0,26.8972,0.0307,0.0169269,0.0,0.0,0.0,0.0,0.333333333,0.166666667,0.0,0.0,0.5,0.0,0.0,0.0,0.0,0,0.0,0,0.0,0,0.0,0,0.0,0.0,0,0,0.0,0,0,0,0,0,0,0
GIS,8,14,6,9.779661017,3.71720958,1.52,2.1,0.58,1.667118644,0.323135375,80,101,21,95.08474576,12.44777325,10.0,17.36,7.36,15.33898305,4.27846729,0.02658,235.0,234.97342,61.28920678,131.7831633,90.2,3173.0,3082.8,1024.847458,1946.705693,54.8,1687.0,1632.2,465.4784746,905.757842,35.4,1858.53,4.82652,3.26694,4.82652,3.26694,2.88817,3.16814,4.82652,4.82652,4.82652,1,3,3,1046.4,1.51154,251.791,2406.25,1591.92,0.0,0.0,0.0,82.6658,0.079,0.0522644,0.0,0.0,0.0,0.0,0.666666667,0.0,0.0,0.0,0.333333333,0.0,0.0,0.0,0.0,0,0.0,0,0.0,0,0.0,0,0.0,0.0,0,0,0.0,0,0,0,0,0,0,0
NAT,8,14,6,9.866666667,3.763072453,1.52,2.1,0.58,1.678666667,0.334685353,80,101,21,95.0,12.19265001,10.0,17.36,7.36,15.31866667,4.17427667,0.02658,235.0,234.97342,61.35105333,127.5581437,90.2,3173.0,3082.8,1067.0,1963.904425,54.8,1687.0,1632.2,498.396,939.0837544,35.4,1858.53,3.44074,2.61176,3.44074,2.58459,2.61176,2.61176,3.44074,3.44074,3.44074,0,0,0,2250.13,1.76058,0.0,0.0,0.0,148.411,659.565,374.629,0.0,0.0,0.0,12.8257,0.0057,0.00323757,0.0,0.5,0.0,0.0,0.0,0.25,0.25,0.0,0.0,0.0,0,0.0,0,0.0,0,0.0,0,0.0,0.0,0,0,0.0,0,0,0,0,0,0,0
CAN,8,14,6,9.833333333,3.689323937,1.52,2.1,0.58,1.67,0.31822424,80,101,21,94.83333333,12.50111106,10.0,17.36,7.36,15.25,4.302983461,0.02658,235.0,234.97342,64.18438667,132.9250288,90.2,3173.0,3082.8,1054.3,1934.463424,54.8,1687.0,1632.2,473.2783333,891.7012048,35.4,1858.53,6.26557,5.89851,6.26557,1.54662,1.54662,5.89851,6.26557,6.26557,6.26557,1,1,1,727.231,1.63121,66.9962,921.251,564.767,34.5052,474.474,290.873,52.9424,0.0728,0.0446296,9.81761,0.0135,0.00827609,0.0,0.25,0.0,0.5,0.0,0.0,0.0,0.0,0.0,0.25,0,0.0,0,0.0,0,0.0,0,0.0,0.0,0,0,0.0,0,0,0,0,0,0,0
CAN,8,14,6,9.833333333,3.689323937,1.52,2.1,0.58,1.67,0.31822424,80,101,21,94.83333333,12.50111106,10.0,17.36,7.36,15.25,4.302983461,0.02658,235.0,234.97342,64.18438667,132.9250288,90.2,3173.0,3082.8,1054.3,1934.463424,54.8,1687.0,1632.2,473.2783333,891.7012048,35.4,1858.53,5.35296,4.9234,5.35296,1.58348,1.58348,4.9234,5.35296,5.35296,5.35296,1,1,1,721.525,1.6441,58.8511,815.65,496.106,40.5079,561.42,341.475,33.4787,0.0464,0.028222,10.895,0.0151,0.00918433,0.0,0.25,0.0,0.5,0.0,0.0,0.0,0.0,0.0,0.25,0,0.0,0,0.0,0,0.0,0,0.0,0.0,0,0,0.0,0,0,0,0,0,0,0
EDI,8,14,6,9.866666667,3.763072453,1.52,2.1,0.58,1.678666667,0.334685353,80,101,21,95.0,12.19265001,10.0,17.36,7.36,15.31866667,4.17427667,0.02658,235.0,234.97342,61.35105333,127.5581437,90.2,3173.0,3082.8,1067.0,1963.904425,54.8,1687.0,1632.2,498.396,939.0837544,35.4,1858.53,4.86241,2.95307,4.86241,2.95307,2.95307,2.24571,4.86241,4.86241,4.83533,1,2,2,602.15,1.64475,106.111,1762.2,1071.41,0.0,0.0,0.0,28.3613,0.0471,0.0286366,0.0,0.0,0.0,0.0,0.5,0.0,0.0,0.0,0.5,0.0,0.0,0.0,0.0,0,0.0,0,0.0,0,0.0,0,0.0,0.0,0,0,0.0,0,0,0,0,0,0,0
EDI,8,14,6,9.866666667,3.763072453,1.52,2.1,0.58,1.678666667,0.334685353,80,101,21,95.0,12.19265001,10.0,17.36,7.36,15.31866667,4.17427667,0.02658,235.0,234.97342,61.35105333,127.5581437,90.2,3173.0,3082.8,1067.0,1963.904425,54.8,1687.0,1632.2,498.396,939.0837544,35.4,1858.53,4.81615,2.9102,4.81615,2.9102,2.9102,2.22249,4.81615,4.79053,4.79053,1,2,2,597.716,1.65695,98.8386,1653.61,997.981,0.0,0.0,0.0,25.3431,0.0424,0.0255892,0.0,0.0,0.0,0.0,0.5,0.0,0.0,0.0,0.5,0.0,0.0,0.0,0.0,0,0.0,0,0.0,0,0.0,0,0.0,0.0,0,0,0.0,0,0,0,0,0,0,0
BIK,8,14,6,9.888888889,3.820994635,1.52,2.1,0.58,1.684444444,0.345919066,80,101,21,95.11111111,12.00833044,10.0,17.36,7.36,15.36444444,4.094462114,0.02658,235.0,234.97342,59.46216444,124.059398,90.2,3173.0,3082.8,1075.466667,1988.294065,54.8,1687.0,1632.2,515.1411111,971.2994236,35.4,1858.53,3.81149,3.25497,3.81149,1.59123,3.25497,0.97711,3.81149,3.81149,3.81149,1,1,1,294.623,2.01941,25.1208,852.645,422.224,0.0,0.0,0.0,5.95138,0.0202,0.0100029,0.0,0.0,0.0,0.0,0.0,0.333333333,0.333333333,0.0,0.333333333,0.0,0.0,0.0,0.0,0,0.0,0,0.0,0,0.0,0,0.0,0.0,0,0,0.0,0,0,0,0,0,0,0
VFI,8,15,7,10.0,4.082482905,1.52,1.84,0.32,1.62,0.200665559,80,101,21,95.66666667,11.4212278,10.0,17.36,7.36,16.07666667,3.847229884,0.02658,235.0,234.97342,39.22372,123.8198386,90.2,2792.0,2701.8,617.1333333,1395.849425,54.8,933.47,878.67,244.995,456.0418076,35.4,1858.53,12.15086,11.53351,12.15086,1.92737,1.86668,11.53351,12.15086,12.08564,12.15086,2,1,1,9909.34,1.47138,1272.37,1284.01,872.655,37.1604,37.5004,25.4865,2568.5,0.2592,0.176161,3.96374,0.0004,0.000271853,0.0,0.125,0.0,0.75,0.0,0.0,0.0,0.0,0.0,0.0,0,0.0,0,0.0,0,0.125,0,0.0,0.0,0,0,0.0,0,0,0,0,0,0,4
SOD,8,26,18,12.73684211,9.836157786,1.52,2.1,0.58,1.721052632,0.36180105,61,101,40,90.05263158,22.0,7.09,17.36,10.27,14.36105263,5.760113389,0.02658,150.0,149.97342,40.54310316,78.24603494,90.2,3173.0,3082.8,1217.757895,2024.403651,54.8,1811.0,1756.2,682.2421053,1127.623615,35.4,1486.0,2.4558,0.71757,2.4558,0.71757,0.71757,0.71757,2.4558,2.4558,2.4558,0,0,0,560.12,2.96239,0.0,0.0,0.0,0.0,0.0,0.0,0.0,0.0,0.0,0.0,0.0,0.0,0.0,0.5,0.0,0.5,0.0,0.0,0.0,0.0,0.0,0.0,0,0.0,0,0.0,0,0.0,0,0.0,0.0,0,0,0.0,0,0,0,0,0,0,5
LTA,8,14,6,9.833333333,3.689323937,1.52,2.1,0.58,1.67,0.31822424,80,101,21,94.83333333,12.50111106,10.0,17.36,7.36,15.25,4.302983461,0.02658,235.0,234.97342,64.18438667,132.9250288,90.2,3173.0,3082.8,1054.3,1934.463424,54.8,1687.0,1632.2,473.2783333,891.7012048,35.4,1858.53,11.10679,3.57199,11.10679,3.57199,3.57199,3.57199,11.10679,11.10679,11.10679,1,3,3,14886.9,1.27496,2496.2,1676.77,1315.16,592.173,397.78,311.995,3016.09,0.2026,0.158907,390.038,0.0262,0.0205497,0.0,0.5,0.0,0.25,0.0,0.25,0.0,0.0,0.0,0.0,0,0.0,0,0.0,0,0.0,0,0.0,0.0,0,0,0.0,0,0,0,0,0,0,3
NAT,8,14,6,9.866666667,3.763072453,1.52,2.1,0.58,1.678666667,0.334685353,80,101,21,95.0,12.19265001,10.0,17.36,7.36,15.31866667,4.17427667,0.02658,235.0,234.97342,61.35105333,127.5581437,90.2,3173.0,3082.8,1067.0,1963.904425,54.8,1687.0,1632.2,498.396,939.0837544,35.4,1858.53,3.44095,2.53724,3.44095,2.4852,2.4852,2.53724,3.44095,3.44095,3.44095,0,0,0,2236.3,1.77147,0.0,0.0,0.0,166.083,742.668,419.238,0.0,0.0,0.0,15.2068,0.0068,0.00383861,0.0,0.5,0.0,0.0,0.0,0.25,0.25,0.0,0.0,0.0,0,0.0,0,0.0,0,0.0,0,0.0,0.0,0,0,0.0,0,0,0,0,0,0,0
LTA,8,14,6,9.833333333,3.689323937,1.52,2.1,0.58,1.67,0.31822424,80,101,21,94.83333333,12.50111106,10.0,17.36,7.36,15.25,4.302983461,0.02658,235.0,234.97342,64.18438667,132.9250288,90.2,3173.0,3082.8,1054.3,1934.463424,54.8,1687.0,1632.2,473.2783333,891.7012048,35.4,1858.53,11.36131,4.22454,11.36131,4.22345,4.22454,4.22344,11.36131,11.36131,11.36131,1,3,3,14792.7,1.28308,2497.16,1688.1,1315.67,476.627,322.203,251.118,3218.9,0.2176,0.169592,278.103,0.0188,0.0146523,0.0,0.5,0.0,0.25,0.0,0.25,0.0,0.0,0.0,0.0,0,0.0,0,0.0,0,0.0,0,0.0,0.0,0,0,0.0,0,0,0,0,0,0,3
MEP,8,14,6,10.0,4.242640687,1.52,2.1,0.58,1.713333333,0.410121933,85,101,16,95.66666667,11.3137085,12.06,17.36,5.3,15.59333333,3.74766594,0.02658,150.0,149.97342,50.01772,106.0472223,90.2,3173.0,3082.8,1117.8,2179.868785,54.8,1687.0,1632.2,598.8666667,1154.139688,35.4,1486.0,5.29558,1.71917,5.24291,1.71917,1.71917,1.71917,5.24291,5.24291,5.24291,0,0,0,2425.55,1.89215,0.0,0.0,0.0,347.318,1431.91,756.766,0.0,0.0,0.0,163.239,0.0673,0.035568,0.0,0.0,0.666666667,0.333333333,0.0,0.0,0.0,0.0,0.0,0.0,0,0.0,0,0.0,0,0.0,0,0.0,0.0,0,0,0.0,0,0,0,0,0,0,1
CHA,8,14,6,9.833333333,3.689323937,1.52,2.1,0.58,1.67,0.31822424,80,101,21,94.83333333,12.50111106,10.0,17.36,7.36,15.25,4.302983461,0.02658,235.0,234.97342,64.18438667,132.9250288,90.2,3173.0,3082.8,1054.3,1934.463424,54.8,1687.0,1632.2,473.2783333,891.7012048,35.4,1858.53,6.15811,3.8766,6.01077,3.18975,3.29451,3.8766,6.15811,6.0771,6.01077,1,3,3,804.431,1.47466,168.306,2092.23,1418.79,0.584029,7.26015,4.92327,106.748,0.1327,0.0899868,0.0804431,0.0001,6.78e-05,0.0,0.5,0.0,0.25,0.0,0.25,0.0,0.0,0.0,0.0,0,0.0,0,0.0,0,0.0,0,0.0,0.0,0,0,0.0,0,0,0,0,0,0,0
PAR ,8,14,6,9.76,3.700995599,1.52,2.1,0.58,1.664,0.318920878,80,101,21,95.08,12.53888688,10.0,17.36,7.36,15.3344,4.315497776,0.02658,235.0,234.97342,61.6180744,133.2724303,90.2,3173.0,3082.8,1015.736,1940.693339,54.8,1687.0,1632.2,456.5392,893.5851254,35.4,1858.53,4.14991,3.55094,4.14991,1.01493,1.74199,3.55094,4.14991,4.14991,4.14991,2,1,1,1756.36,1.8616,206.349,1174.87,631.108,0.0,0.0,0.0,57.7841,0.0329,0.017673,0.0,0.0,0.0,0.0,0.285714286,0.0,0.428571429,0.0,0.142857143,0.0,0.142857143,0.0,0.0,0,0.0,0,0.0,0,0.0,0,0.0,0.0,0,0,0.0,0,0,0,0,0,0,0
NAT,8,14,6,9.866666667,3.763072453,1.52,2.1,0.58,1.678666667,0.334685353,80,101,21,95.0,12.19265001,10.0,17.36,7.36,15.31866667,4.17427667,0.02658,235.0,234.97342,61.35105333,127.5581437,90.2,3173.0,3082.8,1067.0,1963.904425,54.8,1687.0,1632.2,498.396,939.0837544,35.4,1858.53,3.61633,2.8541,3.61633,2.8541,2.52071,2.8541,3.61633,3.61633,3.61633,2,1,1,1139.86,1.73773,123.358,1082.22,622.78,0.0,0.0,0.0,10.6007,0.0093,0.0053518,0.0,0.0,0.0,0.0,0.5,0.0,0.0,0.0,0.25,0.25,0.0,0.0,0.0,0,0.0,0,0.0,0,0.0,0,0.0,0.0,0,0,0.0,0,0,0,0,0,0,0
RON,8,14,6,9.789473684,3.835270828,1.52,2.1,0.58,1.675789474,0.346879779,80,101,21,95.42105263,12.05076472,10.0,17.36,7.36,15.46947368,4.108300163,0.02658,235.0,234.97342,56.33397579,124.4268394,90.2,3173.0,3082.8,1023.610526,1995.844806,54.8,1687.0,1632.2,490.9126316,973.9276767,35.4,1858.53,5.6185,5.06152,5.6185,2.75137,2.75137,5.06152,5.6185,5.6185,5.6185,2,1,1,3079.67,1.61454,483.873,1571.18,973.147,5.72443,18.5878,11.5128,303.964,0.0987,0.061132,0.307967,0.0001,6.19e-05,0.0,0.285714286,0.0,0.142857143,0.0,0.0,0.0,0.285714286,0.0,0.285714286,0,0.0,0,0.0,0,0.0,0,0.0,0.0,0,0,0.0,0,0,0,0,0,0,0
NAT,8,14,6,9.866666667,3.763072453,1.52,2.1,0.58,1.678666667,0.334685353,80,101,21,95.0,12.19265001,10.0,17.36,7.36,15.31866667,4.17427667,0.02658,235.0,234.97342,61.35105333,127.5581437,90.2,3173.0,3082.8,1067.0,1963.904425,54.8,1687.0,1632.2,498.396,939.0837544,35.4,1858.53,3.45248,2.61192,3.45248,2.59789,2.61192,2.61192,3.45248,3.45248,3.45248,0,0,0,2256.33,1.75574,0.0,0.0,0.0,156.673,694.369,395.484,0.0,0.0,0.0,14.6662,0.0065,0.00370213,0.0,0.5,0.0,0.0,0.0,0.25,0.25,0.0,0.0,0.0,0,0.0,0,0.0,0,0.0,0,0.0,0.0,0,0,0.0,0,0,0,0,0,0,0
LTA,8,14,6,9.833333333,3.689323937,1.52,2.1,0.58,1.67,0.31822424,80,101,21,94.83333333,12.50111106,10.0,17.36,7.36,15.25,4.302983461,0.02658,235.0,234.97342,64.18438667,132.9250288,90.2,3173.0,3082.8,1054.3,1934.463424,54.8,1687.0,1632.2,473.2783333,891.7012048,35.4,1858.53,11.20725,3.92108,11.20723,3.92108,3.92108,3.92108,11.20725,11.20723,11.20725,1,3,3,14634.2,1.29697,2459.92,1680.94,1296.05,490.061,334.874,258.196,3080.5,0.2105,0.162301,286.831,0.0196,0.0151121,0.0,0.5,0.0,0.25,0.0,0.25,0.0,0.0,0.0,0.0,0,0.0,0,0.0,0,0.0,0,0.0,0.0,0,0,0.0,0,0,0,0,0,0,3
LTA,8,14,6,9.833333333,3.689323937,1.52,2.1,0.58,1.67,0.31822424,80,101,21,94.83333333,12.50111106,10.0,17.36,7.36,15.25,4.302983461,0.02658,235.0,234.97342,64.18438667,132.9250288,90.2,3173.0,3082.8,1054.3,1934.463424,54.8,1687.0,1632.2,473.2783333,891.7012048,35.4,1858.53,11.21424,3.93576,11.21424,3.93576,3.93576,3.93576,11.21424,11.21419,11.21419,1,3,3,14634.2,1.29697,2468.96,1687.11,1300.81,499.842,341.558,263.349,3083.43,0.2107,0.162455,300.001,0.0205,0.015806,0.0,0.5,0.0,0.25,0.0,0.25,0.0,0.0,0.0,0.0,0,0.0,0,0.0,0,0.0,0,0.0,0.0,0,0,0.0,0,0,0,0,0,0,3
LTA,8,14,6,9.833333333,3.689323937,1.52,2.1,0.58,1.67,0.31822424,80,101,21,94.83333333,12.50111106,10.0,17.36,7.36,15.25,4.302983461,0.02658,235.0,234.97342,64.18438667,132.9250288,90.2,3173.0,3082.8,1054.3,1934.463424,54.8,1687.0,1632.2,473.2783333,891.7012048,35.4,1858.53,11.3,3.99574,11.2999,3.99574,3.99574,3.99574,11.2999,11.29994,11.2999,1,3,3,14868.8,1.27651,2512.17,1689.56,1323.58,505.327,339.857,266.239,3196.79,0.215,0.168428,306.297,0.0206,0.0161377,0.0,0.5,0.0,0.25,0.0,0.25,0.0,0.0,0.0,0.0,0,0.0,0,0.0,0,0.0,0,0.0,0.0,0,0,0.0,0,0,0,0,0,0,3
LTA,8,14,6,9.833333333,3.689323937,1.52,2.1,0.58,1.67,0.31822424,80,101,21,94.83333333,12.50111106,10.0,17.36,7.36,15.25,4.302983461,0.02658,235.0,234.97342,64.18438667,132.9250288,90.2,3173.0,3082.8,1054.3,1934.463424,54.8,1687.0,1632.2,473.2783333,891.7012048,35.4,1858.53,11.22605,3.96047,11.22605,3.96047,3.96047,3.96047,11.22605,11.22605,11.22605,1,3,3,14634.2,1.29697,2468.44,1686.76,1300.53,484.971,331.395,255.514,3093.67,0.2114,0.162995,286.831,0.0196,0.0151121,0.0,0.5,0.0,0.25,0.0,0.25,0.0,0.0,0.0,0.0,0,0.0,0,0.0,0,0.0,0,0.0,0.0,0,0,0.0,0,0,0,0,0,0,3
LTA,8,14,6,9.833333333,3.689323937,1.52,2.1,0.58,1.67,0.31822424,80,101,21,94.83333333,12.50111106,10.0,17.36,7.36,15.25,4.302983461,0.02658,235.0,234.97342,64.18438667,132.9250288,90.2,3173.0,3082.8,1054.3,1934.463424,54.8,1687.0,1632.2,473.2783333,891.7012048,35.4,1858.53,11.22121,3.95037,11.22119,3.95037,3.95037,3.95037,11.22121,11.22119,11.22119,1,3,3,14634.2,1.29697,2467.55,1686.15,1300.07,486.235,332.259,256.18,3093.67,0.2114,0.162995,288.294,0.0197,0.0151892,0.0,0.5,0.0,0.25,0.0,0.25,0.0,0.0,0.0,0.0,0,0.0,0,0.0,0,0.0,0,0.0,0.0,0,0,0.0,0,0,0,0,0,0,3
SOD,8,14,6,9.833333333,3.689323937,1.52,2.1,0.58,1.67,0.31822424,80,101,21,94.83333333,12.50111106,10.0,17.36,7.36,15.25,4.302983461,0.02658,235.0,234.97342,64.18438667,132.9250288,90.2,3173.0,3082.8,1054.3,1934.463424,54.8,1687.0,1632.2,473.2783333,891.7012048,35.4,1858.53,6.32685,2.25858,6.32685,2.25858,2.25858,2.25858,6.32685,6.32685,6.32685,0,0,0,766.463,1.54771,0.0,0.0,0.0,137.016,1787.64,1155.02,0.0,0.0,0.0,73.1206,0.0954,0.0616394,0.0,0.5,0.0,0.5,0.0,0.0,0.0,0.0,0.0,0.0,0,0.0,0,0.0,0,0.0,0,0.0,0.0,0,0,0.0,0,0,0,0,0,0,1
NAT,8,14,6,9.866666667,3.763072453,1.52,2.1,0.58,1.678666667,0.334685353,80,101,21,95.0,12.19265001,10.0,17.36,7.36,15.31866667,4.17427667,0.02658,235.0,234.97342,61.35105333,127.5581437,90.2,3173.0,3082.8,1067.0,1963.904425,54.8,1687.0,1632.2,498.396,939.0837544,35.4,1858.53,3.44637,2.61152,3.44637,2.57899,2.61152,2.61152,3.44637,3.44637,3.44637,0,0,0,2256.33,1.75575,0.0,0.0,0.0,158.015,700.317,398.871,0.0,0.0,0.0,13.9892,0.0062,0.00353126,0.0,0.5,0.0,0.0,0.0,0.25,0.25,0.0,0.0,0.0,0,0.0,0,0.0,0,0.0,0,0.0,0.0,0,0,0.0,0,0,0,0,0,0,0
CAN,8,14,6,9.833333333,3.689323937,1.52,2.1,0.58,1.67,0.31822424,80,101,21,94.83333333,12.50111106,10.0,17.36,7.36,15.25,4.302983461,0.02658,235.0,234.97342,64.18438667,132.9250288,90.2,3173.0,3082.8,1054.3,1934.463424,54.8,1687.0,1632.2,473.2783333,891.7012048,35.4,1858.53,6.26778,5.88578,6.26778,1.54186,1.54186,5.88578,6.26778,6.26778,6.26778,1,1,1,720.905,1.64552,65.1311,903.463,549.045,36.0104,499.516,303.562,50.0308,0.0694,0.0421752,10.381,0.0144,0.00875104,0.0,0.25,0.0,0.5,0.0,0.0,0.0,0.0,0.0,0.25,0,0.0,0,0.0,0,0.0,0,0.0,0.0,0,0,0.0,0,0,0,0,0,0,0
ZON,8,15,7,9.4,4.949747468,1.52,1.8,0.28,1.576,0.197989899,90,101,11,98.8,7.778174593,17.02,17.36,0.34,17.292,0.240416306,0.02658,0.236,0.20942,0.068464,0.148082302,90.2,550.0,459.8,182.16,325.127698,54.8,317.3,262.5,107.3,185.6155301,35.4,232.7,6.38515,5.77892,6.38515,3.03111,5.77892,4.16602,6.32459,6.38515,6.13142,1,3,3,3124.87,0.807465,1022.53,3272.23,4052.47,0.0,0.0,0.0,828.715,0.2652,0.328435,0.0,0.0,0.0,0.0,0.428571429,0.0,0.285714286,0.0,0.285714286,0.0,0.0,0.0,0.0,0,0.0,0,0.0,0,0.0,0,0.0,0.0,0,0,0.0,0,0,0,0,0,0,7
BCT,8,15,7,9.4,4.949747468,1.52,1.8,0.28,1.576,0.197989899,90,101,11,98.8,7.778174593,17.02,17.36,0.34,17.292,0.240416306,0.02658,0.236,0.20942,0.068464,0.148082302,90.2,550.0,459.8,182.16,325.127698,54.8,317.3,262.5,107.3,185.6155301,35.4,232.7,3.09041,2.92272,3.09041,2.92272,2.38545,2.47053,3.09041,3.09041,3.07046,2,1,1,455.56,1.38468,31.077,682.171,492.656,0.0,0.0,0.0,1.45779,0.0032,0.002311,0.0,0.0,0.0,0.0,0.333333333,0.0,0.333333333,0.0,0.333333333,0.0,0.0,0.0,0.0,0,0.0,0,0.0,0,0.0,0,0.0,0.0,0,0,0.0,0,0,0,0,0,0,7
LTA,8,14,6,9.833333333,3.689323937,1.52,2.1,0.58,1.67,0.31822424,80,101,21,94.83333333,12.50111106,10.0,17.36,7.36,15.25,4.302983461,0.02658,235.0,234.97342,64.18438667,132.9250288,90.2,3173.0,3082.8,1054.3,1934.463424,54.8,1687.0,1632.2,473.2783333,891.7012048,35.4,1858.53,11.28532,3.99721,11.28532,3.99721,3.99721,3.99721,11.28532,11.28532,11.28532,1,3,3,14805.4,1.28198,2507.11,1693.38,1320.91,510.026,344.487,268.715,3165.39,0.2138,0.166773,316.835,0.0214,0.0166929,0.0,0.5,0.0,0.25,0.0,0.25,0.0,0.0,0.0,0.0,0,0.0,0,0.0,0,0.0,0,0.0,0.0,0,0,0.0,0,0,0,0,0,0,3
SOD,8,13,5,9.0,3.535533906,1.52,1.84,0.32,1.584,0.22627417,80,101,21,96.8,14.8492424,10.0,17.36,7.36,15.888,5.20430591,0.02658,235.0,234.97342,47.021264,166.1512987,90.2,2792.0,2701.8,630.56,1910.461101,54.8,933.47,878.67,230.534,621.3135154,35.4,1858.53,5.91167,1.59095,5.91167,1.59095,1.59095,1.59095,5.91167,5.91167,5.91167,0,0,0,701.884,1.29143,0.0,0.0,0.0,95.2927,1357.67,1051.29,0.0,0.0,0.0,46.3244,0.066,0.0511061,0.0,0.5,0.0,0.5,0.0,0.0,0.0,0.0,0.0,0.0,0,0.0,0,0.0,0,0.0,0,0.0,0.0,0,0,0.0,0,0,0,0,0,0,4
FAU,8,14,6,10.0,4.242640687,1.52,2.1,0.58,1.713333333,0.410121933,85,101,16,95.66666667,11.3137085,12.06,17.36,5.3,15.59333333,3.74766594,0.02658,150.0,149.97342,50.01772,106.0472223,90.2,3173.0,3082.8,1117.8,2179.868785,54.8,1687.0,1632.2,598.8666667,1154.139688,35.4,1486.0,11.23234,7.31489,11.23234,7.31489,7.31489,7.31489,11.23234,11.23234,11.23234,1,3,3,14923.3,1.28364,2374.72,1591.28,1239.66,356.059,238.593,185.872,4088.98,0.274,0.213455,176.095,0.0118,0.00919257,0.0,0.4,0.0,0.4,0.0,0.0,0.0,0.0,0.0,0.2,0,0.0,0,0.0,0,0.0,0,0.0,0.0,0,0,0.0,0,0,0,0,0,0,3
MFI,8,14,6,10.0,4.242640687,1.52,2.1,0.58,1.713333333,0.410121933,85,101,16,95.66666667,11.3137085,12.06,17.36,5.3,15.59333333,3.74766594,0.02658,150.0,149.97342,50.01772,106.0472223,90.2,3173.0,3082.8,1117.8,2179.868785,54.8,1687.0,1632.2,598.8666667,1154.139688,35.4,1486.0,6.75186,5.16615,6.75186,4.79289,5.16615,4.79289,6.75186,6.75186,6.75186,1,3,3,5306.43,1.805,808.228,1523.11,843.829,0.0246907,0.0465297,0.0257783,573.625,0.1081,0.0598893,0.0,0.0,0.0,0.0,0.03846153,0.423,0.308,0.0,0.0,0.0,0.23076,0.0,0.0,0,0.0,0,0.0,0,0.0,0,0.0,0.0,0,0,0.0,0,0,0,0,0,0,2
NAT,8,14,6,9.866666667,3.763072453,1.52,2.1,0.58,1.678666667,0.334685353,80,101,21,95.0,12.19265001,10.0,17.36,7.36,15.31866667,4.17427667,0.02658,235.0,234.97342,61.35105333,127.5581437,90.2,3173.0,3082.8,1067.0,1963.904425,54.8,1687.0,1632.2,498.396,939.0837544,35.4,1858.53,3.44785,2.62447,3.44785,2.58723,2.62447,2.62447,3.44785,3.44785,3.44785,0,0,0,2257.51,1.75483,0.0,0.0,0.0,155.748,689.91,393.149,0.0,0.0,0.0,13.7708,0.0061,0.00347612,0.0,0.5,0.0,0.0,0.0,0.25,0.25,0.0,0.0,0.0,0,0.0,0,0.0,0,0.0,0,0.0,0.0,0,0,0.0,0,0,0,0,0,0,0
LTA,8,14,6,9.833333333,3.689323937,1.52,2.1,0.58,1.67,0.31822424,80,101,21,94.83333333,12.50111106,10.0,17.36,7.36,15.25,4.302983461,0.02658,235.0,234.97342,64.18438667,132.9250288,90.2,3173.0,3082.8,1054.3,1934.463424,54.8,1687.0,1632.2,473.2783333,891.7012048,35.4,1858.53,11.31681,4.2543,11.31681,4.2543,4.2543,4.2543,11.31681,11.31681,11.31681,1,3,3,14603.7,1.29968,2499.1,1711.27,1316.69,448.377,307.029,236.234,3242.03,0.222,0.170811,255.565,0.0175,0.0134648,0.0,0.5,0.0,0.25,0.0,0.25,0.0,0.0,0.0,0.0,0,0.0,0,0.0,0,0.0,0,0.0,0.0,0,0,0.0,0,0,0,0,0,0,3
LTA,8,14,6,9.833333333,3.689323937,1.52,2.1,0.58,1.67,0.31822424,80,101,21,94.83333333,12.50111106,10.0,17.36,7.36,15.25,4.302983461,0.02658,235.0,234.97342,64.18438667,132.9250288,90.2,3173.0,3082.8,1054.3,1934.463424,54.8,1687.0,1632.2,473.2783333,891.7012048,35.4,1858.53,11.10441,3.59718,11.10441,3.59718,3.59718,3.59718,11.10441,11.10441,11.10438,1,3,3,14830.5,1.2798,2491.35,1679.88,1312.6,570.14,384.436,300.387,3018.02,0.2035,0.159009,367.797,0.0248,0.019378,0.0,0.5,0.0,0.25,0.0,0.25,0.0,0.0,0.0,0.0,0,0.0,0,0.0,0,0.0,0,0.0,0.0,0,0,0.0,0,0,0,0,0,0,3
LTA,8,14,6,9.833333333,3.689323937,1.52,2.1,0.58,1.67,0.31822424,80,101,21,94.83333333,12.50111106,10.0,17.36,7.36,15.25,4.302983461,0.02658,235.0,234.97342,64.18438667,132.9250288,90.2,3173.0,3082.8,1054.3,1934.463424,54.8,1687.0,1632.2,473.2783333,891.7012048,35.4,1858.53,11.13149,3.66103,11.13149,3.66103,3.66103,3.66103,11.13149,11.13149,11.13149,1,3,3,14821.7,1.28057,2493.98,1682.66,1313.99,568.856,383.8,299.71,3022.14,0.2039,0.159226,369.06,0.0249,0.0194445,0.0,0.5,0.0,0.25,0.0,0.25,0.0,0.0,0.0,0.0,0,0.0,0,0.0,0,0.0,0,0.0,0.0,0,0,0.0,0,0,0,0,0,0,3
SOD,8,14,6,9.833333333,3.689323937,1.52,2.1,0.58,1.67,0.31822424,80,101,21,94.83333333,12.50111106,10.0,17.36,7.36,15.25,4.302983461,0.02658,235.0,234.97342,64.18438667,132.9250288,90.2,3173.0,3082.8,1054.3,1934.463424,54.8,1687.0,1632.2,473.2783333,891.7012048,35.4,1858.53,5.93216,1.58117,5.93216,1.58117,1.58117,1.58117,5.93216,5.93216,5.93216,0,0,0,702.595,1.6884,0.0,0.0,0.0,95.342,1357.0,803.718,0.0,0.0,0.0,46.2308,0.0658,0.0389718,0.0,0.5,0.0,0.5,0.0,0.0,0.0,0.0,0.0,0.0,0,0.0,0,0.0,0,0.0,0,0.0,0.0,0,0,0.0,0,0,0,0,0,0,1
BPH,8,15,7,9.4,4.949747468,1.52,1.8,0.28,1.576,0.197989899,90,101,11,98.8,7.778174593,17.02,17.36,0.34,17.292,0.240416306,0.02658,0.236,0.20942,0.068464,0.148082302,90.2,550.0,459.8,182.16,325.127698,54.8,317.3,262.5,107.3,185.6155301,35.4,232.7,8.88024,5.93144,8.88024,3.19249,3.19249,5.93144,8.88024,8.88024,8.88024,1,3,3,1706.84,1.29351,328.706,1925.82,1488.83,0.0,0.0,0.0,312.181,0.1829,0.141398,0.0,0.0,0.0,0.0,0.5,0.0,0.166666667,0.0,0.166666667,0.0,0.0,0.0,0.166666667,0,0.0,0,0.0,0,0.0,0,0.0,0.0,0,0,0.0,0,0,0,0,0,0,7
EDI,8,14,6,9.866666667,3.763072453,1.52,2.1,0.58,1.678666667,0.334685353,80,101,21,95.0,12.19265001,10.0,17.36,7.36,15.31866667,4.17427667,0.02658,235.0,234.97342,61.35105333,127.5581437,90.2,3173.0,3082.8,1067.0,1963.904425,54.8,1687.0,1632.2,498.396,939.0837544,35.4,1858.53,4.85779,2.94823,4.85779,2.94823,2.94823,2.24273,4.85779,4.85779,4.8328,1,2,2,599.099,1.65313,104.728,1748.1,1057.45,0.0,0.0,0.0,27.7982,0.0464,0.028068,0.0,0.0,0.0,0.0,0.5,0.0,0.0,0.0,0.5,0.0,0.0,0.0,0.0,0,0.0,0,0.0,0,0.0,0,0.0,0.0,0,0,0.0,0,0,0,0,0,0,0
LTA,8,14,6,9.833333333,3.689323937,1.52,2.1,0.58,1.67,0.31822424,80,101,21,94.83333333,12.50111106,10.0,17.36,7.36,15.25,4.302983461,0.02658,235.0,234.97342,64.18438667,132.9250288,90.2,3173.0,3082.8,1054.3,1934.463424,54.8,1687.0,1632.2,473.2783333,891.7012048,35.4,1858.53,11.30005,4.02326,11.30004,4.02326,4.02179,4.02179,11.30004,11.30004,11.30004,1,3,3,14831.1,1.27976,2501.07,1686.37,1317.73,508.494,342.857,267.907,3175.34,0.2141,0.167297,309.97,0.0209,0.0163312,0.0,0.5,0.0,0.25,0.0,0.25,0.0,0.0,0.0,0.0,0,0.0,0,0.0,0,0.0,0,0.0,0.0,0,0,0.0,0,0,0,0,0,0,3
LTA,8,14,6,9.833333333,3.689323937,1.52,2.1,0.58,1.67,0.31822424,80,101,21,94.83333333,12.50111106,10.0,17.36,7.36,15.25,4.302983461,0.02658,235.0,234.97342,64.18438667,132.9250288,90.2,3173.0,3082.8,1054.3,1934.463424,54.8,1687.0,1632.2,473.2783333,891.7012048,35.4,1858.53,11.34187,4.05324,11.34187,4.05324,4.05324,4.05324,11.34187,11.34187,11.34187,1,3,3,14928.0,1.27145,2522.51,1689.78,1329.02,502.243,336.444,264.614,3219.97,0.2157,0.169649,303.039,0.0203,0.015966,0.0,0.5,0.0,0.25,0.0,0.25,0.0,0.0,0.0,0.0,0,0.0,0,0.0,0,0.0,0,0.0,0.0,0,0,0.0,0,0,0,0,0,0,3
MOR,8,14,6,10.0,4.242640687,1.52,2.1,0.58,1.713333333,0.410121933,85,101,16,95.66666667,11.3137085,12.06,17.36,5.3,15.59333333,3.74766594,0.02658,150.0,149.97342,50.01772,106.0472223,90.2,3173.0,3082.8,1117.8,2179.868785,54.8,1687.0,1632.2,598.8666667,1154.139688,35.4,1486.0,6.33229,6.06884,6.33228,1.59586,2.76432,6.06884,6.33228,6.33229,6.33228,2,1,1,2790.48,1.71621,449.28,1610.04,938.14,0.0,0.0,0.0,312.255,0.1119,0.0652018,0.0,0.0,0.0,0.0,0.1,0.5,0.0,0.0,0.3,0.0,0.0,0.0,0.1,0,0.0,0,0.0,0,0.0,0,0.0,0.0,0,0,0.0,0,0,0,0,0,0,2
MFI,8,14,6,10.0,4.242640687,1.52,2.1,0.58,1.713333333,0.410121933,85,101,16,95.66666667,11.3137085,12.06,17.36,5.3,15.59333333,3.74766594,0.02658,150.0,149.97342,50.01772,106.0472223,90.2,3173.0,3082.8,1117.8,2179.868785,54.8,1687.0,1632.2,598.8666667,1154.139688,35.4,1486.0,6.92335,5.21662,6.84521,5.10398,5.21662,5.10398,6.92335,6.84521,6.92335,1,3,3,5542.28,1.72819,842.317,1519.8,879.42,0.0,0.0,0.0,667.844,0.1205,0.0697262,0.0,0.0,0.0,0.0,0.03846153,0.423,0.308,0.0,0.0,0.0,0.23076,0.0,0.0,0,0.0,0,0.0,0,0.0,0,0.0,0.0,0,0,0.0,0,0,0,0,0,0,2
MFI,8,14,6,10.0,4.242640687,1.52,2.1,0.58,1.713333333,0.410121933,85,101,16,95.66666667,11.3137085,12.06,17.36,5.3,15.59333333,3.74766594,0.02658,150.0,149.97342,50.01772,106.0472223,90.2,3173.0,3082.8,1117.8,2179.868785,54.8,1687.0,1632.2,598.8666667,1154.139688,35.4,1486.0,6.96142,5.22937,6.68803,5.18989,5.22937,5.18989,6.90584,6.68803,6.96142,1,3,3,5555.98,1.72392,842.117,1515.69,879.211,0.0550792,0.0991349,0.0575053,652.272,0.1174,0.0681004,0.0,0.0,0.0,0.0,0.03846153,0.423,0.308,0.0,0.0,0.0,0.23076,0.0,0.0,0,0.0,0,0.0,0,0.0,0,0.0,0.0,0,0,0.0,0,0,0,0,0,0,2
ABW,8,14,6,9.833333333,3.689323937,1.52,2.1,0.58,1.67,0.31822424,80,101,21,94.83333333,12.50111106,10.0,17.36,7.36,15.25,4.302983461,0.02658,235.0,234.97342,64.18438667,132.9250288,90.2,3173.0,3082.8,1054.3,1934.463424,54.8,1687.0,1632.2,473.2783333,891.7012048,35.4,1858.53,3.9203,3.47865,3.86311,1.01769,1.01769,3.47865,3.9203,3.9203,3.86311,2,1,1,421.932,1.87433,50.1154,1187.76,633.697,0.0,0.0,0.0,12.4048,0.0294,0.0156856,0.0,0.0,0.0,0.0,0.333333333,0.0,0.333333333,0.0,0.333333333,0.0,0.0,0.0,0.0,0,0.0,0,0.0,0,0.0,0,0.0,0.0,0,0,0.0,0,0,0,0,0,0,0
MEL,8,14,6,10.0,4.242640687,1.52,2.1,0.58,1.713333333,0.410121933,85,101,16,95.66666667,11.3137085,12.06,17.36,5.3,15.59333333,3.74766594,0.02658,150.0,149.97342,50.01772,106.0472223,90.2,3173.0,3082.8,1117.8,2179.868785,54.8,1687.0,1632.2,598.8666667,1154.139688,35.4,1486.0,7.33764,5.21238,7.33764,5.21238,5.21238,5.21238,7.33764,6.94646,7.11793,1,3,3,5400.4,1.77359,809.365,1498.71,845.016,0.0,0.0,0.0,623.206,0.1154,0.0650658,0.0,0.0,0.0,0.0,0.125,0.3125,0.25,0.0,0.125,0.0,0.1875,0.0,0.0,0,0.0,0,0.0,0,0.0,0,0.0,0.0,0,0,0.0,0,0,0,0,0,0,2
MTW,8,14,6,10.0,4.242640687,1.52,2.1,0.58,1.713333333,0.410121933,85,101,16,95.66666667,11.3137085,12.06,17.36,5.3,15.59333333,3.74766594,0.02658,150.0,149.97342,50.01772,106.0472223,90.2,3173.0,3082.8,1117.8,2179.868785,54.8,1687.0,1632.2,598.8666667,1154.139688,35.4,1486.0,6.1264,5.70643,6.1264,1.65108,5.70643,1.65108,6.093,6.1264,6.1264,4,1,1,2893.28,1.9311,315.082,1089.01,563.934,3.02556,10.4572,5.41513,238.117,0.0823,0.0426181,0.0,0.0,0.0,0.0,0.1,0.2,0.6,0.0,0.0,0.0,0.0,0.0,0.1,0,0.0,0,0.0,0,0.0,0,0.0,0.0,0,0,0.0,0,0,0,0,0,0,2
ANA,8,14,6,9.888888889,3.820994635,1.52,2.1,0.58,1.684444444,0.345919066,80,101,21,95.11111111,12.00833044,10.0,17.36,7.36,15.36444444,4.094462114,0.02658,235.0,234.97342,59.46216444,124.059398,90.2,3173.0,3082.8,1075.466667,1988.294065,54.8,1687.0,1632.2,515.1411111,971.2994236,35.4,1858.53,3.91625,2.25208,3.91624,2.11492,2.10023,2.25208,3.91624,3.87486,3.91624,0,0,0,2558.18,1.86059,0.0,0.0,0.0,190.507,744.699,400.25,0.0,0.0,0.0,35.5587,0.0139,0.00747076,0.0,0.333333333,0.0,0.333333333,0.0,0.333333333,0.0,0.0,0.0,0.0,0,0.0,0,0.0,0,0.0,0,0.0,0.0,0,0,0.0,0,0,0,0,0,0,0
MEL,8,14,6,10.0,4.242640687,1.52,2.1,0.58,1.713333333,0.410121933,85,101,16,95.66666667,11.3137085,12.06,17.36,5.3,15.59333333,3.74766594,0.02658,150.0,149.97342,50.01772,106.0472223,90.2,3173.0,3082.8,1117.8,2179.868785,54.8,1687.0,1632.2,598.8666667,1154.139688,35.4,1486.0,7.33764,5.21238,7.33764,5.21238,5.21238,5.21238,7.33764,7.33764,7.11793,1,3,3,5400.4,1.77359,809.39,1498.76,845.043,0.0,0.0,0.0,623.206,0.1154,0.0650658,0.0,0.0,0.0,0.0,0.125,0.3125,0.25,0.0,0.125,0.0,0.1875,0.0,0.0,0,0.0,0,0.0,0,0.0,0,0.0,0.0,0,0,0.0,0,0,0,0,0,0,2
LTA,8,14,6,9.714285714,4.242640687,1.52,2.1,0.58,1.685714286,0.410121933,85,101,16,96.42857143,11.3137085,12.06,17.36,5.3,15.84571429,3.74766594,0.02658,150.0,149.97342,42.87612857,106.0472223,90.2,3173.0,3082.8,971.0,2179.868785,54.8,1687.0,1632.2,521.1428571,1154.139688,35.4,1486.0,12.80103,6.45558,12.80103,6.45558,6.45558,6.45558,12.80103,12.80103,12.80103,1,3,3,23418.2,0.926912,4204.58,1795.43,1937.01,1221.5,521.602,562.731,7025.46,0.3,0.323655,1065.53,0.0455,0.0490877,0.0,0.5,0.0,0.25,0.0,0.25,0.0,0.0,0.0,0.0,0,0.0,0,0.0,0,0.0,0,0.0,0.0,0,0,0.0,0,0,0,0,0,0,3
MFI,8,14,6,10.0,4.242640687,1.52,2.1,0.58,1.713333333,0.410121933,85,101,16,95.66666667,11.3137085,12.06,17.36,5.3,15.59333333,3.74766594,0.02658,150.0,149.97342,50.01772,106.0472223,90.2,3173.0,3082.8,1117.8,2179.868785,54.8,1687.0,1632.2,598.8666667,1154.139688,35.4,1486.0,7.09577,5.19389,6.25627,5.17775,5.19389,5.17775,7.09577,6.25627,7.09577,1,3,3,5363.64,1.78574,812.987,1515.74,848.799,0.0,0.0,0.0,607.701,0.1133,0.063447,0.0,0.0,0.0,0.0,0.03846153,0.423,0.308,0.0,0.0,0.0,0.23076,0.0,0.0,0,0.0,0,0.0,0,0.0,0,0.0,0.0,0,0,0.0,0,0,0,0,0,0,2
ATT,8,15,7,10.0,4.082482905,1.52,1.84,0.32,1.62,0.200665559,80,101,21,95.66666667,11.4212278,10.0,17.36,7.36,16.07666667,3.847229884,0.02658,235.0,234.97342,39.22372,123.8198386,90.2,2792.0,2701.8,617.1333333,1395.849425,54.8,933.47,878.67,244.995,456.0418076,35.4,1858.53,5.38158,3.81947,5.38158,3.25962,3.81947,1.2203,5.38158,5.38158,5.38158,1,2,2,1438.79,1.68897,301.847,2097.93,1242.13,0.0,0.0,0.0,117.693,0.0818,0.0484318,0.0,0.0,0.0,0.0,0.5,0.0,0.166666667,0.0,0.333333333,0.0,0.0,0.0,0.0,0,0.0,0,0.0,0,0.0,0,0.0,0.0,0,0,0.0,0,0,0,0,0,0,4
ABW,8,14,6,9.833333333,3.689323937,1.52,2.1,0.58,1.67,0.31822424,80,101,21,94.83333333,12.50111106,10.0,17.36,7.36,15.25,4.302983461,0.02658,235.0,234.97342,64.18438667,132.9250288,90.2,3173.0,3082.8,1054.3,1934.463424,54.8,1687.0,1632.2,473.2783333,891.7012048,35.4,1858.53,3.91837,3.44649,3.86571,1.03186,1.03186,3.44649,3.91837,3.90533,3.86571,2,1,1,422.122,1.87349,48.8106,1156.31,617.198,0.0,0.0,0.0,11.4395,0.0271,0.014465,0.0,0.0,0.0,0.0,0.333333333,0.0,0.333333333,0.0,0.333333333,0.0,0.0,0.0,0.0,0,0.0,0,0.0,0,0.0,0,0.0,0.0,0,0,0.0,0,0,0,0,0,0,0
MFI,8,14,6,10.0,4.242640687,1.52,2.1,0.58,1.713333333,0.410121933,85,101,16,95.66666667,11.3137085,12.06,17.36,5.3,15.59333333,3.74766594,0.02658,150.0,149.97342,50.01772,106.0472223,90.2,3173.0,3082.8,1117.8,2179.868785,54.8,1687.0,1632.2,598.8666667,1154.139688,35.4,1486.0,6.83299,5.04937,6.83299,5.04937,4.78537,4.78537,6.83299,6.79913,6.83299,1,3,3,5335.4,1.7952,801.918,1503.01,837.242,0.037036,0.0694156,0.0386674,566.62,0.1062,0.0591579,0.0,0.0,0.0,0.0,0.03846153,0.423,0.308,0.0,0.0,0.0,0.23076,0.0,0.0,0,0.0,0,0.0,0,0.0,0,0.0,0.0,0,0,0.0,0,0,0,0,0,0,2
MFI,8,14,6,10.0,4.242640687,1.52,2.1,0.58,1.713333333,0.410121933,85,101,16,95.66666667,11.3137085,12.06,17.36,5.3,15.59333333,3.74766594,0.02658,150.0,149.97342,50.01772,106.0472223,90.2,3173.0,3082.8,1117.8,2179.868785,54.8,1687.0,1632.2,598.8666667,1154.139688,35.4,1486.0,6.8522,5.0455,6.8522,5.0455,4.80518,4.80517,6.8522,6.8522,6.8522,1,3,3,5362.67,1.78607,807.321,1505.45,842.883,0.0427338,0.0796877,0.0446162,572.196,0.1067,0.0597401,0.0,0.0,0.0,0.0,0.03846153,0.423,0.308,0.0,0.0,0.0,0.23076,0.0,0.0,0,0.0,0,0.0,0,0.0,0,0.0,0.0,0,0,0.0,0,0,0,0,0,0,2
MFI,8,14,6,10.0,4.242640687,1.52,2.1,0.58,1.713333333,0.410121933,85,101,16,95.66666667,11.3137085,12.06,17.36,5.3,15.59333333,3.74766594,0.02658,150.0,149.97342,50.01772,106.0472223,90.2,3173.0,3082.8,1117.8,2179.868785,54.8,1687.0,1632.2,598.8666667,1154.139688,35.4,1486.0,6.82907,5.04561,6.82907,5.04561,4.78567,4.78567,6.82907,6.76487,6.82907,1,3,3,5333.79,1.79574,801.635,1502.94,836.947,0.0303885,0.0569736,0.0317271,565.915,0.1061,0.0590843,0.0,0.0,0.0,0.0,0.03846153,0.423,0.308,0.0,0.0,0.0,0.23076,0.0,0.0,0,0.0,0,0.0,0,0.0,0,0.0,0.0,0,0,0.0,0,0,0,0,0,0,2
MFI,8,14,6,10.0,4.242640687,1.52,2.1,0.58,1.713333333,0.410121933,85,101,16,95.66666667,11.3137085,12.06,17.36,5.3,15.59333333,3.74766594,0.02658,150.0,149.97342,50.01772,106.0472223,90.2,3173.0,3082.8,1117.8,2179.868785,54.8,1687.0,1632.2,598.8666667,1154.139688,35.4,1486.0,6.83562,5.05121,6.83562,5.05121,4.78589,4.78589,6.83562,6.81148,6.83562,1,3,3,5337.94,1.79434,802.462,1503.32,837.809,0.0389353,0.0729406,0.0406503,566.89,0.1062,0.059186,0.0,0.0,0.0,0.0,0.03846153,0.423,0.308,0.0,0.0,0.0,0.23076,0.0,0.0,0,0.0,0,0.0,0,0.0,0,0.0,0.0,0,0,0.0,0,0,0,0,0,0,2
MFI,8,14,6,10.0,4.242640687,1.52,2.1,0.58,1.713333333,0.410121933,85,101,16,95.66666667,11.3137085,12.06,17.36,5.3,15.59333333,3.74766594,0.02658,150.0,149.97342,50.01772,106.0472223,90.2,3173.0,3082.8,1117.8,2179.868785,54.8,1687.0,1632.2,598.8666667,1154.139688,35.4,1486.0,6.83253,5.04825,6.83253,5.04825,4.78381,4.78381,6.83253,6.39719,6.83253,1,3,3,5333.54,1.79582,801.63,1503.0,836.941,0.0322878,0.0605372,0.03371,565.889,0.1061,0.0590816,0.0,0.0,0.0,0.0,0.03846153,0.423,0.308,0.0,0.0,0.0,0.23076,0.0,0.0,0,0.0,0,0.0,0,0.0,0,0.0,0.0,0,0,0.0,0,0,0,0,0,0,2
MFI,8,14,6,10.0,4.242640687,1.52,2.1,0.58,1.713333333,0.410121933,85,101,16,95.66666667,11.3137085,12.06,17.36,5.3,15.59333333,3.74766594,0.02658,150.0,149.97342,50.01772,106.0472223,90.2,3173.0,3082.8,1117.8,2179.868785,54.8,1687.0,1632.2,598.8666667,1154.139688,35.4,1486.0,6.83493,5.05031,6.83493,5.05031,4.78859,4.78859,6.83493,6.78317,6.83493,1,3,3,5341.4,1.79318,803.129,1503.59,838.506,0.0417842,0.078227,0.0436247,567.257,0.1062,0.0592244,0.0,0.0,0.0,0.0,0.03846153,0.423,0.308,0.0,0.0,0.0,0.23076,0.0,0.0,0,0.0,0,0.0,0,0.0,0,0.0,0.0,0,0,0.0,0,0,0,0,0,0,2
GIS,8,15,7,10.0,4.082482905,1.52,1.84,0.32,1.62,0.200665559,80,101,21,95.66666667,11.4212278,10.0,17.36,7.36,16.07666667,3.847229884,0.02658,235.0,234.97342,39.22372,123.8198386,90.2,2792.0,2701.8,617.1333333,1395.849425,54.8,933.47,878.67,244.995,456.0418076,35.4,1858.53,5.03443,3.50032,4.70398,3.50032,3.50032,3.50032,4.49855,5.03443,4.70398,1,3,3,2057.23,1.57498,492.418,2393.59,1519.76,0.0,0.0,0.0,202.843,0.0986,0.0626041,0.0,0.0,0.0,0.0,0.666666667,0.0,0.0,0.0,0.333333333,0.0,0.0,0.0,0.0,0,0.0,0,0.0,0,0.0,0,0.0,0.0,0,0,0.0,0,0,0,0,0,0,4
GIS,8,15,7,10.0,4.082482905,1.52,1.84,0.32,1.62,0.200665559,80,101,21,95.66666667,11.4212278,10.0,17.36,7.36,16.07666667,3.847229884,0.02658,235.0,234.97342,39.22372,123.8198386,90.2,2792.0,2701.8,617.1333333,1395.849425,54.8,933.47,878.67,244.995,456.0418076,35.4,1858.53,4.98497,3.46701,4.98497,3.46701,3.46701,3.46701,4.98497,4.98497,4.98497,1,3,3,2020.29,1.60378,477.837,2365.19,1474.76,0.0,0.0,0.0,189.907,0.094,0.0586116,0.0,0.0,0.0,0.0,0.666666667,0.0,0.0,0.0,0.333333333,0.0,0.0,0.0,0.0,0,0.0,0,0.0,0,0.0,0,0.0,0.0,0,0,0.0,0,0,0,0,0,0,4
LTA,8,14,6,9.833333333,3.689323937,1.52,2.1,0.58,1.67,0.31822424,80,101,21,94.83333333,12.50111106,10.0,17.36,7.36,15.25,4.302983461,0.02658,235.0,234.97342,64.18438667,132.9250288,90.2,3173.0,3082.8,1054.3,1934.463424,54.8,1687.0,1632.2,473.2783333,891.7012048,35.4,1858.53,11.39085,4.22883,11.39084,4.22883,4.22883,4.22445,11.39084,11.39084,11.39085,1,3,3,14977.3,1.26726,2596.57,1733.67,1368.04,480.532,320.839,253.175,3378.89,0.2256,0.178022,292.058,0.0195,0.0153875,0.0,0.5,0.0,0.25,0.0,0.25,0.0,0.0,0.0,0.0,0,0.0,0,0.0,0,0.0,0,0.0,0.0,0,0,0.0,0,0,0,0,0,0,3
SOD,8,74,66,12.17391304,20.00233037,1.52,2.18,0.66,1.632173913,0.272259846,55,101,46,93.52173913,18.40481698,9.47,17.36,7.89,15.09695652,5.124716032,0.02658,235.0,234.97342,68.71414261,156.6060343,90.2,5828.0,5737.8,1044.486957,2331.467484,54.8,3695.0,3640.2,442.2878261,1185.882774,35.4,2133.0,2.36343,1.58598,2.35548,1.46298,1.58598,1.58598,2.35548,2.35548,2.35548,0,0,0,3186.39,2.5086,0.0,0.0,0.0,0.0,0.0,0.0,0.0,0.0,0.0,0.0,0.0,0.0,0.0,0.5,0.0,0.5,0.0,0.0,0.0,0.0,0.0,0.0,0,0.0,0,0.0,0,0.0,0,0.0,0.0,0,0,0.0,0,0,0,0,0,0,5
NAT,8,14,6,9.866666667,3.763072453,1.52,2.1,0.58,1.678666667,0.334685353,80,101,21,95.0,12.19265001,10.0,17.36,7.36,15.31866667,4.17427667,0.02658,235.0,234.97342,61.35105333,127.5581437,90.2,3173.0,3082.8,1067.0,1963.904425,54.8,1687.0,1632.2,498.396,939.0837544,35.4,1858.53,3.41575,2.57272,3.41575,2.55019,2.57272,2.57272,3.41575,3.41575,3.41575,0,0,0,2242.26,1.76676,0.0,0.0,0.0,135.834,605.79,342.881,0.0,0.0,0.0,13.2293,0.0059,0.00333944,0.0,0.5,0.0,0.0,0.0,0.25,0.25,0.0,0.0,0.0,0,0.0,0,0.0,0,0.0,0,0.0,0.0,0,0,0.0,0,0,0,0,0,0,0
DOH,8,14,6,10.0,4.242640687,1.52,2.1,0.58,1.713333333,0.410121933,85,101,16,95.66666667,11.3137085,12.06,17.36,5.3,15.59333333,3.74766594,0.02658,150.0,149.97342,50.01772,106.0472223,90.2,3173.0,3082.8,1117.8,2179.868785,54.8,1687.0,1632.2,598.8666667,1154.139688,35.4,1486.0,7.37903,2.44106,7.37903,2.26718,2.26718,2.44106,7.37903,7.37903,7.37903,0,0,0,1840.98,1.84263,0.0,0.0,0.0,278.415,1512.32,820.74,0.0,0.0,0.0,166.792,0.0906,0.0491688,0.0,0.166666667,0.5,0.333333333,0.0,0.0,0.0,0.0,0.0,0.0,0,0.0,0,0.0,0,0.0,0,0.0,0.0,0,0,0.0,0,0,0,0,0,0,1
MTN,8,14,6,10.0,4.242640687,1.52,2.1,0.58,1.713333333,0.410121933,85,101,16,95.66666667,11.3137085,12.06,17.36,5.3,15.59333333,3.74766594,0.02658,150.0,149.97342,50.01772,106.0472223,90.2,3173.0,3082.8,1117.8,2179.868785,54.8,1687.0,1632.2,598.8666667,1154.139688,35.4,1486.0,7.06309,2.42278,6.92307,2.42278,2.42278,2.42278,7.06309,7.06309,6.92307,0,0,0,7303.64,1.85784,0.0,0.0,0.0,1090.95,1493.71,804.007,0.0,0.0,0.0,633.226,0.0867,0.0466672,0.0,0.0,0.666666667,0.333333333,0.0,0.0,0.0,0.0,0.0,0.0,0,0.0,0,0.0,0,0.0,0,0.0,0.0,0,0,0.0,0,0,0,0,0,0,1
NAT,8,14,6,9.866666667,3.763072453,1.52,2.1,0.58,1.678666667,0.334685353,80,101,21,95.0,12.19265001,10.0,17.36,7.36,15.31866667,4.17427667,0.02658,235.0,234.97342,61.35105333,127.5581437,90.2,3173.0,3082.8,1067.0,1963.904425,54.8,1687.0,1632.2,498.396,939.0837544,35.4,1858.53,3.63543,2.87218,3.63543,2.87218,2.55908,2.87218,3.63543,3.63543,3.63543,2,1,1,2290.51,1.72954,274.581,1198.77,693.117,0.0,0.0,0.0,26.3409,0.0115,0.00664916,0.0,0.0,0.0,0.0,0.5,0.0,0.0,0.0,0.25,0.25,0.0,0.0,0.0,0,0.0,0,0.0,0,0.0,0,0.0,0.0,0,0,0.0,0,0,0,0,0,0,0
DOH,8,14,6,10.0,4.242640687,1.52,2.1,0.58,1.713333333,0.410121933,85,101,16,95.66666667,11.3137085,12.06,17.36,5.3,15.59333333,3.74766594,0.02658,150.0,149.97342,50.01772,106.0472223,90.2,3173.0,3082.8,1117.8,2179.868785,54.8,1687.0,1632.2,598.8666667,1154.139688,35.4,1486.0,7.42938,2.4429,7.42938,2.29674,2.29674,2.4429,7.42938,7.42938,7.42938,0,0,0,1852.05,1.83162,0.0,0.0,0.0,281.497,1519.92,829.827,0.0,0.0,0.0,169.648,0.0916,0.0500105,0.0,0.166666667,0.5,0.333333333,0.0,0.0,0.0,0.0,0.0,0.0,0,0.0,0,0.0,0,0.0,0,0.0,0.0,0,0,0.0,0,0,0,0,0,0,1
ANA,8,14,6,9.888888889,3.820994635,1.52,2.1,0.58,1.684444444,0.345919066,80,101,21,95.11111111,12.00833044,10.0,17.36,7.36,15.36444444,4.094462114,0.02658,235.0,234.97342,59.46216444,124.059398,90.2,3173.0,3082.8,1075.466667,1988.294065,54.8,1687.0,1632.2,515.1411111,971.2994236,35.4,1858.53,3.8073,2.23294,3.73575,2.23294,2.08847,2.08847,3.73575,3.78672,3.74935,0,0,0,2536.47,1.87651,0.0,0.0,0.0,159.85,630.207,335.84,0.0,0.0,0.0,27.6475,0.0109,0.00580865,0.0,0.333333333,0.0,0.333333333,0.0,0.333333333,0.0,0.0,0.0,0.0,0,0.0,0,0.0,0,0.0,0,0.0,0.0,0,0,0.0,0,0,0,0,0,0,0
BCT,8,15,7,9.4,4.949747468,1.52,1.8,0.28,1.576,0.197989899,90,101,11,98.8,7.778174593,17.02,17.36,0.34,17.292,0.240416306,0.02658,0.236,0.20942,0.068464,0.148082302,90.2,550.0,459.8,182.16,325.127698,54.8,317.3,262.5,107.3,185.6155301,35.4,232.7,3.08727,2.91488,3.08727,2.91488,2.38889,2.47915,3.08727,3.06771,3.06771,2,1,1,456.26,1.38256,30.7247,673.403,487.071,0.0,0.0,0.0,1.46003,0.0032,0.00231455,0.0,0.0,0.0,0.0,0.333333333,0.0,0.333333333,0.0,0.333333333,0.0,0.0,0.0,0.0,0,0.0,0,0.0,0,0.0,0,0.0,0.0,0,0,0.0,0,0,0,0,0,0,7
SFN,8,14,6,10.0,4.242640687,1.52,2.1,0.58,1.713333333,0.410121933,85,101,16,95.66666667,11.3137085,12.06,17.36,5.3,15.59333333,3.74766594,0.02658,150.0,149.97342,50.01772,106.0472223,90.2,3173.0,3082.8,1117.8,2179.868785,54.8,1687.0,1632.2,598.8666667,1154.139688,35.4,1486.0,7.65288,6.68737,7.65288,6.68737,1.28979,1.53348,7.65288,7.64815,7.65288,4,1,1,3584.56,1.78136,455.1,1269.61,712.72,4.18412,11.6726,6.55264,507.215,0.1415,0.0794337,0.0,0.0,0.0,0.0,0.181818182,0.181818182,0.545454545,0.0,0.0,0.0,0.0,0.0,0.0,0,0.090909091,0,0.0,0,0.0,0,0.0,0.0,0,0,0.0,0,0,0,0,0,0,2
SFN,8,14,6,10.0,4.242640687,1.52,2.1,0.58,1.713333333,0.410121933,85,101,16,95.66666667,11.3137085,12.06,17.36,5.3,15.59333333,3.74766594,0.02658,150.0,149.97342,50.01772,106.0472223,90.2,3173.0,3082.8,1117.8,2179.868785,54.8,1687.0,1632.2,598.8666667,1154.139688,35.4,1486.0,7.58008,6.37178,7.58008,6.37178,1.58441,1.58441,7.58008,7.53335,7.5787,1,1,1,898.125,1.77742,115.813,1289.5,725.489,0.272547,3.03462,1.70731,127.085,0.1415,0.0796096,0.0,0.0,0.0,0.0,0.181818182,0.181818182,0.545454545,0.0,0.0,0.0,0.0,0.0,0.0,0,0.090909091,0,0.0,0,0.0,0,0.0,0.0,0,0,0.0,0,0,0,0,0,0,2
MAR,8,14,6,9.833333333,3.689323937,1.52,2.1,0.58,1.67,0.31822424,80,101,21,94.83333333,12.50111106,10.0,17.36,7.36,15.25,4.302983461,0.02658,235.0,234.97342,64.18438667,132.9250288,90.2,3173.0,3082.8,1054.3,1934.463424,54.8,1687.0,1632.2,473.2783333,891.7012048,35.4,1858.53,6.42149,2.22009,6.37621,2.21953,2.22009,2.14309,6.37621,6.37621,6.42149,0,0,0,4563.06,1.55982,0.0,0.0,0.0,758.714,1662.73,1065.97,0.0,0.0,0.0,435.773,0.0955,0.0612249,0.0,0.272727273,0.0,0.727272727,0.0,0.0,0.0,0.0,0.0,0.0,0,0.0,0,0.0,0,0.0,0,0.0,0.0,0,0,0.0,0,0,0,0,0,0,1
FAU,8,14,6,10.0,4.242640687,1.52,2.1,0.58,1.713333333,0.410121933,85,101,16,95.66666667,11.3137085,12.06,17.36,5.3,15.59333333,3.74766594,0.02658,150.0,149.97342,50.01772,106.0472223,90.2,3173.0,3082.8,1117.8,2179.868785,54.8,1687.0,1632.2,598.8666667,1154.139688,35.4,1486.0,11.1167,7.21852,11.1167,7.21852,7.21852,7.21852,11.1167,11.1167,11.1167,1,3,3,14292.3,1.34032,2323.36,1625.6,1212.85,263.11,184.092,137.35,3941.81,0.2758,0.205772,108.621,0.0076,0.00567031,0.0,0.4,0.0,0.4,0.0,0.0,0.0,0.0,0.0,0.2,0,0.0,0,0.0,0,0.0,0,0.0,0.0,0,0,0.0,0,0,0,0,0,0,3
FAU,8,14,6,10.0,4.242640687,1.52,2.1,0.58,1.713333333,0.410121933,85,101,16,95.66666667,11.3137085,12.06,17.36,5.3,15.59333333,3.74766594,0.02658,150.0,149.97342,50.01772,106.0472223,90.2,3173.0,3082.8,1117.8,2179.868785,54.8,1687.0,1632.2,598.8666667,1154.139688,35.4,1486.0,10.84286,7.22665,10.84286,7.22665,7.22665,7.22665,10.84286,10.84286,10.84286,1,3,3,14221.7,1.34697,2314.74,1627.61,1208.35,329.218,231.489,171.86,3915.25,0.2753,0.204385,157.861,0.0111,0.00824075,0.0,0.4,0.0,0.4,0.0,0.0,0.0,0.0,0.0,0.2,0,0.0,0,0.0,0,0.0,0,0.0,0.0,0,0,0.0,0,0,0,0,0,0,3
FAU,8,14,6,10.0,4.242640687,1.52,2.1,0.58,1.713333333,0.410121933,85,101,16,95.66666667,11.3137085,12.06,17.36,5.3,15.59333333,3.74766594,0.02658,150.0,149.97342,50.01772,106.0472223,90.2,3173.0,3082.8,1117.8,2179.868785,54.8,1687.0,1632.2,598.8666667,1154.139688,35.4,1486.0,10.85902,7.2337,10.85902,7.2337,7.2337,7.2337,10.85902,10.85902,10.85902,1,3,3,14167.2,1.35215,2303.36,1625.84,1202.41,324.477,229.034,169.385,3884.65,0.2742,0.202788,153.006,0.0108,0.00798729,0.0,0.4,0.0,0.4,0.0,0.0,0.0,0.0,0.0,0.2,0,0.0,0,0.0,0,0.0,0,0.0,0.0,0,0,0.0,0,0,0,0,0,0,3
FAU,8,14,6,10.0,4.242640687,1.52,2.1,0.58,1.713333333,0.410121933,85,101,16,95.66666667,11.3137085,12.06,17.36,5.3,15.59333333,3.74766594,0.02658,150.0,149.97342,50.01772,106.0472223,90.2,3173.0,3082.8,1117.8,2179.868785,54.8,1687.0,1632.2,598.8666667,1154.139688,35.4,1486.0,10.92994,7.27229,10.92994,7.27229,7.27229,7.27229,10.92994,10.92994,10.92994,1,3,3,14140.9,1.35467,2297.61,1624.8,1199.41,322.077,227.763,168.132,3863.29,0.2732,0.201673,147.065,0.0104,0.00767716,0.0,0.4,0.0,0.4,0.0,0.0,0.0,0.0,0.0,0.2,0,0.0,0,0.0,0,0.0,0,0.0,0.0,0,0,0.0,0,0,0,0,0,0,3
FAU,8,14,6,10.0,4.242640687,1.52,2.1,0.58,1.713333333,0.410121933,85,101,16,95.66666667,11.3137085,12.06,17.36,5.3,15.59333333,3.74766594,0.02658,150.0,149.97342,50.01772,106.0472223,90.2,3173.0,3082.8,1117.8,2179.868785,54.8,1687.0,1632.2,598.8666667,1154.139688,35.4,1486.0,10.78241,7.24246,10.78241,7.24246,7.24246,7.24246,10.78241,10.78241,10.78241,1,3,3,14130.4,1.35568,2324.31,1644.91,1213.35,322.567,228.28,168.388,3837.81,0.2716,0.200343,152.608,0.0108,0.00796651,0.0,0.4,0.0,0.4,0.0,0.0,0.0,0.0,0.0,0.2,0,0.0,0,0.0,0,0.0,0,0.0,0.0,0,0,0.0,0,0,0,0,0,0,3
FAU,8,14,6,10.0,4.242640687,1.52,2.1,0.58,1.713333333,0.410121933,85,101,16,95.66666667,11.3137085,12.06,17.36,5.3,15.59333333,3.74766594,0.02658,150.0,149.97342,50.01772,106.0472223,90.2,3173.0,3082.8,1117.8,2179.868785,54.8,1687.0,1632.2,598.8666667,1154.139688,35.4,1486.0,10.58549,7.10561,10.58549,7.10561,7.10561,7.10561,10.58549,10.58549,10.58549,1,3,3,14091.8,1.35938,2338.36,1659.38,1220.68,329.09,233.533,171.793,3797.75,0.2695,0.198252,157.828,0.0112,0.00823903,0.0,0.4,0.0,0.4,0.0,0.0,0.0,0.0,0.0,0.2,0,0.0,0,0.0,0,0.0,0,0.0,0.0,0,0,0.0,0,0,0,0,0,0,3
FAU,8,14,6,10.0,4.242640687,1.52,2.1,0.58,1.713333333,0.410121933,85,101,16,95.66666667,11.3137085,12.06,17.36,5.3,15.59333333,3.74766594,0.02658,150.0,149.97342,50.01772,106.0472223,90.2,3173.0,3082.8,1117.8,2179.868785,54.8,1687.0,1632.2,598.8666667,1154.139688,35.4,1486.0,10.45467,6.94299,10.45467,6.94299,6.94299,6.94299,10.45467,10.45467,10.45467,1,3,3,14053.4,1.3631,2354.11,1675.12,1228.9,327.729,233.203,171.082,3690.41,0.2626,0.192648,153.182,0.0109,0.00799645,0.0,0.4,0.0,0.4,0.0,0.0,0.0,0.0,0.0,0.2,0,0.0,0,0.0,0,0.0,0,0.0,0.0,0,0,0.0,0,0,0,0,0,0,3
FAU,8,14,6,10.0,4.242640687,1.52,2.1,0.58,1.713333333,0.410121933,85,101,16,95.66666667,11.3137085,12.06,17.36,5.3,15.59333333,3.74766594,0.02658,150.0,149.97342,50.01772,106.0472223,90.2,3173.0,3082.8,1117.8,2179.868785,54.8,1687.0,1632.2,598.8666667,1154.139688,35.4,1486.0,10.38012,6.92667,10.38012,6.92667,6.92667,6.92667,10.38012,10.38012,10.38012,1,3,3,13999.3,1.36837,2348.18,1677.36,1225.81,334.224,238.744,174.473,3621.61,0.2587,0.189057,160.992,0.0115,0.00840415,0.0,0.4,0.0,0.4,0.0,0.0,0.0,0.0,0.0,0.2,0,0.0,0,0.0,0,0.0,0,0.0,0.0,0,0,0.0,0,0,0,0,0,0,3
FAU,8,14,6,10.0,4.242640687,1.52,2.1,0.58,1.713333333,0.410121933,85,101,16,95.66666667,11.3137085,12.06,17.36,5.3,15.59333333,3.74766594,0.02658,150.0,149.97342,50.01772,106.0472223,90.2,3173.0,3082.8,1117.8,2179.868785,54.8,1687.0,1632.2,598.8666667,1154.139688,35.4,1486.0,10.27977,6.89831,10.27977,6.89831,6.89831,6.89831,10.27977,10.27977,10.27977,1,3,3,13875.9,1.38054,2322.95,1674.09,1212.64,329.62,237.549,172.07,3528.64,0.2543,0.184204,159.573,0.0115,0.0083301,0.0,0.4,0.0,0.4,0.0,0.0,0.0,0.0,0.0,0.2,0,0.0,0,0.0,0,0.0,0,0.0,0.0,0,0,0.0,0,0,0,0,0,0,3
FAU,8,14,6,10.0,4.242640687,1.52,2.1,0.58,1.713333333,0.410121933,85,101,16,95.66666667,11.3137085,12.06,17.36,5.3,15.59333333,3.74766594,0.02658,150.0,149.97342,50.01772,106.0472223,90.2,3173.0,3082.8,1117.8,2179.868785,54.8,1687.0,1632.2,598.8666667,1154.139688,35.4,1486.0,10.31235,6.95658,10.31235,6.95658,6.95658,6.95658,10.31235,10.31235,10.31235,1,3,3,13722.3,1.39599,2285.98,1665.89,1193.34,323.747,235.928,169.004,3467.62,0.2527,0.181019,155.062,0.0113,0.00809461,0.0,0.4,0.0,0.4,0.0,0.0,0.0,0.0,0.0,0.2,0,0.0,0,0.0,0,0.0,0,0.0,0.0,0,0,0.0,0,0,0,0,0,0,3
FAU,8,14,6,10.0,4.242640687,1.52,2.1,0.58,1.713333333,0.410121933,85,101,16,95.66666667,11.3137085,12.06,17.36,5.3,15.59333333,3.74766594,0.02658,150.0,149.97342,50.01772,106.0472223,90.2,3173.0,3082.8,1117.8,2179.868785,54.8,1687.0,1632.2,598.8666667,1154.139688,35.4,1486.0,10.68102,6.7691,10.68102,6.7691,6.7691,6.7691,10.68102,10.68102,10.68102,1,3,3,13528.9,1.41595,2241.41,1656.75,1170.07,341.859,252.688,178.459,3479.63,0.2572,0.181645,154.23,0.0114,0.00805116,0.0,0.4,0.0,0.4,0.0,0.0,0.0,0.0,0.0,0.2,0,0.0,0,0.0,0,0.0,0,0.0,0.0,0,0,0.0,0,0,0,0,0,0,3
FAU,8,14,6,10.0,4.242640687,1.52,2.1,0.58,1.713333333,0.410121933,85,101,16,95.66666667,11.3137085,12.06,17.36,5.3,15.59333333,3.74766594,0.02658,150.0,149.97342,50.01772,106.0472223,90.2,3173.0,3082.8,1117.8,2179.868785,54.8,1687.0,1632.2,598.8666667,1154.139688,35.4,1486.0,10.7704,6.54875,10.7704,6.54875,6.54875,6.54875,10.7704,10.7704,10.7704,1,3,3,13420.2,1.42742,2252.26,1678.26,1175.73,326.68,243.424,170.535,3363.1,0.2506,0.175562,139.57,0.0104,0.00728589,0.0,0.4,0.0,0.4,0.0,0.0,0.0,0.0,0.0,0.2,0,0.0,0,0.0,0,0.0,0,0.0,0.0,0,0,0.0,0,0,0,0,0,0,3
FAU,8,14,6,10.0,4.242640687,1.52,2.1,0.58,1.713333333,0.410121933,85,101,16,95.66666667,11.3137085,12.06,17.36,5.3,15.59333333,3.74766594,0.02658,150.0,149.97342,50.01772,106.0472223,90.2,3173.0,3082.8,1117.8,2179.868785,54.8,1687.0,1632.2,598.8666667,1154.139688,35.4,1486.0,10.93129,7.11562,10.93129,7.11562,7.11562,7.11562,10.93129,10.93129,10.93129,1,3,3,14256.6,1.34367,2294.91,1609.71,1198.0,342.651,240.345,178.872,3793.69,0.2661,0.19804,169.654,0.0119,0.00885635,0.0,0.4,0.0,0.4,0.0,0.0,0.0,0.0,0.0,0.2,0,0.0,0,0.0,0,0.0,0,0.0,0.0,0,0,0.0,0,0,0,0,0,0,3
FAU,8,14,6,10.0,4.242640687,1.52,2.1,0.58,1.713333333,0.410121933,85,101,16,95.66666667,11.3137085,12.06,17.36,5.3,15.59333333,3.74766594,0.02658,150.0,149.97342,50.01772,106.0472223,90.2,3173.0,3082.8,1117.8,2179.868785,54.8,1687.0,1632.2,598.8666667,1154.139688,35.4,1486.0,10.85389,7.05064,10.85389,7.05064,7.05064,7.05064,10.85389,10.85389,10.85389,1,3,3,14034.1,1.36497,2252.81,1605.24,1176.02,327.292,233.211,170.854,3686.77,0.2627,0.192458,157.182,0.0112,0.00820531,0.0,0.4,0.0,0.4,0.0,0.0,0.0,0.0,0.0,0.2,0,0.0,0,0.0,0,0.0,0,0.0,0.0,0,0,0.0,0,0,0,0,0,0,3
FAU,8,14,6,10.0,4.242640687,1.52,2.1,0.58,1.713333333,0.410121933,85,101,16,95.66666667,11.3137085,12.06,17.36,5.3,15.59333333,3.74766594,0.02658,150.0,149.97342,50.01772,106.0472223,90.2,3173.0,3082.8,1117.8,2179.868785,54.8,1687.0,1632.2,598.8666667,1154.139688,35.4,1486.0,10.73272,6.91115,10.73272,6.91115,6.91114,6.91114,10.73272,10.73272,10.73272,1,3,3,13600.4,1.4085,2169.68,1595.3,1132.63,297.276,218.579,155.186,3462.66,0.2546,0.180759,136.004,0.01,0.00709974,0.0,0.4,0.0,0.4,0.0,0.0,0.0,0.0,0.0,0.2,0,0.0,0,0.0,0,0.0,0,0.0,0.0,0,0,0.0,0,0,0,0,0,0,3
FAU,8,14,6,10.0,4.242640687,1.52,2.1,0.58,1.713333333,0.410121933,85,101,16,95.66666667,11.3137085,12.06,17.36,5.3,15.59333333,3.74766594,0.02658,150.0,149.97342,50.01772,106.0472223,90.2,3173.0,3082.8,1117.8,2179.868785,54.8,1687.0,1632.2,598.8666667,1154.139688,35.4,1486.0,10.67772,6.83654,10.67772,6.83654,6.83654,6.83654,10.67772,10.67772,10.67772,1,3,3,13391.7,1.43045,2127.96,1589.01,1110.85,284.126,212.165,148.321,3364.01,0.2512,0.175609,129.9,0.0097,0.0067811,0.0,0.4,0.0,0.4,0.0,0.0,0.0,0.0,0.0,0.2,0,0.0,0,0.0,0,0.0,0,0.0,0.0,0,0,0.0,0,0,0,0,0,0,3
FAU,8,14,6,10.0,4.242640687,1.52,2.1,0.58,1.713333333,0.410121933,85,101,16,95.66666667,11.3137085,12.06,17.36,5.3,15.59333333,3.74766594,0.02658,150.0,149.97342,50.01772,106.0472223,90.2,3173.0,3082.8,1117.8,2179.868785,54.8,1687.0,1632.2,598.8666667,1154.139688,35.4,1486.0,10.63671,6.76997,10.63671,6.76997,6.76997,6.76997,10.63671,10.63671,10.63671,1,3,3,13183.9,1.453,2087.53,1583.4,1089.74,270.95,205.516,141.442,3268.29,0.2479,0.170613,123.929,0.0094,0.00646938,0.0,0.4,0.0,0.4,0.0,0.0,0.0,0.0,0.0,0.2,0,0.0,0,0.0,0,0.0,0,0.0,0.0,0,0,0.0,0,0,0,0,0,0,3
GIS,8,32,24,12.83333333,12.39399496,1.52,2.11,0.59,1.671666667,0.322740005,80,101,21,94.66666667,12.77149604,10.0,17.36,7.36,15.51166667,3.982649174,0.02658,235.0,234.97342,49.18438667,121.5324092,90.2,3093.0,3002.8,1040.966667,1905.49972,54.8,1211.4,1156.6,394.0116667,687.8462038,35.4,1881.6,4.86906,2.76852,4.86906,2.76852,2.76047,2.76852,4.81237,4.86906,4.86906,0,0,0,3193.1,2.04174,0.0,0.0,0.0,517.561,1620.87,793.871,0.0,0.0,0.0,149.756,0.0469,0.0229707,0.0,0.666666667,0.0,0.0,0.0,0.333333333,0.0,0.0,0.0,0.0,0,0.0,0,0.0,0,0.0,0,0.0,0.0,0,0,0.0,0,0,0,0,0,0,1
CDO,8,14,6,10.0,4.242640687,1.52,2.1,0.58,1.713333333,0.410121933,85,101,16,95.66666667,11.3137085,12.06,17.36,5.3,15.59333333,3.74766594,0.02658,150.0,149.97342,50.01772,106.0472223,90.2,3173.0,3082.8,1117.8,2179.868785,54.8,1687.0,1632.2,598.8666667,1154.139688,35.4,1486.0,5.25692,2.94083,5.25692,2.84632,1.24811,2.94083,4.81457,5.25692,5.25692,2,2,2,1838.57,1.95358,226.126,1229.9,629.563,0.0,0.0,0.0,83.8387,0.0456,0.0233418,0.0,0.0,0.0,0.0,0.0,0.666666667,0.0,0.0,0.333333333,0.0,0.0,0.0,0.0,0,0.0,0,0.0,0,0.0,0,0.0,0.0,0,0,0.0,0,0,0,0,0,0,2
MTN,8,14,6,10.0,4.242640687,1.52,2.1,0.58,1.713333333,0.410121933,85,101,16,95.66666667,11.3137085,12.06,17.36,5.3,15.59333333,3.74766594,0.02658,150.0,149.97342,50.01772,106.0472223,90.2,3173.0,3082.8,1117.8,2179.868785,54.8,1687.0,1632.2,598.8666667,1154.139688,35.4,1486.0,6.93414,2.41681,6.93414,2.41681,2.41681,2.41681,6.93414,6.93414,6.93414,0,0,0,7266.44,1.86735,0.0,0.0,0.0,1078.88,1484.75,795.111,0.0,0.0,0.0,625.64,0.0861,0.0461082,0.0,0.0,0.666666667,0.333333333,0.0,0.0,0.0,0.0,0.0,0.0,0,0.0,0,0.0,0,0.0,0,0.0,0.0,0,0,0.0,0,0,0,0,0,0,1
ZON,8,31,23,13.0,11.94431524,1.52,1.87,0.35,1.625,0.211935525,81,101,20,95.83333333,10.96712258,11.8,17.36,5.56,16.37666667,2.899858234,0.02658,29.0,28.97342,4.890386667,15.24864181,90.2,2477.0,2386.8,564.6333333,1232.572967,54.8,317.3,262.5,139.9016667,170.3046878,35.4,2174.09,5.65632,3.12019,5.56117,2.55205,3.12019,1.80668,5.65632,5.56117,5.65632,4,1,1,3879.68,2.25568,655.694,1690.07,749.25,0.0,0.0,0.0,315.806,0.0814,0.0360866,0.0,0.0,0.0,0.0,0.428571429,0.0,0.285714286,0.0,0.285714286,0.0,0.0,0.0,0.0,0,0.0,0,0.0,0,0.0,0,0.0,0.0,0,0,0.0,0,0,0,0,0,0,6
ZON,8,31,23,13.0,11.94431524,1.52,1.87,0.35,1.625,0.211935525,81,101,20,95.83333333,10.96712258,11.8,17.36,5.56,16.37666667,2.899858234,0.02658,29.0,28.97342,4.890386667,15.24864181,90.2,2477.0,2386.8,564.6333333,1232.572967,54.8,317.3,262.5,139.9016667,170.3046878,35.4,2174.09,5.943,3.35498,5.943,2.45708,3.35498,1.82472,5.943,5.943,5.94299,4,1,1,3844.16,2.27652,609.44,1585.36,696.396,0.0,0.0,0.0,310.608,0.0808,0.0354927,0.0,0.0,0.0,0.0,0.428571429,0.0,0.285714286,0.0,0.285714286,0.0,0.0,0.0,0.0,0,0.0,0,0.0,0,0.0,0,0.0,0.0,0,0,0.0,0,0,0,0,0,0,6
NAT,8,14,6,9.866666667,3.763072453,1.52,2.1,0.58,1.678666667,0.334685353,80,101,21,95.0,12.19265001,10.0,17.36,7.36,15.31866667,4.17427667,0.02658,235.0,234.97342,61.35105333,127.5581437,90.2,3173.0,3082.8,1067.0,1963.904425,54.8,1687.0,1632.2,498.396,939.0837544,35.4,1858.53,3.43955,2.5981,3.43955,2.58809,2.5981,2.5981,3.43955,3.43955,3.43955,0,0,0,2242.98,1.76619,0.0,0.0,0.0,144.441,643.969,364.609,0.0,0.0,0.0,14.3551,0.0064,0.00362362,0.0,0.5,0.0,0.0,0.0,0.25,0.25,0.0,0.0,0.0,0,0.0,0,0.0,0,0.0,0,0.0,0.0,0,0,0.0,0,0,0,0,0,0,0
RUT,8,14,6,9.846153846,4.242640687,1.52,2.1,0.58,1.698461538,0.410121933,85,101,16,96.07692308,11.3137085,12.06,17.36,5.3,15.72923077,3.74766594,0.02658,150.0,149.97342,46.17224769,106.0472223,90.2,3173.0,3082.8,1038.753846,2179.868785,54.8,1687.0,1632.2,557.0153846,1154.139688,35.4,1486.0,5.90088,2.12354,5.90088,2.12354,1.8133,2.12354,5.88474,5.90088,5.90088,0,0,0,1924.97,1.76898,0.0,0.0,0.0,270.963,1407.62,795.725,0.0,0.0,0.0,153.035,0.0795,0.0449412,0.0,0.333333333,0.222222222,0.444444444,0.0,0.0,0.0,0.0,0.0,0.0,0,0.0,0,0.0,0,0.0,0,0.0,0.0,0,0,0.0,0,0,0,0,0,0,1
SGT,8,14,6,10.0,4.242640687,1.52,2.1,0.58,1.713333333,0.410121933,85,101,16,95.66666667,11.3137085,12.06,17.36,5.3,15.59333333,3.74766594,0.02658,150.0,149.97342,50.01772,106.0472223,90.2,3173.0,3082.8,1117.8,2179.868785,54.8,1687.0,1632.2,598.8666667,1154.139688,35.4,1486.0,7.65353,2.01323,7.41513,2.01323,2.01323,1.9917,7.65353,7.41513,7.41513,0,0,0,3571.8,1.78772,0.0,0.0,0.0,509.195,1425.6,797.438,0.0,0.0,0.0,389.326,0.109,0.0609714,0.0,0.333333333,0.333333333,0.333333333,0.0,0.0,0.0,0.0,0.0,0.0,0,0.0,0,0.0,0,0.0,0,0.0,0.0,0,0,0.0,0,0,0,0,0,0,1
AST,8,14,6,10.0,4.242640687,1.52,2.1,0.58,1.713333333,0.410121933,85,101,16,95.66666667,11.3137085,12.06,17.36,5.3,15.59333333,3.74766594,0.02658,150.0,149.97342,50.01772,106.0472223,90.2,3173.0,3082.8,1117.8,2179.868785,54.8,1687.0,1632.2,598.8666667,1154.139688,35.4,1486.0,6.49159,1.57041,6.49159,1.57041,1.57041,1.36236,6.49159,6.49159,6.49159,0,0,0,1132.36,1.76219,0.0,0.0,0.0,174.311,1539.36,873.55,0.0,0.0,0.0,119.804,0.1058,0.0600388,0.0,0.5,0.0,0.5,0.0,0.0,0.0,0.0,0.0,0.0,0,0.0,0,0.0,0,0.0,0,0.0,0.0,0,0,0.0,0,0,0,0,0,0,1
NON,8,14,6,10.0,4.242640687,1.52,2.1,0.58,1.713333333,0.410121933,85,101,16,95.66666667,11.3137085,12.06,17.36,5.3,15.59333333,3.74766594,0.02658,150.0,149.97342,50.01772,106.0472223,90.2,3173.0,3082.8,1117.8,2179.868785,54.8,1687.0,1632.2,598.8666667,1154.139688,35.4,1486.0,6.14653,2.05318,6.14653,2.05318,2.05318,2.05318,6.14653,6.14653,6.14653,0,0,0,4561.9,1.92462,0.0,0.0,0.0,508.278,1114.18,578.91,0.0,0.0,0.0,323.439,0.0709,0.0368385,0.0,0.166666667,0.5,0.333333333,0.0,0.0,0.0,0.0,0.0,0.0,0,0.0,0,0.0,0,0.0,0,0.0,0.0,0,0,0.0,0,0,0,0,0,0,1
NAT,8,14,6,9.866666667,3.763072453,1.52,2.1,0.58,1.678666667,0.334685353,80,101,21,95.0,12.19265001,10.0,17.36,7.36,15.31866667,4.17427667,0.02658,235.0,234.97342,61.35105333,127.5581437,90.2,3173.0,3082.8,1067.0,1963.904425,54.8,1687.0,1632.2,498.396,939.0837544,35.4,1858.53,3.44034,2.61396,3.44034,2.58454,2.61396,2.61396,3.44034,3.44034,3.44034,0,0,0,2250.13,1.76058,0.0,0.0,0.0,150.572,669.171,380.085,0.0,0.0,0.0,12.8257,0.0057,0.00323757,0.0,0.5,0.0,0.0,0.0,0.25,0.25,0.0,0.0,0.0,0,0.0,0,0.0,0,0.0,0,0.0,0.0,0,0,0.0,0,0,0,0,0,0,0
LTA,8,14,6,9.833333333,3.689323937,1.52,2.1,0.58,1.67,0.31822424,80,101,21,94.83333333,12.50111106,10.0,17.36,7.36,15.25,4.302983461,0.02658,235.0,234.97342,64.18438667,132.9250288,90.2,3173.0,3082.8,1054.3,1934.463424,54.8,1687.0,1632.2,473.2783333,891.7012048,35.4,1858.53,11.39209,4.28364,11.39209,4.28364,4.28364,4.28364,11.39209,11.39207,11.39208,1,3,3,14886.9,1.27496,2504.48,1682.34,1319.52,472.855,317.631,249.13,3252.79,0.2185,0.171378,269.453,0.0181,0.0141965,0.0,0.5,0.0,0.25,0.0,0.25,0.0,0.0,0.0,0.0,0,0.0,0,0.0,0,0.0,0,0.0,0.0,0,0,0.0,0,0,0,0,0,0,3
ABW,8,14,6,9.833333333,3.689323937,1.52,2.1,0.58,1.67,0.31822424,80,101,21,94.83333333,12.50111106,10.0,17.36,7.36,15.25,4.302983461,0.02658,235.0,234.97342,64.18438667,132.9250288,90.2,3173.0,3082.8,1054.3,1934.463424,54.8,1687.0,1632.2,473.2783333,891.7012048,35.4,1858.53,3.92859,3.43895,3.87782,1.04368,1.04368,3.43895,3.92859,3.92859,3.87782,2,1,1,421.932,1.87433,49.3063,1168.58,623.466,0.0,0.0,0.0,11.7719,0.0279,0.0148853,0.0,0.0,0.0,0.0,0.333333333,0.0,0.333333333,0.0,0.333333333,0.0,0.0,0.0,0.0,0,0.0,0,0.0,0,0.0,0,0.0,0.0,0,0,0.0,0,0,0,0,0,0,0
ABW,8,14,6,9.833333333,3.689323937,1.52,2.1,0.58,1.67,0.31822424,80,101,21,94.83333333,12.50111106,10.0,17.36,7.36,15.25,4.302983461,0.02658,235.0,234.97342,64.18438667,132.9250288,90.2,3173.0,3082.8,1054.3,1934.463424,54.8,1687.0,1632.2,473.2783333,891.7012048,35.4,1858.53,3.82645,3.33217,3.82645,0.75843,0.99853,3.33217,3.81818,3.81818,3.82645,2,1,1,421.932,1.87433,43.3929,1028.43,548.692,0.0,0.0,0.0,8.56522,0.0203,0.0108305,0.0,0.0,0.0,0.0,0.333333333,0.0,0.333333333,0.0,0.333333333,0.0,0.0,0.0,0.0,0,0.0,0,0.0,0,0.0,0,0.0,0.0,0,0,0.0,0,0,0,0,0,0,0
ABW,8,14,6,9.833333333,3.689323937,1.52,2.1,0.58,1.67,0.31822424,80,101,21,94.83333333,12.50111106,10.0,17.36,7.36,15.25,4.302983461,0.02658,235.0,234.97342,64.18438667,132.9250288,90.2,3173.0,3082.8,1054.3,1934.463424,54.8,1687.0,1632.2,473.2783333,891.7012048,35.4,1858.53,3.9203,3.47865,3.86311,1.01769,1.01769,3.47865,3.9203,3.9203,3.86311,2,1,1,421.932,1.87433,50.1154,1187.76,633.697,0.0,0.0,0.0,12.4048,0.0294,0.0156856,0.0,0.0,0.0,0.0,0.333333333,0.0,0.333333333,0.0,0.333333333,0.0,0.0,0.0,0.0,0,0.0,0,0.0,0,0.0,0,0.0,0.0,0,0,0.0,0,0,0,0,0,0,0
THO,8,14,6,9.833333333,3.689323937,1.52,2.1,0.58,1.67,0.31822424,80,101,21,94.83333333,12.50111106,10.0,17.36,7.36,15.25,4.302983461,0.02658,235.0,234.97342,64.18438667,132.9250288,90.2,3173.0,3082.8,1054.3,1934.463424,54.8,1687.0,1632.2,473.2783333,891.7012048,35.4,1858.53,4.6598,2.6504,4.6598,2.6504,2.39105,2.24836,4.6598,4.6598,4.6598,0,0,0,2259.84,1.74977,0.0,0.0,0.0,208.453,922.423,527.167,0.0,0.0,0.0,38.6432,0.0171,0.00977269,0.0,0.5,0.0,0.0,0.0,0.5,0.0,0.0,0.0,0.0,0,0.0,0,0.0,0,0.0,0,0.0,0.0,0,0,0.0,0,0,0,0,0,0,0
TON,8,14,6,10.0,4.242640687,1.52,2.1,0.58,1.713333333,0.410121933,85,101,16,95.66666667,11.3137085,12.06,17.36,5.3,15.59333333,3.74766594,0.02658,150.0,149.97342,50.01772,106.0472223,90.2,3173.0,3082.8,1117.8,2179.868785,54.8,1687.0,1632.2,598.8666667,1154.139688,35.4,1486.0,5.18769,4.64602,5.18769,1.69328,1.50744,4.64602,4.06763,5.18769,5.18769,2,1,1,1214.89,1.97098,132.134,1087.62,551.817,0.0,0.0,0.0,73.6223,0.0606,0.0307461,0.0,0.0,0.0,0.0,0.0,0.2,0.6,0.0,0.0,0.0,0.2,0.0,0.0,0,0.0,0,0.0,0,0.0,0,0.0,0.0,0,0,0.0,0,0,0,0,0,0,2
NAT,8,14,6,9.866666667,3.763072453,1.52,2.1,0.58,1.678666667,0.334685353,80,101,21,95.0,12.19265001,10.0,17.36,7.36,15.31866667,4.17427667,0.02658,235.0,234.97342,61.35105333,127.5581437,90.2,3173.0,3082.8,1067.0,1963.904425,54.8,1687.0,1632.2,498.396,939.0837544,35.4,1858.53,3.63962,2.90412,3.63962,2.90412,2.61046,2.90412,3.63962,3.63962,3.63962,4,1,1,6823.93,1.74161,563.916,826.379,474.492,111.378,163.216,93.7158,60.733,0.0089,0.00511022,11.6007,0.0017,0.000976109,0.0,0.5,0.0,0.0,0.0,0.25,0.25,0.0,0.0,0.0,0,0.0,0,0.0,0,0.0,0,0.0,0.0,0,0,0.0,0,0,0,0,0,0,0
APC,8,15,7,9.727272727,4.367713713,1.52,1.84,0.32,1.6,0.199846095,80,101,21,97.09090909,10.43662191,10.0,17.36,7.36,16.62909091,3.203865454,0.02658,235.0,234.97342,21.42587636,103.0243659,90.2,2792.0,2701.8,419.4181818,1175.336045,54.8,933.47,878.67,182.4063636,393.1705123,35.4,1858.53,4.30822,3.40177,4.30822,2.35943,2.8843,3.40177,4.30822,4.30822,4.30822,2,2,2,1837.67,1.5681,329.108,1790.9,1142.08,0.0,0.0,0.0,97.2129,0.0529,0.033735,0.0,0.0,0.0,0.0,0.5,0.0,0.166666667,0.0,0.333333333,0.0,0.0,0.0,0.0,0,0.0,0,0.0,0,0.0,0,0.0,0.0,0,0,0.0,0,0,0,0,0,0,4
GIS,8,14,6,9.833333333,3.689323937,1.52,2.1,0.58,1.67,0.31822424,80,101,21,94.83333333,12.50111106,10.0,17.36,7.36,15.25,4.302983461,0.02658,235.0,234.97342,64.18438667,132.9250288,90.2,3173.0,3082.8,1054.3,1934.463424,54.8,1687.0,1632.2,473.2783333,891.7012048,35.4,1858.53,4.81862,3.25578,4.81862,2.84406,3.15726,3.25578,4.81211,4.81862,4.81862,1,3,3,1046.85,1.5109,249.109,2379.6,1574.96,0.0,0.0,0.0,80.0841,0.0765,0.0506322,0.0,0.0,0.0,0.0,0.666666667,0.0,0.0,0.0,0.333333333,0.0,0.0,0.0,0.0,0,0.0,0,0.0,0,0.0,0,0.0,0.0,0,0,0.0,0,0,0,0,0,0,0
GIS,8,14,6,9.833333333,3.689323937,1.52,2.1,0.58,1.67,0.31822424,80,101,21,94.83333333,12.50111106,10.0,17.36,7.36,15.25,4.302983461,0.02658,235.0,234.97342,64.18438667,132.9250288,90.2,3173.0,3082.8,1054.3,1934.463424,54.8,1687.0,1632.2,473.2783333,891.7012048,35.4,1858.53,4.81786,3.25629,4.76104,2.84568,3.16077,3.25629,4.81786,4.81786,4.76104,1,3,3,1046.69,1.51113,248.881,2377.79,1573.52,0.0,0.0,0.0,79.9671,0.0764,0.0505582,0.0,0.0,0.0,0.0,0.666666667,0.0,0.0,0.0,0.333333333,0.0,0.0,0.0,0.0,0,0.0,0,0.0,0,0.0,0,0.0,0.0,0,0,0.0,0,0,0,0,0,0,0
TON,8,14,6,10.0,4.242640687,1.52,2.1,0.58,1.713333333,0.410121933,85,101,16,95.66666667,11.3137085,12.06,17.36,5.3,15.59333333,3.74766594,0.02658,150.0,149.97342,50.01772,106.0472223,90.2,3173.0,3082.8,1117.8,2179.868785,54.8,1687.0,1632.2,598.8666667,1154.139688,35.4,1486.0,5.32152,4.77642,5.32152,1.78708,1.39854,4.77642,4.92683,5.32152,5.32152,2,1,1,1222.06,1.95941,132.08,1080.79,551.591,0.0,0.0,0.0,79.6785,0.0652,0.0332753,0.0,0.0,0.0,0.0,0.0,0.2,0.6,0.0,0.0,0.0,0.2,0.0,0.0,0,0.0,0,0.0,0,0.0,0,0.0,0.0,0,0,0.0,0,0,0,0,0,0,2
MFI,8,14,6,10.0,4.242640687,1.52,2.1,0.58,1.713333333,0.410121933,85,101,16,95.66666667,11.3137085,12.06,17.36,5.3,15.59333333,3.74766594,0.02658,150.0,149.97342,50.01772,106.0472223,90.2,3173.0,3082.8,1117.8,2179.868785,54.8,1687.0,1632.2,598.8666667,1154.139688,35.4,1486.0,6.72759,5.21486,6.72759,5.21486,5.16004,5.16004,6.72759,6.41335,6.72759,1,3,3,5332.02,1.79633,798.345,1497.26,833.511,0.0,0.0,0.0,581.724,0.1091,0.0607348,0.0,0.0,0.0,0.0,0.03846153,0.423,0.308,0.0,0.0,0.0,0.23076,0.0,0.0,0,0.0,0,0.0,0,0.0,0,0.0,0.0,0,0,0.0,0,0,0,0,0,0,2
TON,8,14,6,10.0,4.242640687,1.52,2.1,0.58,1.713333333,0.410121933,85,101,16,95.66666667,11.3137085,12.06,17.36,5.3,15.59333333,3.74766594,0.02658,150.0,149.97342,50.01772,106.0472223,90.2,3173.0,3082.8,1117.8,2179.868785,54.8,1687.0,1632.2,598.8666667,1154.139688,35.4,1486.0,5.166,4.52203,5.166,1.81497,1.44079,4.52203,5.166,5.166,5.166,2,1,1,1216.17,1.96891,138.305,1137.22,577.588,0.0,0.0,0.0,72.7267,0.0598,0.0303721,0.0,0.0,0.0,0.0,0.0,0.2,0.6,0.0,0.0,0.0,0.2,0.0,0.0,0,0.0,0,0.0,0,0.0,0,0.0,0.0,0,0,0.0,0,0,0,0,0,0,2
MTW,8,14,6,10.0,4.242640687,1.52,2.1,0.58,1.713333333,0.410121933,85,101,16,95.66666667,11.3137085,12.06,17.36,5.3,15.59333333,3.74766594,0.02658,150.0,149.97342,50.01772,106.0472223,90.2,3173.0,3082.8,1117.8,2179.868785,54.8,1687.0,1632.2,598.8666667,1154.139688,35.4,1486.0,5.88142,5.49568,5.88142,1.17472,5.49568,2.04029,5.88142,5.88142,5.68173,2,1,1,1445.67,1.9324,168.674,1166.76,603.786,4.50035,31.1299,16.1094,115.943,0.0802,0.0415028,0.144567,0.0001,5.17e-05,0.0,0.1,0.2,0.6,0.0,0.0,0.0,0.0,0.0,0.1,0,0.0,0,0.0,0,0.0,0,0.0,0.0,0,0,0.0,0,0,0,0,0,0,2
SOD,8,32,24,12.83333333,12.39399496,1.52,2.11,0.59,1.671666667,0.322740005,80,101,21,94.66666667,12.77149604,10.0,17.36,7.36,15.51166667,3.982649174,0.02658,235.0,234.97342,49.18438667,121.5324092,90.2,3093.0,3002.8,1040.966667,1905.49972,54.8,1211.4,1156.6,394.0116667,687.8462038,35.4,1881.6,5.98768,1.56741,5.98768,1.56741,1.56741,1.56403,5.98768,5.98768,5.98768,0,0,0,750.965,2.17036,0.0,0.0,0.0,104.296,1388.83,639.907,0.0,0.0,0.0,52.4174,0.0698,0.0321606,0.0,0.5,0.0,0.5,0.0,0.0,0.0,0.0,0.0,0.0,0,0.0,0,0.0,0,0.0,0,0.0,0.0,0,0,0.0,0,0,0,0,0,0,1
NAT,8,14,6,9.866666667,3.763072453,1.52,2.1,0.58,1.678666667,0.334685353,80,101,21,95.0,12.19265001,10.0,17.36,7.36,15.31866667,4.17427667,0.02658,235.0,234.97342,61.35105333,127.5581437,90.2,3173.0,3082.8,1067.0,1963.904425,54.8,1687.0,1632.2,498.396,939.0837544,35.4,1858.53,3.72338,2.8684,3.72338,2.85913,2.65879,2.8684,3.72338,3.72338,3.72338,2,2,2,2384.84,1.66113,355.77,1491.79,898.059,0.0,0.0,0.0,39.5884,0.0166,0.00999318,0.0,0.0,0.0,0.0,0.5,0.0,0.0,0.0,0.25,0.25,0.0,0.0,0.0,0,0.0,0,0.0,0,0.0,0,0.0,0.0,0,0,0.0,0,0,0,0,0,0,0
SOD,8,30,22,12.83333333,11.44309593,1.52,2.01,0.49,1.648333333,0.270606315,76,101,25,95.0,13.29160136,9.16,17.36,8.2,15.93666667,4.289535069,0.02658,120.0,119.97342,20.05705333,63.20956202,90.2,1180.0,1089.8,348.4666667,577.0239895,54.8,692.68,637.88,204.8633333,336.9881899,35.4,487.32,5.35379,1.33256,5.35379,1.33256,1.33256,1.33256,5.35379,5.35379,5.35379,0,0,0,688.009,2.32221,0.0,0.0,0.0,80.4707,1169.62,503.664,0.0,0.0,0.0,32.1988,0.0468,0.0201532,0.0,0.5,0.0,0.5,0.0,0.0,0.0,0.0,0.0,0.0,0,0.0,0,0.0,0,0.0,0,0.0,0.0,0,0,0.0,0,0,0,0,0,0,6
SOD,8,33,25,15.83333333,15.71446609,1.52,2.01,0.49,1.656666667,0.281029852,76,101,25,94.83333333,13.42675604,9.16,17.36,8.2,15.25833333,4.479065503,0.02658,120.0,119.97342,28.35105333,63.44895448,90.2,1180.0,1089.8,404.6333333,640.141743,54.8,1090.0,1035.2,333.6466667,580.8032235,35.4,487.32,5.4269,1.32701,5.4269,1.32701,1.32701,1.32701,5.4269,5.4269,5.4269,0,0,0,735.652,2.76703,0.0,0.0,0.0,88.196,1198.88,433.275,0.0,0.0,0.0,36.1941,0.0492,0.0177808,0.0,0.5,0.0,0.5,0.0,0.0,0.0,0.0,0.0,0.0,0,0.0,0,0.0,0,0.0,0,0.0,0.0,0,0,0.0,0,0,0,0,0,0,6
LAU,8,14,6,9.888888889,3.820994635,1.52,2.1,0.58,1.684444444,0.345919066,80,101,21,95.11111111,12.00833044,10.0,17.36,7.36,15.36444444,4.094462114,0.02658,235.0,234.97342,59.46216444,124.059398,90.2,3173.0,3082.8,1075.466667,1988.294065,54.8,1687.0,1632.2,515.1411111,971.2994236,35.4,1858.53,6.0585,3.96005,6.0585,2.14925,2.14925,3.96005,6.0585,6.0585,6.0585,2,1,1,1349.17,1.76394,181.007,1341.62,760.58,0.0,0.0,0.0,109.957,0.0815,0.0462034,0.0,0.0,0.0,0.0,0.333333333,0.0,0.555555556,0.0,0.0,0.0,0.111111111,0.0,0.0,0,0.0,0,0.0,0,0.0,0,0.0,0.0,0,0,0.0,0,0,0,0,0,0,0
AEL,8,15,7,10.0,4.082482905,1.52,1.84,0.32,1.62,0.200665559,80,101,21,95.66666667,11.4212278,10.0,17.36,7.36,16.07666667,3.847229884,0.02658,235.0,234.97342,39.22372,123.8198386,90.2,2792.0,2701.8,617.1333333,1395.849425,54.8,933.47,878.67,244.995,456.0418076,35.4,1858.53,5.356,4.24771,5.356,2.10682,2.12235,4.24771,5.356,5.356,5.356,2,1,1,2093.66,1.93447,222.652,1063.46,549.741,6.8621,32.7757,16.943,135.041,0.0645,0.0333424,0.0,0.0,0.0,0.0,0.090909091,0.0,0.818181818,0.0,0.0,0.0,0.090909091,0.0,0.0,0,0.0,0,0.0,0,0.0,0,0.0,0.0,0,0,0.0,0,0,0,0,0,0,4
MEL,8,14,6,10.0,4.242640687,1.52,2.1,0.58,1.713333333,0.410121933,85,101,16,95.66666667,11.3137085,12.06,17.36,5.3,15.59333333,3.74766594,0.02658,150.0,149.97342,50.01772,106.0472223,90.2,3173.0,3082.8,1117.8,2179.868785,54.8,1687.0,1632.2,598.8666667,1154.139688,35.4,1486.0,7.47837,4.95068,7.47837,4.95068,4.95068,4.95068,7.47837,7.47837,7.36986,1,3,3,5398.04,1.77437,799.286,1480.7,834.494,0.0360863,0.0668509,0.0376759,586.227,0.1086,0.0612049,0.0,0.0,0.0,0.0,0.125,0.3125,0.25,0.0,0.125,0.0,0.1875,0.0,0.0,0,0.0,0,0.0,0,0.0,0,0.0,0.0,0,0,0.0,0,0,0,0,0,0,2
FER,8,14,6,10.0,4.242640687,1.52,2.1,0.58,1.713333333,0.410121933,85,101,16,95.66666667,11.3137085,12.06,17.36,5.3,15.59333333,3.74766594,0.02658,150.0,149.97342,50.01772,106.0472223,90.2,3173.0,3082.8,1117.8,2179.868785,54.8,1687.0,1632.2,598.8666667,1154.139688,35.4,1486.0,5.89318,4.56657,5.3442,1.4487,3.14161,4.56657,5.89318,5.89318,5.3442,2,2,2,1868.34,1.92244,285.291,1526.97,794.288,0.0,0.0,0.0,152.27,0.0815,0.042394,0.0,0.0,0.0,0.0,0.0,0.571428571,0.142857143,0.0,0.142857143,0.0,0.142857143,0.0,0.0,0,0.0,0,0.0,0,0.0,0,0.0,0.0,0,0,0.0,0,0,0,0,0,0,2
TON,8,14,6,10.0,4.242640687,1.52,2.1,0.58,1.713333333,0.410121933,85,101,16,95.66666667,11.3137085,12.06,17.36,5.3,15.59333333,3.74766594,0.02658,150.0,149.97342,50.01772,106.0472223,90.2,3173.0,3082.8,1117.8,2179.868785,54.8,1687.0,1632.2,598.8666667,1154.139688,35.4,1486.0,5.32029,4.87893,5.32029,1.67855,1.30722,4.87893,5.32029,5.32029,5.32029,2,1,1,1216.29,1.96871,126.858,1042.99,529.783,0.0,0.0,0.0,75.1669,0.0618,0.0313912,0.0,0.0,0.0,0.0,0.0,0.2,0.6,0.0,0.0,0.0,0.2,0.0,0.0,0,0.0,0,0.0,0,0.0,0,0.0,0.0,0,0,0.0,0,0,0,0,0,0,2
EUO,8,14,6,10.0,4.242640687,1.52,2.1,0.58,1.713333333,0.410121933,85,101,16,95.66666667,11.3137085,12.06,17.36,5.3,15.59333333,3.74766594,0.02658,150.0,149.97342,50.01772,106.0472223,90.2,3173.0,3082.8,1117.8,2179.868785,54.8,1687.0,1632.2,598.8666667,1154.139688,35.4,1486.0,6.73823,4.30085,5.99598,4.30085,1.99698,2.34574,5.99598,6.73823,6.60574,2,1,1,6169.52,1.81124,831.524,1347.8,744.131,28.4417,46.1004,25.4525,661.372,0.1072,0.0591861,3.08476,0.0005,0.000276055,0.0,0.142857143,0.5,0.285714286,0.0,0.0,0.0,0.071428571,0.0,0.0,0,0.0,0,0.0,0,0.0,0,0.0,0.0,0,0,0.0,0,0,0,0,0,0,2
FAU,8,14,6,9.833333333,3.689323937,1.52,2.1,0.58,1.67,0.31822424,80,101,21,94.83333333,12.50111106,10.0,17.36,7.36,15.25,4.302983461,0.02658,235.0,234.97342,64.18438667,132.9250288,90.2,3173.0,3082.8,1054.3,1934.463424,54.8,1687.0,1632.2,473.2783333,891.7012048,35.4,1858.53,11.5897,7.50424,11.5897,7.50424,7.50424,7.50424,11.5897,11.5897,11.5897,1,3,3,15737.8,1.20603,2483.25,1577.89,1308.34,371.714,236.192,195.843,4455.36,0.2831,0.234737,190.427,0.0121,0.0100329,0.0,0.4,0.0,0.4,0.0,0.0,0.0,0.0,0.0,0.2,0,0.0,0,0.0,0,0.0,0,0.0,0.0,0,0,0.0,0,0,0,0,0,0,3
FAU,8,14,6,9.833333333,3.689323937,1.52,2.1,0.58,1.67,0.31822424,80,101,21,94.83333333,12.50111106,10.0,17.36,7.36,15.25,4.302983461,0.02658,235.0,234.97342,64.18438667,132.9250288,90.2,3173.0,3082.8,1054.3,1934.463424,54.8,1687.0,1632.2,473.2783333,891.7012048,35.4,1858.53,11.76616,7.28022,11.76546,7.28022,7.28022,7.28022,11.76616,11.76546,11.76546,1,3,3,15737.8,1.20603,2536.97,1612.03,1336.64,474.613,301.576,250.057,4488.41,0.2852,0.236479,262.821,0.0167,0.0138471,0.0,0.4,0.0,0.4,0.0,0.0,0.0,0.0,0.0,0.2,0,0.0,0,0.0,0,0.0,0,0.0,0.0,0,0,0.0,0,0,0,0,0,0,3
FAU,8,14,6,9.833333333,3.689323937,1.52,2.1,0.58,1.67,0.31822424,80,101,21,94.83333333,12.50111106,10.0,17.36,7.36,15.25,4.302983461,0.02658,235.0,234.97342,64.18438667,132.9250288,90.2,3173.0,3082.8,1054.3,1934.463424,54.8,1687.0,1632.2,473.2783333,891.7012048,35.4,1858.53,11.79158,7.27998,11.79155,7.27997,7.27998,7.27997,11.79158,11.79155,11.79158,1,3,3,15737.8,1.20603,2583.72,1641.73,1361.27,460.103,292.356,242.412,4524.61,0.2875,0.238386,258.099,0.0164,0.0135984,0.0,0.4,0.0,0.4,0.0,0.0,0.0,0.0,0.0,0.2,0,0.0,0,0.0,0,0.0,0,0.0,0.0,0,0,0.0,0,0,0,0,0,0,3
MFI,8,14,6,10.02816901,4.242640687,1.52,2.1,0.58,1.716056338,0.410121933,85,101,16,95.5915493,11.3137085,12.06,17.36,5.3,15.5684507,3.74766594,0.02658,150.0,149.97342,50.72182056,106.0472223,90.2,3173.0,3082.8,1132.273239,2179.868785,54.8,1687.0,1632.2,606.5295775,1154.139688,35.4,1486.0,6.58655,4.87316,6.58655,4.60513,4.87316,4.60513,6.5852,6.58655,6.58655,1,3,3,5359.05,1.76744,839.522,1566.55,886.336,0.0,0.0,0.0,550.91,0.1028,0.0581631,0.0,0.0,0.0,0.0,0.03846153,0.423,0.308,0.0,0.0,0.0,0.23076,0.0,0.0,0,0.0,0,0.0,0,0.0,0,0.0,0.0,0,0,0.0,0,0,0,0,0,0,2
BPH,8,14,6,9.833333333,3.689323937,1.52,2.1,0.58,1.67,0.31822424,80,101,21,94.83333333,12.50111106,10.0,17.36,7.36,15.25,4.302983461,0.02658,235.0,234.97342,64.18438667,132.9250288,90.2,3173.0,3082.8,1054.3,1934.463424,54.8,1687.0,1632.2,473.2783333,891.7012048,35.4,1858.53,9.69981,6.16461,9.69981,3.64107,3.64107,6.16461,9.69981,9.69981,9.69981,1,3,3,2119.05,1.30622,439.73,2075.13,1588.65,0.0,0.0,0.0,475.091,0.2242,0.17164,0.0,0.0,0.0,0.0,0.5,0.0,0.166666667,0.0,0.166666667,0.0,0.0,0.0,0.166666667,0,0.0,0,0.0,0,0.0,0,0.0,0.0,0,0,0.0,0,0,0,0,0,0,3
ABW,8,14,6,9.833333333,3.689323937,1.52,2.1,0.58,1.67,0.31822424,80,101,21,94.83333333,12.50111106,10.0,17.36,7.36,15.25,4.302983461,0.02658,235.0,234.97342,64.18438667,132.9250288,90.2,3173.0,3082.8,1054.3,1934.463424,54.8,1687.0,1632.2,473.2783333,891.7012048,35.4,1858.53,3.32714,2.16724,3.32714,2.16724,1.88006,1.88006,3.32714,3.32714,3.32714,0,0,0,422.933,1.8699,0.0,0.0,0.0,16.7858,396.891,212.253,0.0,0.0,0.0,1.48027,0.0035,0.00187176,0.0,0.333333333,0.0,0.333333333,0.0,0.333333333,0.0,0.0,0.0,0.0,0,0.0,0,0.0,0,0.0,0,0.0,0.0,0,0,0.0,0,0,0,0,0,0,0
FAU,8,14,6,9.833333333,3.689323937,1.52,2.1,0.58,1.67,0.31822424,80,101,21,94.83333333,12.50111106,10.0,17.36,7.36,15.25,4.302983461,0.02658,235.0,234.97342,64.18438667,132.9250288,90.2,3173.0,3082.8,1054.3,1934.463424,54.8,1687.0,1632.2,473.2783333,891.7012048,35.4,1858.53,11.50344,7.46106,11.50344,7.46106,7.46077,7.46076,11.50344,11.50344,11.50344,1,3,3,15756.6,1.20459,2485.48,1577.42,1309.51,403.105,255.832,212.382,4403.97,0.2795,0.23203,209.563,0.0133,0.0110411,0.0,0.4,0.0,0.4,0.0,0.0,0.0,0.0,0.0,0.2,0,0.0,0,0.0,0,0.0,0,0.0,0.0,0,0,0.0,0,0,0,0,0,0,3
FAU,8,14,6,9.833333333,3.689323937,1.52,2.1,0.58,1.67,0.31822424,80,101,21,94.83333333,12.50111106,10.0,17.36,7.36,15.25,4.302983461,0.02658,235.0,234.97342,64.18438667,132.9250288,90.2,3173.0,3082.8,1054.3,1934.463424,54.8,1687.0,1632.2,473.2783333,891.7012048,35.4,1858.53,11.59319,7.23206,11.59302,7.23206,7.23206,7.23206,11.59302,11.41779,11.41778,1,3,3,15364.0,1.23537,2429.88,1581.55,1280.22,425.508,276.952,224.185,4246.6,0.2764,0.223738,228.923,0.0149,0.0120612,0.0,0.4,0.0,0.4,0.0,0.0,0.0,0.0,0.0,0.2,0,0.0,0,0.0,0,0.0,0,0.0,0.0,0,0,0.0,0,0,0,0,0,0,3
FAU,8,14,6,9.833333333,3.689323937,1.52,2.1,0.58,1.67,0.31822424,80,101,21,94.83333333,12.50111106,10.0,17.36,7.36,15.25,4.302983461,0.02658,235.0,234.97342,64.18438667,132.9250288,90.2,3173.0,3082.8,1054.3,1934.463424,54.8,1687.0,1632.2,473.2783333,891.7012048,35.4,1858.53,11.45341,7.52451,11.45341,7.50514,7.52451,7.52451,11.45341,11.45341,11.45341,1,3,3,15851.1,1.19741,2529.86,1596.02,1332.89,415.381,262.052,218.85,4506.46,0.2843,0.23743,209.234,0.0132,0.0110238,0.0,0.4,0.0,0.4,0.0,0.0,0.0,0.0,0.0,0.2,0,0.0,0,0.0,0,0.0,0,0.0,0.0,0,0,0.0,0,0,0,0,0,0,3
FAU,8,14,6,9.833333333,3.689323937,1.52,2.1,0.58,1.67,0.31822424,80,101,21,94.83333333,12.50111106,10.0,17.36,7.36,15.25,4.302983461,0.02658,235.0,234.97342,64.18438667,132.9250288,90.2,3173.0,3082.8,1054.3,1934.463424,54.8,1687.0,1632.2,473.2783333,891.7012048,35.4,1858.53,11.73394,7.3925,11.73394,7.3925,7.3925,7.3925,11.73394,11.73394,11.73394,1,3,3,15832.2,1.19884,2503.93,1581.55,1319.23,451.164,284.967,237.702,4509.0,0.2848,0.237563,242.232,0.0153,0.0127624,0.0,0.4,0.0,0.4,0.0,0.0,0.0,0.0,0.0,0.2,0,0.0,0,0.0,0,0.0,0,0.0,0.0,0,0,0.0,0,0,0,0,0,0,3
LAU,8,14,6,9.888888889,3.820994635,1.52,2.1,0.58,1.684444444,0.345919066,80,101,21,95.11111111,12.00833044,10.0,17.36,7.36,15.36444444,4.094462114,0.02658,235.0,234.97342,59.46216444,124.059398,90.2,3173.0,3082.8,1075.466667,1988.294065,54.8,1687.0,1632.2,515.1411111,971.2994236,35.4,1858.53,6.07721,4.28162,6.07721,2.26115,2.26115,4.28162,6.07721,6.07721,6.07721,2,1,1,1384.66,1.71873,199.682,1442.1,839.05,0.0,0.0,0.0,123.512,0.0892,0.0518989,0.0,0.0,0.0,0.0,0.333333333,0.0,0.555555556,0.0,0.0,0.0,0.111111111,0.0,0.0,0,0.0,0,0.0,0,0.0,0,0.0,0.0,0,0,0.0,0,0,0,0,0,0,0
SGT,8,14,6,10.0,4.242640687,1.52,2.1,0.58,1.713333333,0.410121933,85,101,16,95.66666667,11.3137085,12.06,17.36,5.3,15.59333333,3.74766594,0.02658,150.0,149.97342,50.01772,106.0472223,90.2,3173.0,3082.8,1117.8,2179.868785,54.8,1687.0,1632.2,598.8666667,1154.139688,35.4,1486.0,7.71189,1.99567,7.71189,1.99567,1.99567,1.99567,7.71189,7.51556,7.71189,0,0,0,3604.39,1.77156,0.0,0.0,0.0,512.508,1421.9,802.625,0.0,0.0,0.0,390.716,0.1084,0.061189,0.0,0.333333333,0.333333333,0.333333333,0.0,0.0,0.0,0.0,0.0,0.0,0,0.0,0,0.0,0,0.0,0,0.0,0.0,0,0,0.0,0,0,0,0,0,0,1
ABW,8,33,25,13.0,17.67766953,1.52,1.85,0.33,1.586,0.233345238,89,101,12,98.6,8.485281374,12.95,17.36,4.41,16.478,3.118340905,0.02658,50.0,49.97342,10.021264,35.33654416,90.2,887.0,796.8,249.56,563.4226832,54.8,1090.0,1035.2,261.84,731.9969399,35.4,203.0,3.56668,3.09594,3.56668,1.09371,1.09371,3.09594,3.56668,3.56668,3.56668,2,1,1,393.055,2.34755,31.6905,806.261,343.448,0.0,0.0,0.0,3.96985,0.0101,0.00430236,0.0,0.0,0.0,0.0,0.333333333,0.0,0.333333333,0.0,0.333333333,0.0,0.0,0.0,0.0,0,0.0,0,0.0,0,0.0,0,0.0,0.0,0,0,0.0,0,0,0,0,0,0,6
VFI,8,15,7,10.0,4.082482905,1.52,1.84,0.32,1.62,0.200665559,80,101,21,95.66666667,11.4212278,10.0,17.36,7.36,16.07666667,3.847229884,0.02658,235.0,234.97342,39.22372,123.8198386,90.2,2792.0,2701.8,617.1333333,1395.849425,54.8,933.47,878.67,244.995,456.0418076,35.4,1858.53,12.05243,11.44691,12.05243,1.95854,1.95854,11.44691,12.05243,12.05243,12.05243,1,1,1,2506.79,1.45409,327.679,1307.17,898.956,10.3653,41.349,28.4363,648.006,0.2585,0.177774,0.752038,0.0003,0.000206314,0.0,0.125,0.0,0.75,0.0,0.0,0.0,0.0,0.0,0.0,0,0.0,0,0.0,0,0.125,0,0.0,0.0,0,0,0.0,0,0,0,0,0,0,4
WEI,8,15,7,9.4,4.949747468,1.52,1.8,0.28,1.576,0.197989899,90,101,11,98.8,7.778174593,17.02,17.36,0.34,17.292,0.240416306,0.02658,0.236,0.20942,0.068464,0.148082302,90.2,550.0,459.8,182.16,325.127698,54.8,317.3,262.5,107.3,185.6155301,35.4,232.7,4.08437,3.37787,4.08437,3.14732,3.14732,3.37787,4.06707,4.06707,4.08437,1,3,3,1106.84,1.13983,300.361,2713.67,2380.77,0.0,0.0,0.0,74.7119,0.0675,0.0592194,0.0,0.0,0.0,0.2,0.2,0.0,0.2,0.0,0.2,0.0,0.2,0.0,0.0,0,0.0,0,0.0,0,0.0,0,0.0,0.0,0,0,0.0,0,0,0,0,0,0,7
LAU,8,14,6,9.888888889,3.820994635,1.52,2.1,0.58,1.684444444,0.345919066,80,101,21,95.11111111,12.00833044,10.0,17.36,7.36,15.36444444,4.094462114,0.02658,235.0,234.97342,59.46216444,124.059398,90.2,3173.0,3082.8,1075.466667,1988.294065,54.8,1687.0,1632.2,515.1411111,971.2994236,35.4,1858.53,6.14153,4.22589,6.14153,2.33501,2.33501,4.22589,6.14033,6.14153,6.14153,2,1,1,1383.52,1.72014,201.439,1455.99,846.432,0.0,0.0,0.0,124.655,0.0901,0.0523793,0.0,0.0,0.0,0.0,0.333333333,0.0,0.555555556,0.0,0.0,0.0,0.111111111,0.0,0.0,0,0.0,0,0.0,0,0.0,0,0.0,0.0,0,0,0.0,0,0,0,0,0,0,0
LAU,8,14,6,9.888888889,3.820994635,1.52,2.1,0.58,1.684444444,0.345919066,80,101,21,95.11111111,12.00833044,10.0,17.36,7.36,15.36444444,4.094462114,0.02658,235.0,234.97342,59.46216444,124.059398,90.2,3173.0,3082.8,1075.466667,1988.294065,54.8,1687.0,1632.2,515.1411111,971.2994236,35.4,1858.53,5.87151,4.177,5.87151,1.90502,1.90502,4.177,5.87151,5.74617,5.87151,2,1,1,1380.77,1.72357,199.942,1448.05,840.143,0.0,0.0,0.0,118.746,0.086,0.0498964,0.0,0.0,0.0,0.0,0.333333333,0.0,0.555555556,0.0,0.0,0.0,0.111111111,0.0,0.0,0,0.0,0,0.0,0,0.0,0,0.0,0.0,0,0,0.0,0,0,0,0,0,0,0
LOS,3,15,12,9.074074074,5.220622756,1.52,1.82,0.3,1.637037037,0.188856206,12,101,89,84.96296296,41.14917863,13.02,17.36,4.34,16.62888889,2.020984035,0.02658,85.0,84.97342,12.66952889,40.32022452,90.2,1615.0,1524.8,435.3037037,707.5188957,54.8,453.69,398.89,181.9503704,212.4876545,35.4,1161.31,3.92066,3.00354,3.92066,1.82918,1.82918,3.00354,3.72468,3.92066,3.92066,1,1,1,1062.79,1.5642,27.8653,262.189,167.619,12.0566,113.443,72.5247,4.03861,0.0038,0.00242936,0.850234,0.0008,0.000511444,0.0,0.2,0.0,0.8,0.0,0.0,0.0,0.0,0.0,0.0,0,0.0,0,0.0,0,0.0,0,0.0,0.0,0,0,0.0,0,0,0,0,0,0,5
ABW,8,14,6,9.833333333,3.689323937,1.52,2.1,0.58,1.67,0.31822424,80,101,21,94.83333333,12.50111106,10.0,17.36,7.36,15.25,4.302983461,0.02658,235.0,234.97342,64.18438667,132.9250288,90.2,3173.0,3082.8,1054.3,1934.463424,54.8,1687.0,1632.2,473.2783333,891.7012048,35.4,1858.53,3.91867,3.44501,3.86601,1.0308,1.0308,3.44501,3.91867,3.90638,3.86601,2,1,1,421.932,1.87433,48.7754,1156.0,616.754,0.0,0.0,0.0,11.4344,0.0271,0.0144585,0.0,0.0,0.0,0.0,0.333333333,0.0,0.333333333,0.0,0.333333333,0.0,0.0,0.0,0.0,0,0.0,0,0.0,0,0.0,0,0.0,0.0,0,0,0.0,0,0,0,0,0,0,0
NAT,8,14,6,9.866666667,3.763072453,1.52,2.1,0.58,1.678666667,0.334685353,80,101,21,95.0,12.19265001,10.0,17.36,7.36,15.31866667,4.17427667,0.02658,235.0,234.97342,61.35105333,127.5581437,90.2,3173.0,3082.8,1067.0,1963.904425,54.8,1687.0,1632.2,498.396,939.0837544,35.4,1858.53,4.40478,3.70771,4.40478,2.90937,2.90937,3.70771,4.40221,4.40221,4.40478,1,3,3,2474.71,1.60081,503.273,2033.67,1270.4,0.0,0.0,0.0,158.134,0.0639,0.0399172,0.0,0.0,0.0,0.0,0.5,0.0,0.0,0.0,0.25,0.25,0.0,0.0,0.0,0,0.0,0,0.0,0,0.0,0,0.0,0.0,0,0,0.0,0,0,0,0,0,0,0
THO,8,14,6,9.833333333,3.689323937,1.52,2.1,0.58,1.67,0.31822424,80,101,21,94.83333333,12.50111106,10.0,17.36,7.36,15.25,4.302983461,0.02658,235.0,234.97342,64.18438667,132.9250288,90.2,3173.0,3082.8,1054.3,1934.463424,54.8,1687.0,1632.2,473.2783333,891.7012048,35.4,1858.53,4.66113,2.63715,4.66113,2.63715,2.37287,2.24339,4.66113,4.66113,4.61113,0,0,0,2266.46,1.74466,0.0,0.0,0.0,206.47,910.979,522.152,0.0,0.0,0.0,38.0766,0.0168,0.00962938,0.0,0.5,0.0,0.0,0.0,0.5,0.0,0.0,0.0,0.0,0,0.0,0,0.0,0,0.0,0,0.0,0.0,0,0,0.0,0,0,0,0,0,0,0
MTN,8,14,6,10.0,4.242640687,1.52,2.1,0.58,1.713333333,0.410121933,85,101,16,95.66666667,11.3137085,12.06,17.36,5.3,15.59333333,3.74766594,0.02658,150.0,149.97342,50.01772,106.0472223,90.2,3173.0,3082.8,1117.8,2179.868785,54.8,1687.0,1632.2,598.8666667,1154.139688,35.4,1486.0,7.0919,2.40384,7.0919,2.40384,2.40384,2.40384,7.0919,7.0919,7.0919,0,0,0,7304.77,1.85755,0.0,0.0,0.0,1091.28,1493.93,804.247,0.0,0.0,0.0,635.515,0.087,0.0468359,0.0,0.0,0.666666667,0.333333333,0.0,0.0,0.0,0.0,0.0,0.0,0,0.0,0,0.0,0,0.0,0,0.0,0.0,0,0,0.0,0,0,0,0,0,0,1
MFI,8,14,6,10.0,4.242640687,1.52,2.1,0.58,1.713333333,0.410121933,85,101,16,95.66666667,11.3137085,12.06,17.36,5.3,15.59333333,3.74766594,0.02658,150.0,149.97342,50.01772,106.0472223,90.2,3173.0,3082.8,1117.8,2179.868785,54.8,1687.0,1632.2,598.8666667,1154.139688,35.4,1486.0,6.87186,5.21782,6.87185,5.16246,5.21782,5.16246,6.6505,6.87185,6.87186,1,3,3,5341.2,1.79325,801.283,1500.19,836.579,0.0,0.0,0.0,586.464,0.1098,0.0612297,0.0,0.0,0.0,0.0,0.03846153,0.423,0.308,0.0,0.0,0.0,0.23076,0.0,0.0,0,0.0,0,0.0,0,0.0,0,0.0,0.0,0,0,0.0,0,0,0,0,0,0,2
VFI,8,15,7,10.0,4.082482905,1.52,1.84,0.32,1.62,0.200665559,80,101,21,95.66666667,11.4212278,10.0,17.36,7.36,16.07666667,3.847229884,0.02658,235.0,234.97342,39.22372,123.8198386,90.2,2792.0,2701.8,617.1333333,1395.849425,54.8,933.47,878.67,244.995,456.0418076,35.4,1858.53,12.31022,11.7517,12.31022,2.10362,2.10362,11.7517,12.31022,12.31022,12.31022,1,1,1,2533.47,1.43878,325.293,1283.98,892.409,25.3269,99.9692,69.4819,669.344,0.2642,0.183628,3.04017,0.0012,0.00083404,0.0,0.125,0.0,0.75,0.0,0.0,0.0,0.0,0.0,0.0,0,0.0,0,0.0,0,0.125,0,0.0,0.0,0,0,0.0,0,0,0,0,0,0,4
CAN,8,14,6,9.833333333,3.689323937,1.52,2.1,0.58,1.67,0.31822424,80,101,21,94.83333333,12.50111106,10.0,17.36,7.36,15.25,4.302983461,0.02658,235.0,234.97342,64.18438667,132.9250288,90.2,3173.0,3082.8,1054.3,1934.463424,54.8,1687.0,1632.2,473.2783333,891.7012048,35.4,1858.53,6.32889,5.92576,6.32889,2.25252,2.25252,5.92576,6.32889,6.32889,6.32889,1,1,1,766.529,1.54758,74.5193,972.164,628.185,55.1352,719.283,464.781,54.7302,0.0714,0.0461367,15.7139,0.0205,0.0132465,0.0,0.25,0.0,0.5,0.0,0.0,0.0,0.0,0.0,0.25,0,0.0,0,0.0,0,0.0,0,0.0,0.0,0,0,0.0,0,0,0,0,0,0,0
CAN,8,14,6,9.833333333,3.689323937,1.52,2.1,0.58,1.67,0.31822424,80,101,21,94.83333333,12.50111106,10.0,17.36,7.36,15.25,4.302983461,0.02658,235.0,234.97342,64.18438667,132.9250288,90.2,3173.0,3082.8,1054.3,1934.463424,54.8,1687.0,1632.2,473.2783333,891.7012048,35.4,1858.53,6.12619,5.73725,6.12619,2.30549,2.30513,5.73725,6.12619,6.12619,6.12619,1,1,1,760.689,1.55946,70.3437,924.737,592.986,60.2091,791.508,507.553,48.4559,0.0637,0.0408475,17.2676,0.0227,0.0145563,0.0,0.25,0.0,0.5,0.0,0.0,0.0,0.0,0.0,0.25,0,0.0,0,0.0,0,0.0,0,0.0,0.0,0,0,0.0,0,0,0,0,0,0,0
TON,8,14,6,10.0,4.242640687,1.52,2.1,0.58,1.713333333,0.410121933,85,101,16,95.66666667,11.3137085,12.06,17.36,5.3,15.59333333,3.74766594,0.02658,150.0,149.97342,50.01772,106.0472223,90.2,3173.0,3082.8,1117.8,2179.868785,54.8,1687.0,1632.2,598.8666667,1154.139688,35.4,1486.0,5.32302,4.88014,5.32302,1.74643,1.30192,4.88014,4.90159,5.32302,5.32302,2,1,1,1214.89,1.97098,126.456,1040.89,528.105,0.0,0.0,0.0,75.4447,0.0621,0.0315072,0.0,0.0,0.0,0.0,0.0,0.2,0.6,0.0,0.0,0.0,0.2,0.0,0.0,0,0.0,0,0.0,0,0.0,0,0.0,0.0,0,0,0.0,0,0,0,0,0,0,2
NAT,8,14,6,9.866666667,3.763072453,1.52,2.1,0.58,1.678666667,0.334685353,80,101,21,95.0,12.19265001,10.0,17.36,7.36,15.31866667,4.17427667,0.02658,235.0,234.97342,61.35105333,127.5581437,90.2,3173.0,3082.8,1067.0,1963.904425,54.8,1687.0,1632.2,498.396,939.0837544,35.4,1858.53,3.22802,2.32042,3.22445,2.31744,2.31744,2.32042,3.22801,3.22445,3.22445,0,0,0,2122.89,1.86611,0.0,0.0,0.0,70.2535,330.934,177.339,0.0,0.0,0.0,5.09493,0.0024,0.0012861,0.0,0.5,0.0,0.0,0.0,0.25,0.25,0.0,0.0,0.0,0,0.0,0,0.0,0,0.0,0,0.0,0.0,0,0,0.0,0,0,0,0,0,0,0
NAT,8,14,6,9.866666667,3.763072453,1.52,2.1,0.58,1.678666667,0.334685353,80,101,21,95.0,12.19265001,10.0,17.36,7.36,15.31866667,4.17427667,0.02658,235.0,234.97342,61.35105333,127.5581437,90.2,3173.0,3082.8,1067.0,1963.904425,54.8,1687.0,1632.2,498.396,939.0837544,35.4,1858.53,3.45465,2.61252,3.45465,2.60402,2.61252,2.61252,3.45465,3.45465,3.45465,0,0,0,2245.78,1.76399,0.0,0.0,0.0,152.63,679.63,385.28,0.0,0.0,0.0,15.0467,0.0067,0.0037982,0.0,0.5,0.0,0.0,0.0,0.25,0.25,0.0,0.0,0.0,0,0.0,0,0.0,0,0.0,0,0.0,0.0,0,0,0.0,0,0,0,0,0,0,0
LOV,8,14,6,9.68,4.242640687,1.52,2.1,0.58,1.6824,0.410121933,85,101,16,96.52,11.3137085,12.06,17.36,5.3,15.876,3.74766594,0.02658,150.0,149.97342,42.0191376,106.0472223,90.2,3173.0,3082.8,953.384,2179.868785,54.8,1687.0,1632.2,511.816,1154.139688,35.4,1486.0,4.42946,3.19569,4.42946,3.19569,3.15168,3.08853,4.42946,3.98564,3.70506,1,3,3,1961.91,1.64059,309.377,1576.92,961.191,0.0,0.0,0.0,67.0973,0.0342,0.0208462,0.0,0.0,0.0,0.142857143,0.285714286,0.0,0.142857143,0.0,0.285714286,0.142857143,0.0,0.0,0.0,0,0.0,0,0.0,0,0.0,0,0.0,0.0,0,0,0.0,0,0,0,0,0,0,2
VFI,8,15,7,10.0,4.082482905,1.52,1.84,0.32,1.62,0.200665559,80,101,21,95.66666667,11.4212278,10.0,17.36,7.36,16.07666667,3.847229884,0.02658,235.0,234.97342,39.22372,123.8198386,90.2,2792.0,2701.8,617.1333333,1395.849425,54.8,933.47,878.67,244.995,456.0418076,35.4,1858.53,11.88971,11.31408,11.88971,1.77658,1.77658,11.31408,11.88971,11.88971,11.88971,1,1,1,2531.24,1.44005,331.75,1310.62,910.125,13.8961,54.8984,38.1226,676.6,0.2673,0.185619,2.78436,0.0011,0.000763863,0.0,0.125,0.0,0.75,0.0,0.0,0.0,0.0,0.0,0.0,0,0.0,0,0.0,0,0.125,0,0.0,0.0,0,0,0.0,0,0,0,0,0,0,4
OFF,8,14,6,10.0,4.242640687,1.52,2.1,0.58,1.713333333,0.410121933,85,101,16,95.66666667,11.3137085,12.06,17.36,5.3,15.59333333,3.74766594,0.02658,150.0,149.97342,50.01772,106.0472223,90.2,3173.0,3082.8,1117.8,2179.868785,54.8,1687.0,1632.2,598.8666667,1154.139688,35.4,1486.0,7.44115,6.68295,7.44115,3.70055,3.70055,6.68295,7.44115,7.15589,7.44115,1,3,3,1151.44,1.5597,210.18,1825.37,1170.34,2.15948,18.7547,12.0246,177.897,0.1545,0.0990576,0.115144,0.0001,6.4115e-05,0.0,0.375,0.0,0.375,0.0,0.125,0.0,0.0,0.0,0.125,0,0.0,0,0.0,0,0.0,0,0.0,0.0,0,0,0.0,0,0,0,0,0,0,2
OFF,8,14,6,10.0,4.242640687,1.52,2.1,0.58,1.713333333,0.410121933,85,101,16,95.66666667,11.3137085,12.06,17.36,5.3,15.59333333,3.74766594,0.02658,150.0,149.97342,50.01772,106.0472223,90.2,3173.0,3082.8,1117.8,2179.868785,54.8,1687.0,1632.2,598.8666667,1154.139688,35.4,1486.0,7.36023,6.55412,7.36023,3.66514,3.66514,6.55412,7.22304,7.22305,7.36023,1,3,3,1127.53,1.59277,205.498,1822.55,1144.26,2.20127,19.523,12.2572,169.805,0.1506,0.094552,0.225505,0.0002,0.000125567,0.0,0.375,0.0,0.375,0.0,0.125,0.0,0.0,0.0,0.125,0,0.0,0,0.0,0,0.0,0,0.0,0.0,0,0,0.0,0,0,0,0,0,0,2
OFF,8,14,6,10.0,4.242640687,1.52,2.1,0.58,1.713333333,0.410121933,85,101,16,95.66666667,11.3137085,12.06,17.36,5.3,15.59333333,3.74766594,0.02658,150.0,149.97342,50.01772,106.0472223,90.2,3173.0,3082.8,1117.8,2179.868785,54.8,1687.0,1632.2,598.8666667,1154.139688,35.4,1486.0,7.39279,6.69813,7.39279,3.74202,3.74202,6.69813,7.04094,7.39279,7.39279,1,3,3,1139.49,1.57605,206.958,1816.24,1152.4,2.03603,17.8679,11.3371,174.798,0.1534,0.0973319,0.113949,0.0001,6.34e-05,0.0,0.375,0.0,0.375,0.0,0.125,0.0,0.0,0.0,0.125,0,0.0,0,0.0,0,0.0,0,0.0,0.0,0,0,0.0,0,0,0,0,0,0,2
OFF,8,14,6,10.0,4.242640687,1.52,2.1,0.58,1.713333333,0.410121933,85,101,16,95.66666667,11.3137085,12.06,17.36,5.3,15.59333333,3.74766594,0.02658,150.0,149.97342,50.01772,106.0472223,90.2,3173.0,3082.8,1117.8,2179.868785,54.8,1687.0,1632.2,598.8666667,1154.139688,35.4,1486.0,7.40007,6.69774,7.40007,3.68455,3.68455,6.69774,7.40007,6.99601,7.40007,1,3,3,1153.82,1.55647,210.195,1821.73,1170.42,2.34941,20.362,13.0821,178.15,0.1544,0.0991986,0.115382,0.0001,6.42e-05,0.0,0.375,0.0,0.375,0.0,0.125,0.0,0.0,0.0,0.125,0,0.0,0,0.0,0,0.0,0,0.0,0.0,0,0,0.0,0,0,0,0,0,0,2
OFF,8,14,6,10.0,4.242640687,1.52,2.1,0.58,1.713333333,0.410121933,85,101,16,95.66666667,11.3137085,12.06,17.36,5.3,15.59333333,3.74766594,0.02658,150.0,149.97342,50.01772,106.0472223,90.2,3173.0,3082.8,1117.8,2179.868785,54.8,1687.0,1632.2,598.8666667,1154.139688,35.4,1486.0,7.33121,6.61819,7.33121,3.74426,3.74426,6.61819,7.33121,7.33121,7.33121,1,3,3,1127.12,1.59335,205.797,1825.87,1145.93,1.42731,12.6634,7.94764,171.66,0.1523,0.0955848,0.112712,0.0001,6.28e-05,0.0,0.375,0.0,0.375,0.0,0.125,0.0,0.0,0.0,0.125,0,0.0,0,0.0,0,0.0,0,0.0,0.0,0,0,0.0,0,0,0,0,0,0,2
OFF,8,14,6,10.0,4.242640687,1.52,2.1,0.58,1.713333333,0.410121933,85,101,16,95.66666667,11.3137085,12.06,17.36,5.3,15.59333333,3.74766594,0.02658,150.0,149.97342,50.01772,106.0472223,90.2,3173.0,3082.8,1117.8,2179.868785,54.8,1687.0,1632.2,598.8666667,1154.139688,35.4,1486.0,7.3111,6.55896,7.3111,3.71001,3.71001,6.55896,7.21048,7.3111,7.3111,1,3,3,1109.49,1.61866,201.53,1816.41,1122.17,1.25448,11.3067,6.98525,165.869,0.1495,0.0923603,0.110949,0.0001,6.18e-05,0.0,0.375,0.0,0.375,0.0,0.125,0.0,0.0,0.0,0.125,0,0.0,0,0.0,0,0.0,0,0.0,0.0,0,0,0.0,0,0,0,0,0,0,2
OFF,8,14,6,10.0,4.242640687,1.52,2.1,0.58,1.713333333,0.410121933,85,101,16,95.66666667,11.3137085,12.06,17.36,5.3,15.59333333,3.74766594,0.02658,150.0,149.97342,50.01772,106.0472223,90.2,3173.0,3082.8,1117.8,2179.868785,54.8,1687.0,1632.2,598.8666667,1154.139688,35.4,1486.0,7.29292,6.43581,7.29292,3.62037,3.62037,6.43581,7.29292,7.29292,7.29292,1,3,3,1078.77,1.66476,194.768,1805.46,1084.52,1.12722,10.4491,6.27668,156.853,0.1454,0.0873401,0.107877,0.0001,6.01e-05,0.0,0.375,0.0,0.375,0.0,0.125,0.0,0.0,0.0,0.125,0,0.0,0,0.0,0,0.0,0,0.0,0.0,0,0,0.0,0,0,0,0,0,0,2
OFF,8,14,6,10.0,4.242640687,1.52,2.1,0.58,1.713333333,0.410121933,85,101,16,95.66666667,11.3137085,12.06,17.36,5.3,15.59333333,3.74766594,0.02658,150.0,149.97342,50.01772,106.0472223,90.2,3173.0,3082.8,1117.8,2179.868785,54.8,1687.0,1632.2,598.8666667,1154.139688,35.4,1486.0,7.38017,6.63867,7.38017,3.62097,3.62097,6.63867,7.38017,7.03255,7.38017,1,3,3,1148.56,1.56361,209.559,1824.54,1166.88,1.93252,16.8256,10.7608,175.04,0.1524,0.0974668,0.114856,0.0001,6.4e-05,0.0,0.375,0.0,0.375,0.0,0.125,0.0,0.0,0.0,0.125,0,0.0,0,0.0,0,0.0,0,0.0,0.0,0,0,0.0,0,0,0,0,0,0,2
OFF,8,14,6,10.0,4.242640687,1.52,2.1,0.58,1.713333333,0.410121933,85,101,16,95.66666667,11.3137085,12.06,17.36,5.3,15.59333333,3.74766594,0.02658,150.0,149.97342,50.01772,106.0472223,90.2,3173.0,3082.8,1117.8,2179.868785,54.8,1687.0,1632.2,598.8666667,1154.139688,35.4,1486.0,6.56151,6.0299,6.56151,3.19114,3.19114,6.0299,6.32704,6.32704,6.56151,1,3,3,1021.4,1.75827,172.502,1688.89,960.538,2.50515,24.5268,13.9493,123.487,0.1209,0.0687606,0.306419,0.0003,0.000170622,0.0,0.375,0.0,0.375,0.0,0.125,0.0,0.0,0.0,0.125,0,0.0,0,0.0,0,0.0,0,0.0,0.0,0,0,0.0,0,0,0,0,0,0,2
OFF,8,14,6,10.0,4.242640687,1.52,2.1,0.58,1.713333333,0.410121933,85,101,16,95.66666667,11.3137085,12.06,17.36,5.3,15.59333333,3.74766594,0.02658,150.0,149.97342,50.01772,106.0472223,90.2,3173.0,3082.8,1117.8,2179.868785,54.8,1687.0,1632.2,598.8666667,1154.139688,35.4,1486.0,7.42943,6.671,7.42943,3.62243,3.62243,6.671,7.42943,7.42943,7.42943,1,3,3,1154.57,1.55546,211.369,1830.71,1176.96,2.50895,21.7305,13.9705,178.382,0.1545,0.0993275,0.230915,0.0002,0.000128579,0.0,0.375,0.0,0.375,0.0,0.125,0.0,0.0,0.0,0.125,0,0.0,0,0.0,0,0.0,0,0.0,0.0,0,0,0.0,0,0,0,0,0,0,2
RON,8,14,6,9.789473684,3.835270828,1.52,2.1,0.58,1.675789474,0.346879779,80,101,21,95.42105263,12.05076472,10.0,17.36,7.36,15.46947368,4.108300163,0.02658,235.0,234.97342,56.33397579,124.4268394,90.2,3173.0,3082.8,1023.610526,1995.844806,54.8,1687.0,1632.2,490.9126316,973.9276767,35.4,1858.53,5.67744,5.07263,5.67744,2.76952,2.76952,5.07263,5.67744,5.67744,5.67744,2,1,1,3077.66,1.6156,485.796,1578.46,977.015,6.13563,19.936,12.3397,305.304,0.0992,0.0614015,0.307766,0.0001,6.19e-05,0.0,0.285714286,0.0,0.142857143,0.0,0.0,0.0,0.285714286,0.0,0.285714286,0,0.0,0,0.0,0,0.0,0,0.0,0.0,0,0,0.0,0,0,0,0,0,0,0
AEI,8,15,7,10.0,4.082482905,1.52,1.84,0.32,1.62,0.200665559,80,101,21,95.66666667,11.4212278,10.0,17.36,7.36,16.07666667,3.847229884,0.02658,235.0,234.97342,39.22372,123.8198386,90.2,2792.0,2701.8,617.1333333,1395.849425,54.8,933.47,878.67,244.995,456.0418076,35.4,1858.53,7.43728,3.76321,7.43728,3.76321,3.76321,3.75696,7.43728,7.41678,5.86301,1,3,3,3241.73,1.49924,698.055,2153.34,1436.28,3.53646,10.9092,7.27645,557.578,0.172,0.114724,0.324173,0.0001,6.67e-05,0.0,0.571428571,0.0,0.142857143,0.0,0.285714286,0.0,0.0,0.0,0.0,0,0.0,0,0.0,0,0.0,0,0.0,0.0,0,0,0.0,0,0,0,0,0,0,4
MTN,8,14,6,10.0,4.242640687,1.52,2.1,0.58,1.713333333,0.410121933,85,101,16,95.66666667,11.3137085,12.06,17.36,5.3,15.59333333,3.74766594,0.02658,150.0,149.97342,50.01772,106.0472223,90.2,3173.0,3082.8,1117.8,2179.868785,54.8,1687.0,1632.2,598.8666667,1154.139688,35.4,1486.0,7.05755,2.45827,7.05755,2.45827,2.45827,2.45827,7.05755,7.05755,7.05755,0,0,0,7291.23,1.861,0.0,0.0,0.0,1090.15,1495.15,803.415,0.0,0.0,0.0,634.337,0.087,0.0467491,0.0,0.0,0.666666667,0.333333333,0.0,0.0,0.0,0.0,0.0,0.0,0,0.0,0,0.0,0,0.0,0,0.0,0.0,0,0,0.0,0,0,0,0,0,0,1
SOD,8,14,6,9.833333333,3.689323937,1.52,2.1,0.58,1.67,0.31822424,80,101,21,94.83333333,12.50111106,10.0,17.36,7.36,15.25,4.302983461,0.02658,235.0,234.97342,64.18438667,132.9250288,90.2,3173.0,3082.8,1054.3,1934.463424,54.8,1687.0,1632.2,473.2783333,891.7012048,35.4,1858.53,5.88277,1.55558,5.88277,1.55558,1.55558,1.55558,5.88277,5.88277,5.88277,0,0,0,699.045,1.69698,0.0,0.0,0.0,93.5691,1338.53,788.772,0.0,0.0,0.0,45.2282,0.0647,0.0381266,0.0,0.5,0.0,0.5,0.0,0.0,0.0,0.0,0.0,0.0,0,0.0,0,0.0,0,0.0,0,0.0,0.0,0,0,0.0,0,0,0,0,0,0,1
SOD,8,14,6,9.833333333,3.689323937,1.52,2.1,0.58,1.67,0.31822424,80,101,21,94.83333333,12.50111106,10.0,17.36,7.36,15.25,4.302983461,0.02658,235.0,234.97342,64.18438667,132.9250288,90.2,3173.0,3082.8,1054.3,1934.463424,54.8,1687.0,1632.2,473.2783333,891.7012048,35.4,1858.53,5.88336,1.55714,5.88336,1.55714,1.55714,1.55714,5.88336,5.88336,5.88336,0,0,0,697.864,1.69985,0.0,0.0,0.0,93.4684,1339.35,787.923,0.0,0.0,0.0,45.1518,0.0647,0.0380622,0.0,0.5,0.0,0.5,0.0,0.0,0.0,0.0,0.0,0.0,0,0.0,0,0.0,0,0.0,0,0.0,0.0,0,0,0.0,0,0,0,0,0,0,1
SOD,8,14,6,9.833333333,3.689323937,1.52,2.1,0.58,1.67,0.31822424,80,101,21,94.83333333,12.50111106,10.0,17.36,7.36,15.25,4.302983461,0.02658,235.0,234.97342,64.18438667,132.9250288,90.2,3173.0,3082.8,1054.3,1934.463424,54.8,1687.0,1632.2,473.2783333,891.7012048,35.4,1858.53,5.86883,1.5515,5.86883,1.5515,1.5515,1.5515,5.86883,5.86883,5.86883,0,0,0,695.506,1.70561,0.0,0.0,0.0,92.7239,1333.18,781.647,0.0,0.0,0.0,44.8602,0.0645,0.0378164,0.0,0.5,0.0,0.5,0.0,0.0,0.0,0.0,0.0,0.0,0,0.0,0,0.0,0,0.0,0,0.0,0.0,0,0,0.0,0,0,0,0,0,0,1
RHO,8,33,25,13.0,17.67766953,1.52,1.85,0.33,1.586,0.233345238,89,101,12,98.6,8.485281374,12.95,17.36,4.41,16.478,3.118340905,0.02658,50.0,49.97342,10.021264,35.33654416,90.2,887.0,796.8,249.56,563.4226832,54.8,1090.0,1035.2,261.84,731.9969399,35.4,203.0,8.27577,1.99302,8.27577,1.99302,1.99302,1.99302,8.27577,8.27577,8.27577,0,0,0,2744.59,2.01717,0.0,0.0,0.0,350.613,1277.47,633.3,0.0,0.0,0.0,296.141,0.1079,0.0534909,0.0,0.5,0.0,0.25,0.0,0.25,0.0,0.0,0.0,0.0,0,0.0,0,0.0,0,0.0,0,0.0,0.0,0,0,0.0,0,0,0,0,0,0,6
AFI,8,15,7,10.0,4.082482905,1.52,1.84,0.32,1.62,0.200665559,80,101,21,95.66666667,11.4212278,10.0,17.36,7.36,16.07666667,3.847229884,0.02658,235.0,234.97342,39.22372,123.8198386,90.2,2792.0,2701.8,617.1333333,1395.849425,54.8,933.47,878.67,244.995,456.0418076,35.4,1858.53,8.12558,7.25581,8.12558,2.14767,2.14767,7.25581,8.12558,8.12558,8.12558,1,1,1,1402.77,1.73234,163.967,1168.88,674.741,4.3522,31.0258,17.9098,182.641,0.1302,0.0751586,0.0,0.0,0.0,0.0,0.166666667,0.0,0.666666667,0.0,0.0,0.0,0.0,0.0,0.166666667,0,0.0,0,0.0,0,0.0,0,0.0,0.0,0,0,0.0,0,0,0,0,0,0,4
LAU,8,14,6,9.888888889,3.820994635,1.52,2.1,0.58,1.684444444,0.345919066,80,101,21,95.11111111,12.00833044,10.0,17.36,7.36,15.36444444,4.094462114,0.02658,235.0,234.97342,59.46216444,124.059398,90.2,3173.0,3082.8,1075.466667,1988.294065,54.8,1687.0,1632.2,515.1411111,971.2994236,35.4,1858.53,6.1661,4.21991,6.1661,2.22511,2.22511,4.21991,6.1661,6.1661,6.1661,2,1,1,1366.75,1.74126,192.207,1406.31,807.642,0.0,0.0,0.0,119.18,0.0872,0.0500787,0.0,0.0,0.0,0.0,0.333333333,0.0,0.555555556,0.0,0.0,0.0,0.111111111,0.0,0.0,0,0.0,0,0.0,0,0.0,0,0.0,0.0,0,0,0.0,0,0,0,0,0,0,0
LAU,8,14,6,9.888888889,3.820994635,1.52,2.1,0.58,1.684444444,0.345919066,80,101,21,95.11111111,12.00833044,10.0,17.36,7.36,15.36444444,4.094462114,0.02658,235.0,234.97342,59.46216444,124.059398,90.2,3173.0,3082.8,1075.466667,1988.294065,54.8,1687.0,1632.2,515.1411111,971.2994236,35.4,1858.53,6.05017,3.98295,5.69862,2.08652,2.08652,3.98295,6.05017,6.05017,5.69862,2,1,1,1339.11,1.77719,178.812,1335.3,751.354,0.0,0.0,0.0,108.066,0.0807,0.0454088,0.0,0.0,0.0,0.0,0.333333333,0.0,0.555555556,0.0,0.0,0.0,0.111111111,0.0,0.0,0,0.0,0,0.0,0,0.0,0,0.0,0.0,0,0,0.0,0,0,0,0,0,0,0
LAU,8,14,6,9.888888889,3.820994635,1.52,2.1,0.58,1.684444444,0.345919066,80,101,21,95.11111111,12.00833044,10.0,17.36,7.36,15.36444444,4.094462114,0.02658,235.0,234.97342,59.46216444,124.059398,90.2,3173.0,3082.8,1075.466667,1988.294065,54.8,1687.0,1632.2,515.1411111,971.2994236,35.4,1858.53,5.90622,4.01593,5.90622,2.10792,2.10792,4.01593,5.90622,5.90622,5.90622,2,1,1,1310.22,1.81637,171.061,1305.58,718.785,0.0,0.0,0.0,101.673,0.0776,0.0427225,0.0,0.0,0.0,0.0,0.333333333,0.0,0.555555556,0.0,0.0,0.0,0.111111111,0.0,0.0,0,0.0,0,0.0,0,0.0,0,0.0,0.0,0,0,0.0,0,0,0,0,0,0,0
LAU,8,14,6,9.888888889,3.820994635,1.52,2.1,0.58,1.684444444,0.345919066,80,101,21,95.11111111,12.00833044,10.0,17.36,7.36,15.36444444,4.094462114,0.02658,235.0,234.97342,59.46216444,124.059398,90.2,3173.0,3082.8,1075.466667,1988.294065,54.8,1687.0,1632.2,515.1411111,971.2994236,35.4,1858.53,5.89204,4.00876,5.89204,2.11821,2.11821,4.00876,5.89204,5.89204,5.89204,2,1,1,1309.3,1.81765,171.27,1308.1,719.663,0.0,0.0,0.0,101.733,0.0777,0.0427474,0.0,0.0,0.0,0.0,0.333333333,0.0,0.555555556,0.0,0.0,0.0,0.111111111,0.0,0.0,0,0.0,0,0.0,0,0.0,0,0.0,0.0,0,0,0.0,0,0,0,0,0,0,0
GIS,8,14,6,9.833333333,3.689323937,1.52,2.1,0.58,1.67,0.31822424,80,101,21,94.83333333,12.50111106,10.0,17.36,7.36,15.25,4.302983461,0.02658,235.0,234.97342,64.18438667,132.9250288,90.2,3173.0,3082.8,1054.3,1934.463424,54.8,1687.0,1632.2,473.2783333,891.7012048,35.4,1858.53,4.78095,3.21236,4.78095,2.81462,3.15209,3.21236,4.78095,4.78095,4.78095,1,3,3,1040.3,1.52041,244.731,2352.51,1547.28,0.0,0.0,0.0,77.086,0.0741,0.0487367,0.0,0.0,0.0,0.0,0.666666667,0.0,0.0,0.0,0.333333333,0.0,0.0,0.0,0.0,0,0.0,0,0.0,0,0.0,0,0.0,0.0,0,0,0.0,0,0,0,0,0,0,0
GIS,8,14,6,9.833333333,3.689323937,1.52,2.1,0.58,1.67,0.31822424,80,101,21,94.83333333,12.50111106,10.0,17.36,7.36,15.25,4.302983461,0.02658,235.0,234.97342,64.18438667,132.9250288,90.2,3173.0,3082.8,1054.3,1934.463424,54.8,1687.0,1632.2,473.2783333,891.7012048,35.4,1858.53,3.79488,2.20664,3.7004,2.19985,2.20664,2.19985,3.78343,3.7004,3.79488,0,0,0,1724.7,1.83416,0.0,0.0,0.0,137.29,796.021,433.998,0.0,0.0,0.0,27.0778,0.0157,0.00855979,0.0,0.666666667,0.0,0.0,0.0,0.333333333,0.0,0.0,0.0,0.0,0,0.0,0,0.0,0,0.0,0,0.0,0.0,0,0,0.0,0,0,0,0,0,0,0
MTT,8,14,6,10.0,4.242640687,1.52,2.1,0.58,1.713333333,0.410121933,85,101,16,95.66666667,11.3137085,12.06,17.36,5.3,15.59333333,3.74766594,0.02658,150.0,149.97342,50.01772,106.0472223,90.2,3173.0,3082.8,1117.8,2179.868785,54.8,1687.0,1632.2,598.8666667,1154.139688,35.4,1486.0,5.77251,4.74863,5.44258,1.57495,4.74863,1.57495,5.6665,5.44258,5.6665,2,1,1,1203.41,1.98979,126.32,1049.69,527.538,0.0,0.0,0.0,77.3791,0.0643,0.032315,0.0,0.0,0.0,0.0,0.0,0.25,0.625,0.0,0.0,0.0,0.125,0.0,0.0,0,0.0,0,0.0,0,0.0,0,0.0,0.0,0,0,0.0,0,0,0,0,0,0,2
ABW,8,15,7,9.75,4.949747468,1.52,1.8,0.28,1.59,0.197989899,90,101,11,98.25,7.778174593,17.02,17.36,0.34,17.275,0.240416306,0.02658,0.236,0.20942,0.078935,0.148082302,90.2,550.0,459.8,205.15,325.127698,54.8,317.3,262.5,120.425,185.6155301,35.4,232.7,3.77921,3.4814,3.77921,0.94736,1.21333,3.4814,3.77921,3.77921,3.77921,2,1,1,359.796,1.45788,51.4696,1430.52,981.237,0.0,0.0,0.0,12.9167,0.0359,0.0246249,0.0,0.0,0.0,0.0,0.333333333,0.0,0.333333333,0.0,0.333333333,0.0,0.0,0.0,0.0,0,0.0,0,0.0,0,0.0,0,0.0,0.0,0,0,0.0,0,0,0,0,0,0,7
NAT,8,14,6,9.866666667,3.763072453,1.52,2.1,0.58,1.678666667,0.334685353,80,101,21,95.0,12.19265001,10.0,17.36,7.36,15.31866667,4.17427667,0.02658,235.0,234.97342,61.35105333,127.5581437,90.2,3173.0,3082.8,1067.0,1963.904425,54.8,1687.0,1632.2,498.396,939.0837544,35.4,1858.53,3.38626,2.52644,3.38626,2.52644,2.5134,2.52644,3.38626,3.38626,3.38626,0,0,0,2216.1,1.78762,0.0,0.0,0.0,135.807,612.82,342.814,0.0,0.0,0.0,11.9669,0.0054,0.00302078,0.0,0.5,0.0,0.0,0.0,0.25,0.25,0.0,0.0,0.0,0,0.0,0,0.0,0,0.0,0,0.0,0.0,0,0,0.0,0,0,0,0,0,0,0
NAT,8,14,6,9.866666667,3.763072453,1.52,2.1,0.58,1.678666667,0.334685353,80,101,21,95.0,12.19265001,10.0,17.36,7.36,15.31866667,4.17427667,0.02658,235.0,234.97342,61.35105333,127.5581437,90.2,3173.0,3082.8,1067.0,1963.904425,54.8,1687.0,1632.2,498.396,939.0837544,35.4,1858.53,19.16397,18.89653,19.16397,12.93178,13.02661,18.89653,19.16397,19.14462,19.16397,1,3,3,2318.01,0.116874,219.898,948.647,8116.85,0.0,0.0,0.0,1989.78,0.8584,7.34467,0.0,0.0,0.0,0.0,0.5,0.0,0.0,0.0,0.25,0.25,0.0,0.0,0.0,0,0.0,0,0.0,0,0.0,0,0.0,0.0,0,0,0.0,0,0,0,0,0,0,3
RHO,8,81,73,12.80952381,25.09790354,1.52,1.96,0.44,1.594285714,0.221165743,78,101,23,97.80952381,9.995236961,17.02,17.36,0.34,17.28857143,0.216465108,0.02658,46.0,45.97342,2.25568,15.848439,90.2,1746.0,1655.8,256.6285714,612.9508486,54.8,577.0,522.2,129.6666667,232.0055136,35.4,1169.0,8.17914,2.08431,8.17914,2.08431,2.08431,2.08431,8.17914,8.17914,8.17914,0,0,0,2541.57,1.48917,0.0,0.0,0.0,333.842,1313.53,882.053,0.0,0.0,0.0,277.539,0.1092,0.0733294,0.0,0.5,0.0,0.25,0.0,0.25,0.0,0.0,0.0,0.0,0,0.0,0,0.0,0,0.0,0,0.0,0.0,0,0,0.0,0,0,0,0,0,0,6
RHO,8,15,7,9.4,4.949747468,1.52,1.8,0.28,1.576,0.197989899,90,101,11,98.8,7.778174593,17.02,17.36,0.34,17.292,0.240416306,0.02658,0.236,0.20942,0.068464,0.148082302,90.2,550.0,459.8,182.16,325.127698,54.8,317.3,262.5,107.3,185.6155301,35.4,232.7,7.87349,1.86745,7.87349,1.86745,1.86745,1.86745,7.87349,7.87349,7.87349,0,0,0,2448.97,1.54548,0.0,0.0,0.0,301.218,1229.98,795.854,0.0,0.0,0.0,242.937,0.0992,0.0641871,0.0,0.5,0.0,0.25,0.0,0.25,0.0,0.0,0.0,0.0,0,0.0,0,0.0,0,0.0,0,0.0,0.0,0,0,0.0,0,0,0,0,0,0,7
FER,8,14,6,10.0,4.242640687,1.52,2.1,0.58,1.713333333,0.410121933,85,101,16,95.66666667,11.3137085,12.06,17.36,5.3,15.59333333,3.74766594,0.02658,150.0,149.97342,50.01772,106.0472223,90.2,3173.0,3082.8,1117.8,2179.868785,54.8,1687.0,1632.2,598.8666667,1154.139688,35.4,1486.0,6.03145,4.47535,5.13761,1.44841,3.29894,4.47535,5.85336,6.03145,5.13761,2,2,2,1954.34,1.83785,300.326,1536.72,836.146,0.0,0.0,0.0,156.738,0.0802,0.0436378,0.0,0.0,0.0,0.0,0.0,0.571428571,0.142857143,0.0,0.142857143,0.0,0.142857143,0.0,0.0,0,0.0,0,0.0,0,0.0,0,0.0,0.0,0,0,0.0,0,0,0,0,0,0,2
AFO,8,15,7,10.0,4.082482905,1.52,1.84,0.32,1.62,0.200665559,80,101,21,95.66666667,11.4212278,10.0,17.36,7.36,16.07666667,3.847229884,0.02658,235.0,234.97342,39.22372,123.8198386,90.2,2792.0,2701.8,617.1333333,1395.849425,54.8,933.47,878.67,244.995,456.0418076,35.4,1858.53,5.42958,4.39259,5.42958,1.76627,1.85472,4.39259,4.83985,5.42958,5.42958,1,1,1,1048.69,1.93104,99.6506,950.239,492.087,0.0180432,0.172054,0.0890994,54.7416,0.0522,0.0270321,0.0,0.0,0.0,0.0,0.083333333,0.0,0.833333333,0.0,0.0,0.0,0.083333333,0.0,0.0,0,0.0,0,0.0,0,0.0,0,0.0,0.0,0,0,0.0,0,0,0,0,0,0,4
FAU,8,14,6,9.833333333,3.689323937,1.52,2.1,0.58,1.67,0.31822424,80,101,21,94.83333333,12.50111106,10.0,17.36,7.36,15.25,4.302983461,0.02658,235.0,234.97342,64.18438667,132.9250288,90.2,3173.0,3082.8,1054.3,1934.463424,54.8,1687.0,1632.2,473.2783333,891.7012048,35.4,1858.53,11.67298,7.41299,11.67295,7.41299,7.41299,7.41299,11.67295,11.67294,11.67294,1,3,3,15709.5,1.2082,2486.76,1582.96,1310.19,409.729,260.816,215.872,4431.66,0.2821,0.233488,215.221,0.0137,0.0113392,0.0,0.4,0.0,0.4,0.0,0.0,0.0,0.0,0.0,0.2,0,0.0,0,0.0,0,0.0,0,0.0,0.0,0,0,0.0,0,0,0,0,0,0,3
CAN,8,14,6,9.833333333,3.689323937,1.52,2.1,0.58,1.67,0.31822424,80,101,21,94.83333333,12.50111106,10.0,17.36,7.36,15.25,4.302983461,0.02658,235.0,234.97342,64.18438667,132.9250288,90.2,3173.0,3082.8,1054.3,1934.463424,54.8,1687.0,1632.2,473.2783333,891.7012048,35.4,1858.53,5.9181,5.51418,5.9181,2.19406,2.19406,5.51418,5.9181,5.9181,5.9181,1,1,1,743.977,1.59449,65.6031,881.789,553.023,57.1769,768.531,481.992,43.5226,0.0585,0.0366889,16.7395,0.0225,0.0141111,0.0,0.25,0.0,0.5,0.0,0.0,0.0,0.0,0.0,0.25,0,0.0,0,0.0,0,0.0,0,0.0,0.0,0,0,0.0,0,0,0,0,0,0,0
NON,8,14,6,10.0,4.242640687,1.52,2.1,0.58,1.713333333,0.410121933,85,101,16,95.66666667,11.3137085,12.06,17.36,5.3,15.59333333,3.74766594,0.02658,150.0,149.97342,50.01772,106.0472223,90.2,3173.0,3082.8,1117.8,2179.868785,54.8,1687.0,1632.2,598.8666667,1154.139688,35.4,1486.0,5.98547,1.80239,5.98547,1.80239,1.80239,1.66843,5.98547,5.98497,5.98547,0,0,0,4484.05,1.95803,0.0,0.0,0.0,434.223,968.372,494.564,0.0,0.0,0.0,278.908,0.0622,0.0317666,0.0,0.166666667,0.5,0.333333333,0.0,0.0,0.0,0.0,0.0,0.0,0,0.0,0,0.0,0,0.0,0,0.0,0.0,0,0,0.0,0,0,0,0,0,0,1
MTN,8,14,6,10.0,4.242640687,1.52,2.1,0.58,1.713333333,0.410121933,85,101,16,95.66666667,11.3137085,12.06,17.36,5.3,15.59333333,3.74766594,0.02658,150.0,149.97342,50.01772,106.0472223,90.2,3173.0,3082.8,1117.8,2179.868785,54.8,1687.0,1632.2,598.8666667,1154.139688,35.4,1486.0,7.03873,2.41681,7.03873,2.41681,2.41681,2.41681,7.03873,7.03873,7.03873,0,0,0,7266.44,1.86735,0.0,0.0,0.0,1078.74,1484.56,795.008,0.0,0.0,0.0,627.094,0.0863,0.0462153,0.0,0.0,0.666666667,0.333333333,0.0,0.0,0.0,0.0,0.0,0.0,0,0.0,0,0.0,0,0.0,0,0.0,0.0,0,0,0.0,0,0,0,0,0,0,1
MTN,8,14,6,10.0,4.242640687,1.52,2.1,0.58,1.713333333,0.410121933,85,101,16,95.66666667,11.3137085,12.06,17.36,5.3,15.59333333,3.74766594,0.02658,150.0,149.97342,50.01772,106.0472223,90.2,3173.0,3082.8,1117.8,2179.868785,54.8,1687.0,1632.2,598.8666667,1154.139688,35.4,1486.0,6.73494,1.77906,6.73494,1.77906,1.77906,1.77906,6.73494,6.73494,6.73494,0,0,0,3648.04,1.85976,0.0,0.0,0.0,513.681,1408.1,757.14,0.0,0.0,0.0,267.766,0.0734,0.0394674,0.0,0.0,0.666666667,0.333333333,0.0,0.0,0.0,0.0,0.0,0.0,0,0.0,0,0.0,0,0.0,0,0.0,0.0,0,0,0.0,0,0,0,0,0,0,1
LEV,8,14,6,10.0,4.242640687,1.52,2.1,0.58,1.713333333,0.410121933,85,101,16,95.66666667,11.3137085,12.06,17.36,5.3,15.59333333,3.74766594,0.02658,150.0,149.97342,50.01772,106.0472223,90.2,3173.0,3082.8,1117.8,2179.868785,54.8,1687.0,1632.2,598.8666667,1154.139688,35.4,1486.0,7.16907,3.56246,6.97826,3.56246,3.56246,2.46161,6.97826,7.16907,7.16907,3,2,2,3376.52,1.59563,655.387,1941.01,1216.46,0.34472,1.02093,0.63983,466.636,0.1382,0.0866116,0.0,0.0,0.0,0.0,0.333333333,0.0,0.5,0.0,0.166666667,0.0,0.0,0.0,0.0,0,0.0,0,0.0,0,0.0,0,0.0,0.0,0,0,0.0,0,0,0,0,0,0,2
LEV,8,14,6,10.0,4.242640687,1.52,2.1,0.58,1.713333333,0.410121933,85,101,16,95.66666667,11.3137085,12.06,17.36,5.3,15.59333333,3.74766594,0.02658,150.0,149.97342,50.01772,106.0472223,90.2,3173.0,3082.8,1117.8,2179.868785,54.8,1687.0,1632.2,598.8666667,1154.139688,35.4,1486.0,6.97209,3.35796,6.97209,3.35796,3.35796,2.39587,6.59424,6.97209,6.97209,3,2,2,3338.94,1.61359,649.194,1944.31,1204.96,0.153842,0.46075,0.285544,446.751,0.1338,0.0829208,0.0,0.0,0.0,0.0,0.333333333,0.0,0.5,0.0,0.166666667,0.0,0.0,0.0,0.0,0,0.0,0,0.0,0,0.0,0,0.0,0.0,0,0,0.0,0,0,0,0,0,0,2
MFI,8,14,6,10.0,4.242640687,1.52,2.1,0.58,1.713333333,0.410121933,85,101,16,95.66666667,11.3137085,12.06,17.36,5.3,15.59333333,3.74766594,0.02658,150.0,149.97342,50.01772,106.0472223,90.2,3173.0,3082.8,1117.8,2179.868785,54.8,1687.0,1632.2,598.8666667,1154.139688,35.4,1486.0,6.83554,5.0513,6.83554,5.0513,4.78757,4.78757,6.83554,6.79911,6.83554,1,3,3,5340.05,1.79363,802.837,1503.43,838.201,0.0398849,0.0746902,0.0416418,567.113,0.1062,0.0592094,0.0,0.0,0.0,0.0,0.03846153,0.423,0.308,0.0,0.0,0.0,0.23076,0.0,0.0,0,0.0,0,0.0,0,0.0,0,0.0,0.0,0,0,0.0,0,0,0,0,0,0,2
VSV ,8,30,22,11.18518519,8.518696016,1.52,2.1,0.58,1.706666667,0.381174173,76,101,25,95.0,12.6007305,9.16,17.36,8.2,15.37851852,4.155267741,0.02658,150.0,149.97342,47.79549778,97.77010575,90.2,3173.0,3082.8,970.1703704,1918.677062,54.8,1687.0,1632.2,525.2133333,1017.130497,35.4,1486.0,4.04378,3.05431,4.04378,3.05431,2.2594,3.05431,4.04378,4.04378,4.01716,4,2,2,4221.61,1.93639,605.467,1434.21,740.661,0.0,0.0,0.0,126.648,0.03,0.0154927,0.0,0.0,0.0,0.166666667,0.166666667,0.166666667,0.0,0.0,0.333333333,0.166666667,0.0,0.0,0.0,0,0.0,0,0.0,0,0.0,0,0.0,0.0,0,0,0.0,0,0,0,0,0,0,0
ABW,8,15,7,9.4,4.949747468,1.52,1.8,0.28,1.576,0.197989899,90,101,11,98.8,7.778174593,17.02,17.36,0.34,17.292,0.240416306,0.02658,0.236,0.20942,0.068464,0.148082302,90.2,550.0,459.8,182.16,325.127698,54.8,317.3,262.5,107.3,185.6155301,35.4,232.7,3.3899,3.01778,3.3899,1.18407,1.18407,3.01778,3.3899,3.3558,3.3899,2,1,1,363.374,1.73597,26.2167,721.482,415.607,0.0,0.0,0.0,2.7253,0.0075,0.00432035,0.0,0.0,0.0,0.0,0.333333333,0.0,0.333333333,0.0,0.333333333,0.0,0.0,0.0,0.0,0,0.0,0,0.0,0,0.0,0,0.0,0.0,0,0,0.0,0,0,0,0,0,0,7
ABW,8,30,22,12.83333333,11.44309593,1.52,2.01,0.49,1.648333333,0.270606315,76,101,25,95.0,13.29160136,9.16,17.36,8.2,15.93666667,4.289535069,0.02658,120.0,119.97342,20.05705333,63.20956202,90.2,1180.0,1089.8,348.4666667,577.0239895,54.8,692.68,637.88,204.8633333,336.9881899,35.4,487.32,3.56712,3.19182,3.56712,0.93362,1.1229,3.19182,3.56712,3.53679,3.56712,2,1,1,426.475,2.49753,41.0368,962.232,385.273,0.0,0.0,0.0,6.86625,0.0161,0.00644636,0.0,0.0,0.0,0.0,0.333333333,0.0,0.333333333,0.0,0.333333333,0.0,0.0,0.0,0.0,0,0.0,0,0.0,0,0.0,0,0.0,0.0,0,0,0.0,0,0,0,0,0,0,6
ABW,3,30,27,11.42857143,10.53565375,1.52,2.01,0.49,1.672857143,0.239067633,12,101,89,83.14285714,38.74876342,9.16,17.36,8.2,15.52,3.818568667,0.02658,120.0,119.97342,29.33461714,60.3351587,90.2,1615.0,1524.8,529.4,744.2385478,54.8,692.68,637.88,240.41,303.1099967,35.4,1161.31,1.86158,1.1133,1.74635,0.73165,1.1133,0.89772,1.86158,1.74635,1.74635,0,0,0,332.037,3.34673,0.0,0.0,0.0,0.0,0.0,0.0,0.0,0.0,0.0,0.0,0.0,0.0,0.0,0.333333333,0.0,0.333333333,0.0,0.333333333,0.0,0.0,0.0,0.0,0,0.0,0,0.0,0,0.0,0,0.0,0.0,0,0,0.0,0,0,0,0,0,0,5
ABW,8,33,25,14.25,17.67766953,1.52,1.85,0.33,1.6025,0.233345238,89,101,12,98.0,8.485281374,12.95,17.36,4.41,16.2575,3.118340905,0.02658,50.0,49.97342,12.519935,35.33654416,90.2,887.0,796.8,289.4,563.4226832,54.8,1090.0,1035.2,313.6,731.9969399,35.4,203.0,4.00702,3.70471,4.00702,0.87429,1.28257,3.70471,4.00702,4.00702,4.00702,2,1,1,391.429,2.08581,60.8634,1554.9,745.467,0.0,0.0,0.0,18.5146,0.0473,0.022677,0.0,0.0,0.0,0.0,0.333333333,0.0,0.333333333,0.0,0.333333333,0.0,0.0,0.0,0.0,0,0.0,0,0.0,0,0.0,0,0.0,0.0,0,0,0.0,0,0,0,0,0,0,6
BCT,8,15,7,9.4,4.949747468,1.52,1.8,0.28,1.576,0.197989899,90,101,11,98.8,7.778174593,17.02,17.36,0.34,17.292,0.240416306,0.02658,0.236,0.20942,0.068464,0.148082302,90.2,550.0,459.8,182.16,325.127698,54.8,317.3,262.5,107.3,185.6155301,35.4,232.7,3.107,2.89845,3.107,2.89845,2.27534,2.35539,3.107,3.07309,3.107,2,1,1,452.368,1.39445,27.3003,603.497,432.784,0.00189928,0.0419853,0.0301088,1.17616,0.0026,0.00186453,0.0,0.0,0.0,0.0,0.333333333,0.0,0.333333333,0.0,0.333333333,0.0,0.0,0.0,0.0,0,0.0,0,0.0,0,0.0,0,0.0,0.0,0,0,0.0,0,0,0,0,0,0,7
CHI,8,14,6,9.666666667,4.242640687,1.52,2.1,0.58,1.681111111,0.410121933,85,101,16,96.55555556,11.3137085,12.06,17.36,5.3,15.88777778,3.74766594,0.02658,150.0,149.97342,41.68586333,106.0472223,90.2,3173.0,3082.8,946.5333333,2179.868785,54.8,1687.0,1632.2,508.1888889,1154.139688,35.4,1486.0,3.60578,3.19055,3.49327,1.76244,1.31017,3.19055,3.60578,3.60578,3.49327,4,1,1,1340.7,1.72614,96.475,719.587,416.875,6.81177,50.8076,29.4342,18.2335,0.0136,0.00787883,0.13407,0.0001,5.79e-05,0.0,0.25,0.125,0.375,0.0,0.0,0.125,0.125,0.0,0.0,0,0.0,0,0.0,0,0.0,0,0.0,0.0,0,0,0.0,0,0,0,0,0,0,2
FAU,8,14,6,9.833333333,3.689323937,1.52,2.1,0.58,1.67,0.31822424,80,101,21,94.83333333,12.50111106,10.0,17.36,7.36,15.25,4.302983461,0.02658,235.0,234.97342,64.18438667,132.9250288,90.2,3173.0,3082.8,1054.3,1934.463424,54.8,1687.0,1632.2,473.2783333,891.7012048,35.4,1858.53,11.84657,7.3688,11.67284,7.3688,7.3688,7.3688,11.67284,11.84657,11.84657,1,3,3,15828.4,1.19913,2588.59,1635.41,1363.84,451.888,285.492,238.084,4596.55,0.2904,0.242176,256.419,0.0162,0.0135098,0.0,0.4,0.0,0.4,0.0,0.0,0.0,0.0,0.0,0.2,0,0.0,0,0.0,0,0.0,0,0.0,0.0,0,0,0.0,0,0,0,0,0,0,3
NAT,8,14,6,9.866666667,3.763072453,1.52,2.1,0.58,1.678666667,0.334685353,80,101,21,95.0,12.19265001,10.0,17.36,7.36,15.31866667,4.17427667,0.02658,235.0,234.97342,61.35105333,127.5581437,90.2,3173.0,3082.8,1067.0,1963.904425,54.8,1687.0,1632.2,498.396,939.0837544,35.4,1858.53,3.43409,2.61378,3.43409,2.58233,2.61378,2.61378,3.43409,3.43409,3.43409,0,0,0,2238.34,1.76985,0.0,0.0,0.0,134.333,600.146,339.094,0.0,0.0,0.0,12.5347,0.0056,0.0031641,0.0,0.5,0.0,0.0,0.0,0.25,0.25,0.0,0.0,0.0,0,0.0,0,0.0,0,0.0,0,0.0,0.0,0,0,0.0,0,0,0,0,0,0,0
NAT,8,14,6,9.866666667,3.763072453,1.52,2.1,0.58,1.678666667,0.334685353,80,101,21,95.0,12.19265001,10.0,17.36,7.36,15.31866667,4.17427667,0.02658,235.0,234.97342,61.35105333,127.5581437,90.2,3173.0,3082.8,1067.0,1963.904425,54.8,1687.0,1632.2,498.396,939.0837544,35.4,1858.53,3.30057,2.39218,3.30057,2.36113,2.36113,2.39218,3.30057,3.30057,3.30057,0,0,0,2164.79,1.82999,0.0,0.0,0.0,93.8302,433.438,236.853,0.0,0.0,0.0,8.44268,0.0039,0.00213116,0.0,0.5,0.0,0.0,0.0,0.25,0.25,0.0,0.0,0.0,0,0.0,0,0.0,0,0.0,0,0.0,0.0,0,0,0.0,0,0,0,0,0,0,0
SOD,8,48,40,17.36842105,21.88606863,1.52,2.18,0.66,1.750526316,0.415180684,75,101,26,93.0,14.9415528,12.06,17.36,5.3,15.60526316,3.174035287,0.02658,150.0,149.97342,44.12205053,82.12051238,90.2,3173.0,3082.8,776.9157895,1513.876165,54.8,1687.0,1632.2,426.0778947,804.2968355,35.4,1486.0,2.61651,0.74305,2.61651,0.74305,0.74305,0.74305,2.61651,2.61651,2.61651,0,0,0,602.794,3.99927,0.0,0.0,0.0,0.0,0.0,0.0,0.0,0.0,0.0,0.0,0.0,0.0,0.0,0.5,0.0,0.5,0.0,0.0,0.0,0.0,0.0,0.0,0,0.0,0,0.0,0,0.0,0,0.0,0.0,0,0,0.0,0,0,0,0,0,0,5
SOD,8,48,40,17.36842105,21.88606863,1.52,2.18,0.66,1.750526316,0.415180684,75,101,26,93.0,14.9415528,12.06,17.36,5.3,15.60526316,3.174035287,0.02658,150.0,149.97342,44.12205053,82.12051238,90.2,3173.0,3082.8,776.9157895,1513.876165,54.8,1687.0,1632.2,426.0778947,804.2968355,35.4,1486.0,2.69246,0.82802,2.69246,0.82802,0.82802,0.82802,2.69246,2.69246,2.69246,0,0,0,612.501,3.93589,0.0,0.0,0.0,0.0,0.0,0.0,0.0,0.0,0.0,0.0,0.0,0.0,0.0,0.5,0.0,0.5,0.0,0.0,0.0,0.0,0.0,0.0,0,0.0,0,0.0,0,0.0,0,0.0,0.0,0,0,0.0,0,0,0,0,0,0,5
SOD,8,48,40,17.36842105,21.88606863,1.52,2.18,0.66,1.750526316,0.415180684,75,101,26,93.0,14.9415528,12.06,17.36,5.3,15.60526316,3.174035287,0.02658,150.0,149.97342,44.12205053,82.12051238,90.2,3173.0,3082.8,776.9157895,1513.876165,54.8,1687.0,1632.2,426.0778947,804.2968355,35.4,1486.0,2.84425,0.79811,2.84425,0.79811,0.79811,0.79811,2.84425,2.84425,2.84425,0,0,0,628.036,3.83854,0.0,0.0,0.0,0.188979,3.00904,0.783903,0.0,0.0,0.0,0.0,0.0,0.0,0.0,0.5,0.0,0.5,0.0,0.0,0.0,0.0,0.0,0.0,0,0.0,0,0.0,0,0.0,0,0.0,0.0,0,0,0.0,0,0,0,0,0,0,5
FER,8,14,6,10.0,4.242640687,1.52,2.1,0.58,1.713333333,0.410121933,85,101,16,95.66666667,11.3137085,12.06,17.36,5.3,15.59333333,3.74766594,0.02658,150.0,149.97342,50.01772,106.0472223,90.2,3173.0,3082.8,1117.8,2179.868785,54.8,1687.0,1632.2,598.8666667,1154.139688,35.4,1486.0,5.86474,4.56751,5.44763,1.45656,3.27191,4.56751,5.86474,5.44763,5.44763,2,2,2,1972.18,1.82122,311.778,1580.88,868.032,0.0,0.0,0.0,172.566,0.0875,0.0480446,0.0,0.0,0.0,0.0,0.0,0.571428571,0.142857143,0.0,0.142857143,0.0,0.142857143,0.0,0.0,0,0.0,0,0.0,0,0.0,0,0.0,0.0,0,0,0.0,0,0,0,0,0,0,2
LTA,8,14,6,9.833333333,3.689323937,1.52,2.1,0.58,1.67,0.31822424,80,101,21,94.83333333,12.50111106,10.0,17.36,7.36,15.25,4.302983461,0.02658,235.0,234.97342,64.18438667,132.9250288,90.2,3173.0,3082.8,1054.3,1934.463424,54.8,1687.0,1632.2,473.2783333,891.7012048,35.4,1858.53,11.30724,4.25426,11.30724,4.25426,4.25426,4.25426,11.30724,11.30724,11.30724,1,3,3,14807.2,1.28182,2501.58,1689.43,1317.99,523.398,353.476,275.76,3226.49,0.2179,0.169992,325.758,0.022,0.0171631,0.0,0.5,0.0,0.25,0.0,0.25,0.0,0.0,0.0,0.0,0,0.0,0,0.0,0,0.0,0,0.0,0.0,0,0,0.0,0,0,0,0,0,0,3
DON,8,14,6,10.0,4.242640687,1.52,2.1,0.58,1.713333333,0.410121933,85,101,16,95.66666667,11.3137085,12.06,17.36,5.3,15.59333333,3.74766594,0.02658,150.0,149.97342,50.01772,106.0472223,90.2,3173.0,3082.8,1117.8,2179.868785,54.8,1687.0,1632.2,598.8666667,1154.139688,35.4,1486.0,8.21019,7.76029,8.21019,2.11982,7.76029,2.02386,8.21019,8.21019,8.21019,2,1,1,3680.06,1.73513,412.676,1121.38,646.281,4.34176,11.7981,6.79951,580.346,0.1577,0.0908864,0.368006,0.0001,5.76e-05,0.0,0.142857143,0.071428571,0.714285714,0.0,0.0,0.0,0.0,0.0,0.0,0,0.071428571,0,0.0,0,0.0,0,0.0,0.0,0,0,0.0,0,0,0,0,0,0,2
NAT,8,14,6,9.866666667,3.763072453,1.52,2.1,0.58,1.678666667,0.334685353,80,101,21,95.0,12.19265001,10.0,17.36,7.36,15.31866667,4.17427667,0.02658,235.0,234.97342,61.35105333,127.5581437,90.2,3173.0,3082.8,1067.0,1963.904425,54.8,1687.0,1632.2,498.396,939.0837544,35.4,1858.53,2.5995,1.50968,2.5995,1.50968,1.47523,1.50968,2.5995,2.5995,2.5995,0,0,0,1777.37,2.22887,0.0,0.0,0.0,0.0,0.0,0.0,0.0,0.0,0.0,0.0,0.0,0.0,0.0,0.5,0.0,0.0,0.0,0.25,0.25,0.0,0.0,0.0,0,0.0,0,0.0,0,0.0,0,0.0,0.0,0,0,0.0,0,0,0,0,0,0,0
NAT,8,14,6,9.866666667,3.763072453,1.52,2.1,0.58,1.678666667,0.334685353,80,101,21,95.0,12.19265001,10.0,17.36,7.36,15.31866667,4.17427667,0.02658,235.0,234.97342,61.35105333,127.5581437,90.2,3173.0,3082.8,1067.0,1963.904425,54.8,1687.0,1632.2,498.396,939.0837544,35.4,1858.53,2.78499,1.69185,2.7827,1.69185,1.63994,1.69185,2.7827,2.78499,2.7827,0,0,0,1866.28,2.1227,0.0,0.0,0.0,0.0,0.0,0.0,0.0,0.0,0.0,0.0,0.0,0.0,0.0,0.5,0.0,0.0,0.0,0.25,0.25,0.0,0.0,0.0,0,0.0,0,0.0,0,0.0,0,0.0,0.0,0,0,0.0,0,0,0,0,0,0,0
NAT,8,14,6,9.866666667,3.763072453,1.52,2.1,0.58,1.678666667,0.334685353,80,101,21,95.0,12.19265001,10.0,17.36,7.36,15.31866667,4.17427667,0.02658,235.0,234.97342,61.35105333,127.5581437,90.2,3173.0,3082.8,1067.0,1963.904425,54.8,1687.0,1632.2,498.396,939.0837544,35.4,1858.53,2.84873,1.81707,2.84873,1.81707,1.75439,1.81707,2.84873,2.84873,2.84128,0,0,0,1906.64,2.07776,0.0,0.0,0.0,1.00852,5.28951,2.54577,0.0,0.0,0.0,0.190664,0.0001,4.81e-05,0.0,0.5,0.0,0.0,0.0,0.25,0.25,0.0,0.0,0.0,0,0.0,0,0.0,0,0.0,0,0.0,0.0,0,0,0.0,0,0,0,0,0,0,0
NAT,8,14,6,9.866666667,3.763072453,1.52,2.1,0.58,1.678666667,0.334685353,80,101,21,95.0,12.19265001,10.0,17.36,7.36,15.31866667,4.17427667,0.02658,235.0,234.97342,61.35105333,127.5581437,90.2,3173.0,3082.8,1067.0,1963.904425,54.8,1687.0,1632.2,498.396,939.0837544,35.4,1858.53,2.62325,1.52397,2.62325,1.52397,1.50009,1.52397,2.62325,2.61716,2.62325,0,0,0,1794.97,2.20703,0.0,0.0,0.0,0.0,0.0,0.0,0.0,0.0,0.0,0.0,0.0,0.0,0.0,0.5,0.0,0.0,0.0,0.25,0.25,0.0,0.0,0.0,0,0.0,0,0.0,0,0.0,0,0.0,0.0,0,0,0.0,0,0,0,0,0,0,0
NAT,8,14,6,9.866666667,3.763072453,1.52,2.1,0.58,1.678666667,0.334685353,80,101,21,95.0,12.19265001,10.0,17.36,7.36,15.31866667,4.17427667,0.02658,235.0,234.97342,61.35105333,127.5581437,90.2,3173.0,3082.8,1067.0,1963.904425,54.8,1687.0,1632.2,498.396,939.0837544,35.4,1858.53,3.08966,2.29819,3.08966,2.06328,2.29819,2.29819,3.08966,3.08966,3.08966,0,0,0,1960.48,2.0207,0.0,0.0,0.0,43.787,223.349,110.53,0.0,0.0,0.0,2.94072,0.0015,0.000742316,0.0,0.5,0.0,0.0,0.0,0.25,0.25,0.0,0.0,0.0,0,0.0,0,0.0,0,0.0,0,0.0,0.0,0,0,0.0,0,0,0,0,0,0,0
NAT,8,14,6,9.866666667,3.763072453,1.52,2.1,0.58,1.678666667,0.334685353,80,101,21,95.0,12.19265001,10.0,17.36,7.36,15.31866667,4.17427667,0.02658,235.0,234.97342,61.35105333,127.5581437,90.2,3173.0,3082.8,1067.0,1963.904425,54.8,1687.0,1632.2,498.396,939.0837544,35.4,1858.53,3.03473,2.19921,3.02321,2.02219,2.19921,2.19921,3.03473,3.02321,3.02321,0,0,0,1941.83,2.04011,0.0,0.0,0.0,31.3866,161.634,79.2282,0.0,0.0,0.0,1.1651,0.0006,0.000294102,0.0,0.5,0.0,0.0,0.0,0.25,0.25,0.0,0.0,0.0,0,0.0,0,0.0,0,0.0,0,0.0,0.0,0,0,0.0,0,0,0,0,0,0,0
NAT,8,14,6,9.866666667,3.763072453,1.52,2.1,0.58,1.678666667,0.334685353,80,101,21,95.0,12.19265001,10.0,17.36,7.36,15.31866667,4.17427667,0.02658,235.0,234.97342,61.35105333,127.5581437,90.2,3173.0,3082.8,1067.0,1963.904425,54.8,1687.0,1632.2,498.396,939.0837544,35.4,1858.53,3.44985,2.6351,3.44985,2.50693,2.6351,2.6351,3.44985,3.44985,3.44985,0,0,0,2183.08,1.81465,0.0,0.0,0.0,138.14,632.777,348.704,0.0,0.0,0.0,13.5351,0.0062,0.00341663,0.0,0.5,0.0,0.0,0.0,0.25,0.25,0.0,0.0,0.0,0,0.0,0,0.0,0,0.0,0,0.0,0.0,0,0,0.0,0,0,0,0,0,0,0
LAU,8,14,6,9.888888889,3.820994635,1.52,2.1,0.58,1.684444444,0.345919066,80,101,21,95.11111111,12.00833044,10.0,17.36,7.36,15.36444444,4.094462114,0.02658,235.0,234.97342,59.46216444,124.059398,90.2,3173.0,3082.8,1075.466667,1988.294065,54.8,1687.0,1632.2,515.1411111,971.2994236,35.4,1858.53,6.04576,4.11447,6.04576,2.16933,2.16933,4.11447,6.04576,6.04576,6.04576,2,1,1,1354.02,1.75762,183.944,1358.5,772.922,0.0,0.0,0.0,110.353,0.0815,0.0463696,0.0,0.0,0.0,0.0,0.333333333,0.0,0.555555556,0.0,0.0,0.0,0.111111111,0.0,0.0,0,0.0,0,0.0,0,0.0,0,0.0,0.0,0,0,0.0,0,0,0,0,0,0,0
LAU,8,14,6,9.888888889,3.820994635,1.52,2.1,0.58,1.684444444,0.345919066,80,101,21,95.11111111,12.00833044,10.0,17.36,7.36,15.36444444,4.094462114,0.02658,235.0,234.97342,59.46216444,124.059398,90.2,3173.0,3082.8,1075.466667,1988.294065,54.8,1687.0,1632.2,515.1411111,971.2994236,35.4,1858.53,5.95304,4.10178,5.95304,2.11316,2.11316,4.10178,5.95304,5.95304,5.95304,2,1,1,1332.98,1.78537,178.723,1340.78,750.983,0.0,0.0,0.0,107.171,0.0804,0.0450327,0.0,0.0,0.0,0.0,0.333333333,0.0,0.555555556,0.0,0.0,0.0,0.111111111,0.0,0.0,0,0.0,0,0.0,0,0.0,0,0.0,0.0,0,0,0.0,0,0,0,0,0,0,0
LAU,8,14,6,9.888888889,3.820994635,1.52,2.1,0.58,1.684444444,0.345919066,80,101,21,95.11111111,12.00833044,10.0,17.36,7.36,15.36444444,4.094462114,0.02658,235.0,234.97342,59.46216444,124.059398,90.2,3173.0,3082.8,1075.466667,1988.294065,54.8,1687.0,1632.2,515.1411111,971.2994236,35.4,1858.53,5.82106,3.98201,5.82106,2.10744,2.10744,3.98201,5.82106,5.82106,5.82106,2,1,1,1332.93,1.78544,179.922,1349.82,756.019,0.0,0.0,0.0,104.235,0.0782,0.0437988,0.0,0.0,0.0,0.0,0.333333333,0.0,0.555555556,0.0,0.0,0.0,0.111111111,0.0,0.0,0,0.0,0,0.0,0,0.0,0,0.0,0.0,0,0,0.0,0,0,0,0,0,0,0
LAU,8,14,6,9.888888889,3.820994635,1.52,2.1,0.58,1.684444444,0.345919066,80,101,21,95.11111111,12.00833044,10.0,17.36,7.36,15.36444444,4.094462114,0.02658,235.0,234.97342,59.46216444,124.059398,90.2,3173.0,3082.8,1075.466667,1988.294065,54.8,1687.0,1632.2,515.1411111,971.2994236,35.4,1858.53,5.77582,3.96173,5.77582,2.06487,2.06487,3.96173,5.77582,5.77463,5.77582,2,1,1,1336.8,1.78027,181.302,1356.24,761.817,0.0,0.0,0.0,103.602,0.0775,0.0435328,0.0,0.0,0.0,0.0,0.333333333,0.0,0.555555556,0.0,0.0,0.0,0.111111111,0.0,0.0,0,0.0,0,0.0,0,0.0,0,0.0,0.0,0,0,0.0,0,0,0,0,0,0,0
MEL,8,14,6,10.05714286,4.242640687,1.52,2.1,0.58,1.718857143,0.410121933,85,101,16,95.51428571,11.3137085,12.06,17.36,5.3,15.54285714,3.74766594,0.02658,150.0,149.97342,51.44603829,106.0472223,90.2,3173.0,3082.8,1147.16,2179.868785,54.8,1687.0,1632.2,614.4114286,1154.139688,35.4,1486.0,7.25515,4.88796,7.25515,4.88796,4.88796,4.88796,7.25515,7.25515,7.25515,1,3,3,5362.17,1.7466,848.807,1582.95,906.307,0.0,0.0,0.0,647.751,0.1208,0.069163,0.0,0.0,0.0,0.0,0.125,0.3125,0.25,0.0,0.125,0.0,0.1875,0.0,0.0,0,0.0,0,0.0,0,0.0,0,0.0,0.0,0,0,0.0,0,0,0,0,0,0,2
RSN ,8,30,22,11.18518519,8.518696016,1.52,2.1,0.58,1.706666667,0.381174173,76,101,25,95.0,12.6007305,9.16,17.36,8.2,15.37851852,4.155267741,0.02658,150.0,149.97342,47.79549778,97.77010575,90.2,3173.0,3082.8,970.1703704,1918.677062,54.8,1687.0,1632.2,525.2133333,1017.130497,35.4,1486.0,4.02729,3.17588,3.97696,2.91938,2.15829,3.17588,3.8635,4.02729,3.97696,2,2,2,2144.37,1.90608,362.181,1688.98,886.103,0.0,0.0,0.0,74.4098,0.0347,0.0182049,0.0,0.0,0.0,0.153846154,0.230769231,0.076923077,0.076923077,0.0,0.307692308,0.153846154,0.0,0.0,0.0,0,0.0,0,0.0,0,0.0,0,0.0,0.0,0,0,0.0,0,0,0,0,0,0,0
SOD,8,25,17,12.52631579,9.303897033,1.52,2.1,0.58,1.723157895,0.365316643,60,101,41,89.84210526,22.52359874,7.35,17.36,10.01,14.41578947,5.63057779,0.02658,150.0,149.97342,25.34310316,74.1361182,90.2,3173.0,3082.8,1049.336842,1756.300129,54.8,1687.0,1632.2,620.7684211,1018.454131,35.4,1486.0,2.51827,0.7174,2.51827,0.7174,0.7174,0.7174,2.51827,2.51825,2.51827,0,0,0,571.89,2.88036,0.0,0.0,0.0,0.0,0.0,0.0,0.0,0.0,0.0,0.0,0.0,0.0,0.0,0.5,0.0,0.5,0.0,0.0,0.0,0.0,0.0,0.0,0,0.0,0,0.0,0,0.0,0,0.0,0.0,0,0,0.0,0,0,0,0,0,0,5
SOD,8,25,17,12.52631579,9.303897033,1.52,2.1,0.58,1.723157895,0.365316643,60,101,41,89.84210526,22.52359874,7.35,17.36,10.01,14.41578947,5.63057779,0.02658,150.0,149.97342,25.34310316,74.1361182,90.2,3173.0,3082.8,1049.336842,1756.300129,54.8,1687.0,1632.2,620.7684211,1018.454131,35.4,1486.0,2.629,0.71325,2.629,0.71325,0.71325,0.71325,2.629,2.629,2.629,0,0,0,578.218,2.84884,0.0,0.0,0.0,0.0,0.0,0.0,0.0,0.0,0.0,0.0,0.0,0.0,0.0,0.5,0.0,0.5,0.0,0.0,0.0,0.0,0.0,0.0,0,0.0,0,0.0,0,0.0,0,0.0,0.0,0,0,0.0,0,0,0,0,0,0,5
SOD,8,25,17,12.52631579,9.303897033,1.52,2.1,0.58,1.723157895,0.365316643,60,101,41,89.84210526,22.52359874,7.35,17.36,10.01,14.41578947,5.63057779,0.02658,150.0,149.97342,25.34310316,74.1361182,90.2,3173.0,3082.8,1049.336842,1756.300129,54.8,1687.0,1632.2,620.7684211,1018.454131,35.4,1486.0,2.78465,0.81393,2.78465,0.81393,0.81393,0.81393,2.78465,2.78465,2.78465,0,0,0,598.267,2.75336,0.0,0.0,0.0,0.0,0.0,0.0,0.0,0.0,0.0,0.0,0.0,0.0,0.0,0.5,0.0,0.5,0.0,0.0,0.0,0.0,0.0,0.0,0,0.0,0,0.0,0,0.0,0,0.0,0.0,0,0,0.0,0,0,0,0,0,0,5
SOD,8,32,24,15.36842105,13.53929466,1.52,2.11,0.59,1.724736842,0.368400258,60,101,41,89.68421053,22.59286392,7.35,17.36,10.01,14.66368421,5.488496493,0.02658,60.0,59.97342,11.13257684,29.32253565,90.2,3093.0,3002.8,1036.705263,1727.806743,54.8,1519.0,1464.2,545.6736842,890.3410512,35.4,1881.6,2.56807,0.81806,2.56807,0.81806,0.81806,0.81806,2.56807,2.56807,2.56807,0,0,0,604.401,3.45937,0.0,0.0,0.0,0.0,0.0,0.0,0.0,0.0,0.0,0.0,0.0,0.0,0.0,0.5,0.0,0.5,0.0,0.0,0.0,0.0,0.0,0.0,0,0.0,0,0.0,0,0.0,0,0.0,0.0,0,0,0.0,0,0,0,0,0,0,5
SOD,8,32,24,15.36842105,13.53929466,1.52,2.11,0.59,1.724736842,0.368400258,60,101,41,89.68421053,22.59286392,7.35,17.36,10.01,14.66368421,5.488496493,0.02658,60.0,59.97342,11.13257684,29.32253565,90.2,3093.0,3002.8,1036.705263,1727.806743,54.8,1519.0,1464.2,545.6736842,890.3410512,35.4,1881.6,2.67895,0.84762,2.67895,0.84762,0.84762,0.84762,2.67895,2.67895,2.67895,0,0,0,617.447,3.38628,0.0,0.0,0.0,0.0,0.0,0.0,0.0,0.0,0.0,0.0,0.0,0.0,0.0,0.5,0.0,0.5,0.0,0.0,0.0,0.0,0.0,0.0,0,0.0,0,0.0,0,0.0,0,0.0,0.0,0,0,0.0,0,0,0,0,0,0,5
DON,8,14,6,10.0,4.242640687,1.52,2.1,0.58,1.713333333,0.410121933,85,101,16,95.66666667,11.3137085,12.06,17.36,5.3,15.59333333,3.74766594,0.02658,150.0,149.97342,50.01772,106.0472223,90.2,3173.0,3082.8,1117.8,2179.868785,54.8,1687.0,1632.2,598.8666667,1154.139688,35.4,1486.0,8.52322,7.7043,8.52322,2.12482,7.7043,2.03192,8.52322,8.52322,8.37695,2,1,1,3677.68,1.73625,415.635,1130.15,650.915,4.29048,11.6662,6.7192,584.384,0.1589,0.0915188,0.367768,0.0001,5.76e-05,0.0,0.142857143,0.071428571,0.714285714,0.0,0.0,0.0,0.0,0.0,0.0,0,0.071428571,0,0.0,0,0.0,0,0.0,0.0,0,0,0.0,0,0,0,0,0,0,2
DON,8,14,6,10.0,4.242640687,1.52,2.1,0.58,1.713333333,0.410121933,85,101,16,95.66666667,11.3137085,12.06,17.36,5.3,15.59333333,3.74766594,0.02658,150.0,149.97342,50.01772,106.0472223,90.2,3173.0,3082.8,1117.8,2179.868785,54.8,1687.0,1632.2,598.8666667,1154.139688,35.4,1486.0,8.67404,7.69626,8.67404,2.12482,7.69626,2.03192,8.3677,8.67404,8.54141,2,1,1,3677.68,1.73625,416.816,1133.37,652.765,7.98933,21.7238,12.5119,575.925,0.1566,0.0901942,1.83884,0.0005,0.000287976,0.0,0.142857143,0.071428571,0.714285714,0.0,0.0,0.0,0.0,0.0,0.0,0,0.071428571,0,0.0,0,0.0,0,0.0,0.0,0,0,0.0,0,0,0,0,0,0,2
MFI,8,14,6,10.0,4.242640687,1.52,2.1,0.58,1.713333333,0.410121933,85,101,16,95.66666667,11.3137085,12.06,17.36,5.3,15.59333333,3.74766594,0.02658,150.0,149.97342,50.01772,106.0472223,90.2,3173.0,3082.8,1117.8,2179.868785,54.8,1687.0,1632.2,598.8666667,1154.139688,35.4,1486.0,6.83821,5.18928,6.83821,5.01734,5.18928,5.01734,6.78785,6.83821,6.83821,1,3,3,5343.32,1.79254,807.955,1512.09,843.545,0.0,0.0,0.0,587.231,0.1099,0.0613098,0.0,0.0,0.0,0.0,0.03846153,0.423,0.308,0.0,0.0,0.0,0.23076,0.0,0.0,0,0.0,0,0.0,0,0.0,0,0.0,0.0,0,0,0.0,0,0,0,0,0,0,2
EDI,8,14,6,9.833333333,3.689323937,1.52,2.1,0.58,1.67,0.31822424,80,101,21,94.83333333,12.50111106,10.0,17.36,7.36,15.25,4.302983461,0.02658,235.0,234.97342,64.18438667,132.9250288,90.2,3173.0,3082.8,1054.3,1934.463424,54.8,1687.0,1632.2,473.2783333,891.7012048,35.4,1858.53,5.63066,2.95329,5.63066,2.95329,2.95329,2.94803,5.63066,5.63066,5.63066,1,3,3,1281.67,1.5426,258.844,2019.58,1309.21,0.0,0.0,0.0,97.663,0.0762,0.049397,0.0,0.0,0.0,0.0,0.5,0.0,0.0,0.0,0.5,0.0,0.0,0.0,0.0,0,0.0,0,0.0,0,0.0,0,0.0,0.0,0,0,0.0,0,0,0,0,0,0,0
IFR,8,14,6,10.0,4.242640687,1.52,2.1,0.58,1.713333333,0.410121933,85,101,16,95.66666667,11.3137085,12.06,17.36,5.3,15.59333333,3.74766594,0.02658,150.0,149.97342,50.01772,106.0472223,90.2,3173.0,3082.8,1117.8,2179.868785,54.8,1687.0,1632.2,598.8666667,1154.139688,35.4,1486.0,6.93445,6.1688,6.82926,1.38104,1.38104,6.1688,6.93445,6.46012,6.82926,2,1,1,1841.43,1.73381,293.528,1594.02,919.374,0.0,0.0,0.0,263.325,0.143,0.0824772,0.0,0.0,0.0,0.0,0.363636364,0.090909091,0.363636364,0.0,0.0,0.0,0.0,0.0,0.181818182,0,0.0,0,0.0,0,0.0,0,0.0,0.0,0,0,0.0,0,0,0,0,0,0,2
CFI,8,14,6,10.0,4.242640687,1.52,2.1,0.58,1.713333333,0.410121933,85,101,16,95.66666667,11.3137085,12.06,17.36,5.3,15.59333333,3.74766594,0.02658,150.0,149.97342,50.01772,106.0472223,90.2,3173.0,3082.8,1117.8,2179.868785,54.8,1687.0,1632.2,598.8666667,1154.139688,35.4,1486.0,7.31461,7.09315,7.31461,2.34928,7.09315,1.86954,7.31461,7.31461,7.31461,2,1,1,1753.31,1.82096,203.459,1160.43,637.262,31.7389,181.023,99.4109,222.319,0.1268,0.0696336,3.33128,0.0019,0.00104341,0.0,0.142857143,0.285714286,0.428571429,0.0,0.0,0.0,0.0,0.0,0.0,0,0.142857143,0,0.0,0,0.0,0,0.0,0.0,0,0,0.0,0,0,0,0,0,0,2
ANA,8,14,6,9.888888889,3.820994635,1.52,2.1,0.58,1.684444444,0.345919066,80,101,21,95.11111111,12.00833044,10.0,17.36,7.36,15.36444444,4.094462114,0.02658,235.0,234.97342,59.46216444,124.059398,90.2,3173.0,3082.8,1075.466667,1988.294065,54.8,1687.0,1632.2,515.1411111,971.2994236,35.4,1858.53,3.96215,2.28196,3.96215,2.28196,2.28196,2.28196,3.96215,3.96215,3.96215,0,0,0,2546.27,1.86929,0.0,0.0,0.0,185.186,727.283,389.069,0.0,0.0,0.0,34.3746,0.0135,0.00722198,0.0,0.333333333,0.0,0.333333333,0.0,0.333333333,0.0,0.0,0.0,0.0,0,0.0,0,0.0,0,0.0,0,0.0,0.0,0,0,0.0,0,0,0,0,0,0,0
FAU,8,14,6,9.833333333,3.689323937,1.52,2.1,0.58,1.67,0.31822424,80,101,21,94.83333333,12.50111106,10.0,17.36,7.36,15.25,4.302983461,0.02658,235.0,234.97342,64.18438667,132.9250288,90.2,3173.0,3082.8,1054.3,1934.463424,54.8,1687.0,1632.2,473.2783333,891.7012048,35.4,1858.53,11.29944,7.63704,11.29944,7.63704,7.63704,7.63704,11.29944,11.29944,11.29944,1,3,3,15008.0,1.26467,2352.77,1567.68,1239.59,302.119,201.305,159.176,4299.79,0.2865,0.226541,141.075,0.0094,0.00743274,0.0,0.4,0.0,0.4,0.0,0.0,0.0,0.0,0.0,0.2,0,0.0,0,0.0,0,0.0,0,0.0,0.0,0,0,0.0,0,0,0,0,0,0,3
FAU,8,14,6,9.833333333,3.689323937,1.52,2.1,0.58,1.67,0.31822424,80,101,21,94.83333333,12.50111106,10.0,17.36,7.36,15.25,4.302983461,0.02658,235.0,234.97342,64.18438667,132.9250288,90.2,3173.0,3082.8,1054.3,1934.463424,54.8,1687.0,1632.2,473.2783333,891.7012048,35.4,1858.53,11.17178,7.25102,11.10445,7.25102,7.25102,7.25102,11.17178,11.10445,11.17178,1,3,3,15007.8,1.26469,2360.99,1573.17,1243.92,285.905,190.504,150.633,4298.23,0.2864,0.226459,129.067,0.0086,0.00680009,0.0,0.4,0.0,0.4,0.0,0.0,0.0,0.0,0.0,0.2,0,0.0,0,0.0,0,0.0,0,0.0,0.0,0,0,0.0,0,0,0,0,0,0,3
MFI,8,14,6,10.0,4.242640687,1.52,2.1,0.58,1.713333333,0.410121933,85,101,16,95.66666667,11.3137085,12.06,17.36,5.3,15.59333333,3.74766594,0.02658,150.0,149.97342,50.01772,106.0472223,90.2,3173.0,3082.8,1117.8,2179.868785,54.8,1687.0,1632.2,598.8666667,1154.139688,35.4,1486.0,6.79809,5.03354,6.72317,5.03354,4.54584,4.54584,6.72317,6.63576,6.79809,1,3,3,5320.36,1.80027,803.081,1509.45,838.456,0.0,0.0,0.0,554.382,0.1042,0.0578802,0.0,0.0,0.0,0.0,0.03846153,0.423,0.308,0.0,0.0,0.0,0.23076,0.0,0.0,0,0.0,0,0.0,0,0.0,0,0.0,0.0,0,0,0.0,0,0,0,0,0,0,2
LAU,8,14,6,9.888888889,3.820994635,1.52,2.1,0.58,1.684444444,0.345919066,80,101,21,95.11111111,12.00833044,10.0,17.36,7.36,15.36444444,4.094462114,0.02658,235.0,234.97342,59.46216444,124.059398,90.2,3173.0,3082.8,1075.466667,1988.294065,54.8,1687.0,1632.2,515.1411111,971.2994236,35.4,1858.53,5.87807,3.98487,5.87807,2.09408,2.09408,3.98487,5.87807,5.87807,5.87807,2,1,1,1351.05,1.76148,186.064,1377.18,781.829,0.0,0.0,0.0,112.272,0.0831,0.0471761,0.0,0.0,0.0,0.0,0.333333333,0.0,0.555555556,0.0,0.0,0.0,0.111111111,0.0,0.0,0,0.0,0,0.0,0,0.0,0,0.0,0.0,0,0,0.0,0,0,0,0,0,0,0
CHA,8,14,6,9.833333333,3.689323937,1.52,2.1,0.58,1.67,0.31822424,80,101,21,94.83333333,12.50111106,10.0,17.36,7.36,15.25,4.302983461,0.02658,235.0,234.97342,64.18438667,132.9250288,90.2,3173.0,3082.8,1054.3,1934.463424,54.8,1687.0,1632.2,473.2783333,891.7012048,35.4,1858.53,6.04987,3.85402,6.04987,3.0474,3.12112,3.85402,6.04987,5.96045,6.04987,1,3,3,796.4,1.48953,163.528,2053.34,1378.52,0.629612,7.90572,5.30753,99.2314,0.1246,0.0836505,0.07964,0.0001,6.71e-05,0.0,0.5,0.0,0.25,0.0,0.25,0.0,0.0,0.0,0.0,0,0.0,0,0.0,0,0.0,0,0.0,0.0,0,0,0.0,0,0,0,0,0,0,0
GIS,8,14,6,9.833333333,3.689323937,1.52,2.1,0.58,1.67,0.31822424,80,101,21,94.83333333,12.50111106,10.0,17.36,7.36,15.25,4.302983461,0.02658,235.0,234.97342,64.18438667,132.9250288,90.2,3173.0,3082.8,1054.3,1934.463424,54.8,1687.0,1632.2,473.2783333,891.7012048,35.4,1858.53,4.79874,3.22191,4.79874,2.82141,3.21638,3.22191,4.79874,4.79874,4.79874,1,3,3,1045.41,1.51298,245.663,2349.93,1553.17,0.0,0.0,0.0,79.3463,0.0759,0.0501657,0.0,0.0,0.0,0.0,0.666666667,0.0,0.0,0.0,0.333333333,0.0,0.0,0.0,0.0,0,0.0,0,0.0,0,0.0,0,0.0,0.0,0,0,0.0,0,0,0,0,0,0,0
IFR,8,14,6,10.0,4.242640687,1.52,2.1,0.58,1.713333333,0.410121933,85,101,16,95.66666667,11.3137085,12.06,17.36,5.3,15.59333333,3.74766594,0.02658,150.0,149.97342,50.01772,106.0472223,90.2,3173.0,3082.8,1117.8,2179.868785,54.8,1687.0,1632.2,598.8666667,1154.139688,35.4,1486.0,6.93445,6.1688,6.82926,1.38104,1.38104,6.1688,6.93445,6.46012,6.82926,2,1,1,1841.43,1.73381,293.528,1594.02,919.374,0.0,0.0,0.0,263.325,0.143,0.0824772,0.0,0.0,0.0,0.0,0.363636364,0.090909091,0.363636364,0.0,0.0,0.0,0.0,0.0,0.181818182,0,0.0,0,0.0,0,0.0,0,0.0,0.0,0,0,0.0,0,0,0,0,0,0,2
CHA,8,14,6,10.0,4.242640687,1.52,2.1,0.58,1.713333333,0.410121933,85,101,16,95.66666667,11.3137085,12.06,17.36,5.3,15.59333333,3.74766594,0.02658,150.0,149.97342,50.01772,106.0472223,90.2,3173.0,3082.8,1117.8,2179.868785,54.8,1687.0,1632.2,598.8666667,1154.139688,35.4,1486.0,7.1635,3.69001,7.1635,3.69001,3.69001,3.69,7.1635,7.1635,7.1635,1,3,3,2337.86,1.53636,495.964,2121.45,1380.83,2.45387,10.4962,6.8319,373.59,0.1598,0.104012,0.467572,0.0002,0.000130178,0.0,0.5,0.0,0.25,0.0,0.25,0.0,0.0,0.0,0.0,0,0.0,0,0.0,0,0.0,0,0.0,0.0,0,0,0.0,0,0,0,0,0,0,2
FAU,8,14,6,9.833333333,3.689323937,1.52,2.1,0.58,1.67,0.31822424,80,101,21,94.83333333,12.50111106,10.0,17.36,7.36,15.25,4.302983461,0.02658,235.0,234.97342,64.18438667,132.9250288,90.2,3173.0,3082.8,1054.3,1934.463424,54.8,1687.0,1632.2,473.2783333,891.7012048,35.4,1858.53,11.70403,7.43883,11.70403,7.43883,7.43883,7.43883,11.70403,10.64945,11.70403,1,3,3,15717.2,1.20761,2474.88,1574.63,1303.93,424.296,269.956,223.546,4458.98,0.2837,0.234928,224.756,0.0143,0.0118416,0.0,0.4,0.0,0.4,0.0,0.0,0.0,0.0,0.0,0.2,0,0.0,0,0.0,0,0.0,0,0.0,0.0,0,0,0.0,0,0,0,0,0,0,3
FAU,8,14,6,9.833333333,3.689323937,1.52,2.1,0.58,1.67,0.31822424,80,101,21,94.83333333,12.50111106,10.0,17.36,7.36,15.25,4.302983461,0.02658,235.0,234.97342,64.18438667,132.9250288,90.2,3173.0,3082.8,1054.3,1934.463424,54.8,1687.0,1632.2,473.2783333,891.7012048,35.4,1858.53,11.70204,7.39422,11.70204,7.39422,7.39422,7.39422,11.70203,11.70203,11.70204,1,3,3,15691.1,1.20962,2473.88,1576.61,1303.4,435.021,277.241,229.197,4453.13,0.2838,0.23462,233.797,0.0149,0.0123179,0.0,0.4,0.0,0.4,0.0,0.0,0.0,0.0,0.0,0.2,0,0.0,0,0.0,0,0.0,0,0.0,0.0,0,0,0.0,0,0,0,0,0,0,3
FAU,8,14,6,9.833333333,3.689323937,1.52,2.1,0.58,1.67,0.31822424,80,101,21,94.83333333,12.50111106,10.0,17.36,7.36,15.25,4.302983461,0.02658,235.0,234.97342,64.18438667,132.9250288,90.2,3173.0,3082.8,1054.3,1934.463424,54.8,1687.0,1632.2,473.2783333,891.7012048,35.4,1858.53,11.71306,7.40907,10.85392,7.40907,7.40907,7.40907,10.85392,11.71302,11.71306,1,3,3,15678.5,1.21059,2471.35,1576.27,1302.07,425.747,271.548,224.311,4455.82,0.2842,0.234762,230.474,0.0147,0.0121428,0.0,0.4,0.0,0.4,0.0,0.0,0.0,0.0,0.0,0.2,0,0.0,0,0.0,0,0.0,0,0.0,0.0,0,0,0.0,0,0,0,0,0,0,3
FAU,8,14,6,9.833333333,3.689323937,1.52,2.1,0.58,1.67,0.31822424,80,101,21,94.83333333,12.50111106,10.0,17.36,7.36,15.25,4.302983461,0.02658,235.0,234.97342,64.18438667,132.9250288,90.2,3173.0,3082.8,1054.3,1934.463424,54.8,1687.0,1632.2,473.2783333,891.7012048,35.4,1858.53,11.27288,7.2187,11.27288,7.2187,7.2187,7.2187,11.27288,11.27288,11.27288,1,3,3,15698.0,1.20908,2503.12,1594.55,1318.81,388.661,247.586,204.772,4392.31,0.2798,0.231415,189.946,0.0121,0.0100076,0.0,0.4,0.0,0.4,0.0,0.0,0.0,0.0,0.0,0.2,0,0.0,0,0.0,0,0.0,0,0.0,0.0,0,0,0.0,0,0,0,0,0,0,3
FAU,8,14,6,9.833333333,3.689323937,1.52,2.1,0.58,1.67,0.31822424,80,101,21,94.83333333,12.50111106,10.0,17.36,7.36,15.25,4.302983461,0.02658,235.0,234.97342,64.18438667,132.9250288,90.2,3173.0,3082.8,1054.3,1934.463424,54.8,1687.0,1632.2,473.2783333,891.7012048,35.4,1858.53,11.44054,7.43964,11.44054,7.43964,7.43964,7.43964,11.44054,11.44054,11.44054,1,3,3,16019.4,1.18483,2542.4,1587.08,1339.5,444.871,277.708,234.387,4512.66,0.2817,0.237756,222.669,0.0139,0.0117317,0.0,0.4,0.0,0.4,0.0,0.0,0.0,0.0,0.0,0.2,0,0.0,0,0.0,0,0.0,0,0.0,0.0,0,0,0.0,0,0,0,0,0,0,3
FAU,8,14,6,9.833333333,3.689323937,1.52,2.1,0.58,1.67,0.31822424,80,101,21,94.83333333,12.50111106,10.0,17.36,7.36,15.25,4.302983461,0.02658,235.0,234.97342,64.18438667,132.9250288,90.2,3173.0,3082.8,1054.3,1934.463424,54.8,1687.0,1632.2,473.2783333,891.7012048,35.4,1858.53,11.59614,7.40876,11.59613,7.40876,7.40876,7.40876,11.59613,11.59613,11.59613,1,3,3,16095.8,1.1792,2567.12,1594.9,1352.53,467.202,290.264,246.153,4542.23,0.2822,0.239314,249.485,0.0155,0.0131445,0.0,0.4,0.0,0.4,0.0,0.0,0.0,0.0,0.0,0.2,0,0.0,0,0.0,0,0.0,0,0.0,0.0,0,0,0.0,0,0,0,0,0,0,3
MWW,8,14,6,10.0,4.242640687,1.52,2.1,0.58,1.713333333,0.410121933,85,101,16,95.66666667,11.3137085,12.06,17.36,5.3,15.59333333,3.74766594,0.02658,150.0,149.97342,50.01772,106.0472223,90.2,3173.0,3082.8,1117.8,2179.868785,54.8,1687.0,1632.2,598.8666667,1154.139688,35.4,1486.0,9.39194,4.55786,5.99961,4.55786,4.55786,2.51437,5.99961,5.99961,9.39194,2,2,2,4361.0,1.64723,780.161,1788.95,1086.04,3.08158,7.06623,4.28977,675.083,0.1548,0.093976,0.0,0.0,0.0,0.0,0.25,0.333333333,0.25,0.0,0.0,0.0,0.166666667,0.0,0.0,0,0.0,0,0.0,0,0.0,0,0.0,0.0,0,0,0.0,0,0,0,0,0,0,2
CFI,8,14,6,10.0,4.242640687,1.52,2.1,0.58,1.713333333,0.410121933,85,101,16,95.66666667,11.3137085,12.06,17.36,5.3,15.59333333,3.74766594,0.02658,150.0,149.97342,50.01772,106.0472223,90.2,3173.0,3082.8,1117.8,2179.868785,54.8,1687.0,1632.2,598.8666667,1154.139688,35.4,1486.0,7.28928,7.03888,7.28928,1.83705,7.03888,1.56882,7.28135,7.28928,7.28928,2,1,1,1750.14,1.82426,191.705,1095.37,600.448,15.7223,89.8344,49.2444,213.517,0.122,0.0668766,0.875069,0.0005,0.000274084,0.0,0.142857143,0.285714286,0.428571429,0.0,0.0,0.0,0.0,0.0,0.0,0,0.142857143,0,0.0,0,0.0,0,0.0,0.0,0,0,0.0,0,0,0,0,0,0,2
MFI,8,14,6,10.0,4.242640687,1.52,2.1,0.58,1.713333333,0.410121933,85,101,16,95.66666667,11.3137085,12.06,17.36,5.3,15.59333333,3.74766594,0.02658,150.0,149.97342,50.01772,106.0472223,90.2,3173.0,3082.8,1117.8,2179.868785,54.8,1687.0,1632.2,598.8666667,1154.139688,35.4,1486.0,6.50721,4.93639,6.50721,4.93639,4.8383,4.8383,6.50721,5.76815,6.50721,1,3,3,5410.88,1.77015,812.563,1501.72,848.356,0.0,0.0,0.0,577.882,0.1068,0.0603337,0.0,0.0,0.0,0.0,0.03846153,0.423,0.308,0.0,0.0,0.0,0.23076,0.0,0.0,0,0.0,0,0.0,0,0.0,0,0.0,0.0,0,0,0.0,0,0,0,0,0,0,2
RTE,8,14,6,10.0,4.242640687,1.52,2.1,0.58,1.713333333,0.410121933,85,101,16,95.66666667,11.3137085,12.06,17.36,5.3,15.59333333,3.74766594,0.02658,150.0,149.97342,50.01772,106.0472223,90.2,3173.0,3082.8,1117.8,2179.868785,54.8,1687.0,1632.2,598.8666667,1154.139688,35.4,1486.0,6.93112,3.76052,6.93112,1.76521,1.76521,3.76052,6.93112,6.93112,6.93112,2,1,1,1386.3,1.72728,219.325,1582.09,915.945,1.89263,13.6524,7.90401,157.761,0.1138,0.0658841,0.13863,0.0001,5.79e-05,0.0,0.428571429,0.142857143,0.285714286,0.0,0.142857143,0.0,0.0,0.0,0.0,0,0.0,0,0.0,0,0.0,0,0.0,0.0,0,0,0.0,0,0,0,0,0,0,2
LTA,8,14,6,9.833333333,3.689323937,1.52,2.1,0.58,1.67,0.31822424,80,101,21,94.83333333,12.50111106,10.0,17.36,7.36,15.25,4.302983461,0.02658,235.0,234.97342,64.18438667,132.9250288,90.2,3173.0,3082.8,1054.3,1934.463424,54.8,1687.0,1632.2,473.2783333,891.7012048,35.4,1858.53,10.81717,3.62262,10.81717,3.62262,3.62262,3.62262,10.81717,10.81717,10.81717,1,3,3,13643.4,1.39117,2311.29,1694.08,1217.74,289.123,211.915,152.329,2728.67,0.2,0.143764,132.341,0.0097,0.00697256,0.0,0.5,0.0,0.25,0.0,0.25,0.0,0.0,0.0,0.0,0,0.0,0,0.0,0,0.0,0,0.0,0.0,0,0,0.0,0,0,0,0,0,0,3
LTA,8,14,6,9.833333333,3.689323937,1.52,2.1,0.58,1.67,0.31822424,80,101,21,94.83333333,12.50111106,10.0,17.36,7.36,15.25,4.302983461,0.02658,235.0,234.97342,64.18438667,132.9250288,90.2,3173.0,3082.8,1054.3,1934.463424,54.8,1687.0,1632.2,473.2783333,891.7012048,35.4,1858.53,10.83463,3.65981,10.83463,3.65981,3.65981,3.65981,10.83463,10.83463,10.83463,1,3,3,13643.4,1.39117,2311.37,1694.14,1217.78,291.762,213.849,153.719,2725.94,0.1998,0.14362,133.705,0.0098,0.00704444,0.0,0.5,0.0,0.25,0.0,0.25,0.0,0.0,0.0,0.0,0,0.0,0,0.0,0,0.0,0,0.0,0.0,0,0,0.0,0,0,0,0,0,0,3
STF,8,14,6,10.0,4.242640687,1.52,2.1,0.58,1.713333333,0.410121933,85,101,16,95.66666667,11.3137085,12.06,17.36,5.3,15.59333333,3.74766594,0.02658,150.0,149.97342,50.01772,106.0472223,90.2,3173.0,3082.8,1117.8,2179.868785,54.8,1687.0,1632.2,598.8666667,1154.139688,35.4,1486.0,7.69832,5.35213,7.69832,1.24583,1.23188,5.35213,7.69832,7.69832,7.69832,2,1,1,1853.97,1.72209,293.848,1584.97,920.376,0.0,0.0,0.0,272.348,0.1469,0.0853035,0.0,0.0,0.0,0.0,0.222222222,0.333333333,0.333333333,0.0,0.0,0.0,0.111111111,0.0,0.0,0,0.0,0,0.0,0,0.0,0,0.0,0.0,0,0,0.0,0,0,0,0,0,0,2
GIS,8,14,6,9.833333333,3.689323937,1.52,2.1,0.58,1.67,0.31822424,80,101,21,94.83333333,12.50111106,10.0,17.36,7.36,15.25,4.302983461,0.02658,235.0,234.97342,64.18438667,132.9250288,90.2,3173.0,3082.8,1054.3,1934.463424,54.8,1687.0,1632.2,473.2783333,891.7012048,35.4,1858.53,4.824,3.28152,4.824,2.86524,3.13774,3.28152,4.81034,4.824,4.824,1,3,3,1045.3,1.51314,249.806,2389.8,1579.37,0.0,0.0,0.0,81.7426,0.0782,0.0516807,0.0,0.0,0.0,0.0,0.666666667,0.0,0.0,0.0,0.333333333,0.0,0.0,0.0,0.0,0,0.0,0,0.0,0,0.0,0,0.0,0.0,0,0,0.0,0,0,0,0,0,0,0
GIS,8,14,6,9.833333333,3.689323937,1.52,2.1,0.58,1.67,0.31822424,80,101,21,94.83333333,12.50111106,10.0,17.36,7.36,15.25,4.302983461,0.02658,235.0,234.97342,64.18438667,132.9250288,90.2,3173.0,3082.8,1054.3,1934.463424,54.8,1687.0,1632.2,473.2783333,891.7012048,35.4,1858.53,4.83072,3.54321,4.66509,3.30758,3.30758,3.54321,4.83072,4.83072,4.66509,1,3,3,1019.52,1.55141,211.14,2070.99,1334.91,0.0,0.0,0.0,79.7261,0.0782,0.0504059,0.0,0.0,0.0,0.0,0.666666667,0.0,0.0,0.0,0.333333333,0.0,0.0,0.0,0.0,0,0.0,0,0.0,0,0.0,0,0.0,0.0,0,0,0.0,0,0,0,0,0,0,0
RTE,8,14,6,10.0,4.242640687,1.52,2.1,0.58,1.713333333,0.410121933,85,101,16,95.66666667,11.3137085,12.06,17.36,5.3,15.59333333,3.74766594,0.02658,150.0,149.97342,50.01772,106.0472223,90.2,3173.0,3082.8,1117.8,2179.868785,54.8,1687.0,1632.2,598.8666667,1154.139688,35.4,1486.0,6.91809,4.02791,6.91809,1.8772,1.66326,4.02791,6.91809,6.91809,6.91809,2,1,1,1386.3,1.72728,219.982,1586.83,918.69,1.13482,8.18596,4.73923,150.136,0.1083,0.0626999,0.0,0.0,0.0,0.0,0.428571429,0.142857143,0.285714286,0.0,0.142857143,0.0,0.0,0.0,0.0,0,0.0,0,0.0,0,0.0,0,0.0,0.0,0,0,0.0,0,0,0,0,0,0,2
RTE,8,14,6,10.0,4.242640687,1.52,2.1,0.58,1.713333333,0.410121933,85,101,16,95.66666667,11.3137085,12.06,17.36,5.3,15.59333333,3.74766594,0.02658,150.0,149.97342,50.01772,106.0472223,90.2,3173.0,3082.8,1117.8,2179.868785,54.8,1687.0,1632.2,598.8666667,1154.139688,35.4,1486.0,6.92601,3.89435,6.92601,1.83709,1.60002,3.89435,6.92601,6.92601,6.92601,2,1,1,1383.9,1.73027,216.814,1566.69,905.459,1.86604,13.4839,7.79297,146.417,0.1058,0.0611465,0.13839,0.0001,5.78e-05,0.0,0.428571429,0.142857143,0.285714286,0.0,0.142857143,0.0,0.0,0.0,0.0,0,0.0,0,0.0,0,0.0,0,0.0,0.0,0,0,0.0,0,0,0,0,0,0,2
ABW,8,33,25,15.83333333,15.71446609,1.52,2.01,0.49,1.656666667,0.281029852,76,101,25,94.83333333,13.42675604,9.16,17.36,8.2,15.25833333,4.479065503,0.02658,120.0,119.97342,28.35105333,63.44895448,90.2,1180.0,1089.8,404.6333333,640.141743,54.8,1090.0,1035.2,333.6466667,580.8032235,35.4,487.32,3.59916,3.15077,3.59916,1.00149,1.26528,3.15077,3.59916,3.59916,3.59916,2,1,1,457.447,2.96657,40.3616,882.324,297.423,0.0,0.0,0.0,6.63298,0.0145,0.00488781,0.0,0.0,0.0,0.0,0.333333333,0.0,0.333333333,0.0,0.333333333,0.0,0.0,0.0,0.0,0,0.0,0,0.0,0,0.0,0,0.0,0.0,0,0,0.0,0,0,0,0,0,0,6
MTF,8,14,6,10.0,4.242640687,1.52,2.1,0.58,1.713333333,0.410121933,85,101,16,95.66666667,11.3137085,12.06,17.36,5.3,15.59333333,3.74766594,0.02658,150.0,149.97342,50.01772,106.0472223,90.2,3173.0,3082.8,1117.8,2179.868785,54.8,1687.0,1632.2,598.8666667,1154.139688,35.4,1486.0,5.99315,3.57185,5.99315,1.79529,1.43183,3.57185,2.27695,5.99315,5.99315,2,1,1,2132.64,2.05846,202.066,947.489,460.29,0.0,0.0,0.0,122.627,0.0575,0.0279335,0.0,0.0,0.0,0.0,0.1,0.4,0.4,0.0,0.1,0.0,0.0,0.0,0.0,0,0.0,0,0.0,0,0.0,0,0.0,0.0,0,0,0.0,0,0,0,0,0,0,2
LTA,8,14,6,9.833333333,3.689323937,1.52,2.1,0.58,1.67,0.31822424,80,101,21,94.83333333,12.50111106,10.0,17.36,7.36,15.25,4.302983461,0.02658,235.0,234.97342,64.18438667,132.9250288,90.2,3173.0,3082.8,1054.3,1934.463424,54.8,1687.0,1632.2,473.2783333,891.7012048,35.4,1858.53,11.29991,4.06397,11.29991,4.06397,4.06397,4.06397,11.29991,11.29991,11.29991,1,3,3,14801.4,1.28232,2504.49,1692.06,1319.53,508.883,343.807,268.113,3186.74,0.2153,0.167898,313.79,0.0212,0.0165325,0.0,0.5,0.0,0.25,0.0,0.25,0.0,0.0,0.0,0.0,0,0.0,0,0.0,0,0.0,0,0.0,0.0,0,0,0.0,0,0,0,0,0,0,3
FAU,8,14,6,9.833333333,3.689323937,1.52,2.1,0.58,1.67,0.31822424,80,101,21,94.83333333,12.50111106,10.0,17.36,7.36,15.25,4.302983461,0.02658,235.0,234.97342,64.18438667,132.9250288,90.2,3173.0,3082.8,1054.3,1934.463424,54.8,1687.0,1632.2,473.2783333,891.7012048,35.4,1858.53,11.43285,7.3812,11.43285,7.3812,7.3812,7.3812,11.43285,11.43285,11.43285,2,3,3,15723.2,1.20714,3228.47,2053.31,1700.97,0.0,0.0,0.0,4713.83,0.2998,0.248355,0.0,0.0,0.0,0.0,0.4,0.0,0.4,0.0,0.0,0.0,0.0,0.0,0.2,0,0.0,0,0.0,0,0.0,0,0.0,0.0,0,0,0.0,0,0,0,0,0,0,3
CAN,8,14,6,9.833333333,3.689323937,1.52,2.1,0.58,1.67,0.31822424,80,101,21,94.83333333,12.50111106,10.0,17.36,7.36,15.25,4.302983461,0.02658,235.0,234.97342,64.18438667,132.9250288,90.2,3173.0,3082.8,1054.3,1934.463424,54.8,1687.0,1632.2,473.2783333,891.7012048,35.4,1858.53,6.25464,5.89821,6.25464,1.56611,1.56611,5.89821,6.20533,6.25464,6.25464,1,1,1,715.152,1.65875,64.9231,907.822,547.292,33.98,475.144,286.446,49.9176,0.0698,0.0420798,9.44001,0.0132,0.00795778,0.0,0.25,0.0,0.5,0.0,0.0,0.0,0.0,0.0,0.25,0,0.0,0,0.0,0,0.0,0,0.0,0.0,0,0,0.0,0,0,0,0,0,0,0
BIK,8,14,6,9.888888889,3.820994635,1.52,2.1,0.58,1.684444444,0.345919066,80,101,21,95.11111111,12.00833044,10.0,17.36,7.36,15.36444444,4.094462114,0.02658,235.0,234.97342,59.46216444,124.059398,90.2,3173.0,3082.8,1075.466667,1988.294065,54.8,1687.0,1632.2,515.1411111,971.2994236,35.4,1858.53,3.83236,3.27924,3.83236,1.59965,3.27924,0.98566,3.59145,3.83236,3.83236,1,1,1,295.69,2.01212,25.4599,861.032,427.923,0.0,0.0,0.0,6.2095,0.021,0.0104368,0.0,0.0,0.0,0.0,0.0,0.333333333,0.333333333,0.0,0.333333333,0.0,0.0,0.0,0.0,0,0.0,0,0.0,0,0.0,0,0.0,0.0,0,0,0.0,0,0,0,0,0,0,0
NAT,8,14,6,9.866666667,3.763072453,1.52,2.1,0.58,1.678666667,0.334685353,80,101,21,95.0,12.19265001,10.0,17.36,7.36,15.31866667,4.17427667,0.02658,235.0,234.97342,61.35105333,127.5581437,90.2,3173.0,3082.8,1067.0,1963.904425,54.8,1687.0,1632.2,498.396,939.0837544,35.4,1858.53,3.44952,2.60701,3.44952,2.59937,2.60701,2.60701,3.44952,3.44952,3.44952,0,0,0,2252.09,1.75905,0.0,0.0,0.0,152.022,675.028,383.745,0.0,0.0,0.0,15.089,0.0067,0.00380887,0.0,0.5,0.0,0.0,0.0,0.25,0.25,0.0,0.0,0.0,0,0.0,0,0.0,0,0.0,0,0.0,0.0,0,0,0.0,0,0,0,0,0,0,0
FRA,8,14,6,9.833333333,3.689323937,1.52,2.1,0.58,1.67,0.31822424,80,101,21,94.83333333,12.50111106,10.0,17.36,7.36,15.25,4.302983461,0.02658,235.0,234.97342,64.18438667,132.9250288,90.2,3173.0,3082.8,1054.3,1934.463424,54.8,1687.0,1632.2,473.2783333,891.7012048,35.4,1858.53,6.48691,2.39344,6.31631,2.39344,2.39344,2.29879,6.31631,6.31631,6.48691,0,0,0,3834.75,1.54673,0.0,0.0,0.0,687.846,1793.72,1159.69,0.0,0.0,0.0,367.752,0.0959,0.0620018,0.0,0.294117647,0.0,0.705882353,0.0,0.0,0.0,0.0,0.0,0.0,0,0.0,0,0.0,0,0.0,0,0.0,0.0,0,0,0.0,0,0,0,0,0,0,1
ABW,8,29,21,12.66666667,10.94430344,1.52,1.96,0.44,1.64,0.248730108,72,101,29,94.33333333,15.22424966,7.11,17.36,10.25,15.595,5.369256621,0.02658,400.0,399.97342,66.72372,210.7824547,90.2,3200.0,3109.8,685.1333333,1608.166456,54.8,1357.77,1302.97,315.7116667,672.8515646,35.4,1842.23,3.04508,2.51059,3.04508,1.41307,2.51059,1.41307,3.04508,3.04508,3.04508,0,0,0,406.733,2.58865,0.0,0.0,0.0,7.68449,188.932,72.9849,0.0,0.0,0.0,0.284713,0.0007,0.000270412,0.0,0.333333333,0.0,0.333333333,0.0,0.333333333,0.0,0.0,0.0,0.0,0,0.0,0,0.0,0,0.0,0,0.0,0.0,0,0,0.0,0,0,0,0,0,0,0
ABW,8,14,6,9.833333333,3.689323937,1.52,2.1,0.58,1.67,0.31822424,80,101,21,94.83333333,12.50111106,10.0,17.36,7.36,15.25,4.302983461,0.02658,235.0,234.97342,64.18438667,132.9250288,90.2,3173.0,3082.8,1054.3,1934.463424,54.8,1687.0,1632.2,473.2783333,891.7012048,35.4,1858.53,3.96475,3.40718,3.96475,1.03749,1.03749,3.40718,3.96475,3.95317,3.96475,2,1,1,425.087,1.86042,49.255,1158.7,622.818,0.0,0.0,0.0,11.2648,0.0265,0.0142441,0.0,0.0,0.0,0.0,0.333333333,0.0,0.333333333,0.0,0.333333333,0.0,0.0,0.0,0.0,0,0.0,0,0.0,0,0.0,0,0.0,0.0,0,0,0.0,0,0,0,0,0,0,0
NAT,8,14,6,9.866666667,3.763072453,1.52,2.1,0.58,1.678666667,0.334685353,80,101,21,95.0,12.19265001,10.0,17.36,7.36,15.31866667,4.17427667,0.02658,235.0,234.97342,61.35105333,127.5581437,90.2,3173.0,3082.8,1067.0,1963.904425,54.8,1687.0,1632.2,498.396,939.0837544,35.4,1858.53,3.63838,2.90546,3.63838,2.90546,2.61358,2.90546,3.63838,3.63838,3.63838,4,1,1,6823.93,1.74161,563.162,825.274,473.857,111.001,162.664,93.3986,60.733,0.0089,0.00511022,11.6007,0.0017,0.000976109,0.0,0.5,0.0,0.0,0.0,0.25,0.25,0.0,0.0,0.0,0,0.0,0,0.0,0,0.0,0,0.0,0.0,0,0,0.0,0,0,0,0,0,0,0
GIS,8,32,24,12.83333333,12.39399496,1.52,2.11,0.59,1.671666667,0.322740005,80,101,21,94.66666667,12.77149604,10.0,17.36,7.36,15.51166667,3.982649174,0.02658,235.0,234.97342,49.18438667,121.5324092,90.2,3093.0,3002.8,1040.966667,1905.49972,54.8,1211.4,1156.6,394.0116667,687.8462038,35.4,1881.6,4.8904,2.69658,4.87132,2.69658,2.69654,2.69654,4.87132,4.8904,4.8904,0,0,0,1027.84,2.1143,0.0,0.0,0.0,154.507,1503.22,710.978,0.0,0.0,0.0,45.9443,0.0447,0.0211418,0.0,0.666666667,0.0,0.0,0.0,0.333333333,0.0,0.0,0.0,0.0,0,0.0,0,0.0,0,0.0,0,0.0,0.0,0,0,0.0,0,0,0,0,0,0,1
GIS,8,32,24,12.83333333,12.39399496,1.52,2.11,0.59,1.671666667,0.322740005,80,101,21,94.66666667,12.77149604,10.0,17.36,7.36,15.51166667,3.982649174,0.02658,235.0,234.97342,49.18438667,121.5324092,90.2,3093.0,3002.8,1040.966667,1905.49972,54.8,1211.4,1156.6,394.0116667,687.8462038,35.4,1881.6,5.02977,3.25988,5.02977,3.25988,3.21661,3.25988,5.02977,5.02977,5.02977,1,3,3,3259.38,2.00022,665.367,2041.39,1020.59,0.0,0.0,0.0,222.616,0.0683,0.0341463,0.0,0.0,0.0,0.0,0.666666667,0.0,0.0,0.0,0.333333333,0.0,0.0,0.0,0.0,0,0.0,0,0.0,0,0.0,0,0.0,0.0,0,0,0.0,0,0,0,0,0,0,0
GIS,8,32,24,12.83333333,12.39399496,1.52,2.11,0.59,1.671666667,0.322740005,80,101,21,94.66666667,12.77149604,10.0,17.36,7.36,15.51166667,3.982649174,0.02658,235.0,234.97342,49.18438667,121.5324092,90.2,3093.0,3002.8,1040.966667,1905.49972,54.8,1211.4,1156.6,394.0116667,687.8462038,35.4,1881.6,4.90486,2.70025,4.70473,2.70025,2.69833,2.69833,4.70473,4.90486,4.90486,0,0,0,1030.87,2.10808,0.0,0.0,0.0,154.887,1502.49,712.731,0.0,0.0,0.0,48.4509,0.047,0.0222952,0.0,0.666666667,0.0,0.0,0.0,0.333333333,0.0,0.0,0.0,0.0,0,0.0,0,0.0,0,0.0,0,0.0,0.0,0,0,0.0,0,0,0,0,0,0,1
FAU,8,14,6,9.833333333,3.689323937,1.52,2.1,0.58,1.67,0.31822424,80,101,21,94.83333333,12.50111106,10.0,17.36,7.36,15.25,4.302983461,0.02658,235.0,234.97342,64.18438667,132.9250288,90.2,3173.0,3082.8,1054.3,1934.463424,54.8,1687.0,1632.2,473.2783333,891.7012048,35.4,1858.53,11.61795,7.35451,11.61795,7.35451,7.35451,7.35451,11.61795,11.61795,11.61795,1,3,3,15737.8,1.20603,2483.75,1578.21,1308.6,395.657,251.406,208.458,4367.23,0.2775,0.230094,207.739,0.0132,0.010945,0.0,0.4,0.0,0.4,0.0,0.0,0.0,0.0,0.0,0.2,0,0.0,0,0.0,0,0.0,0,0.0,0.0,0,0,0.0,0,0,0,0,0,0,3
VFI,8,15,7,10.0,4.082482905,1.52,1.84,0.32,1.62,0.200665559,80,101,21,95.66666667,11.4212278,10.0,17.36,7.36,16.07666667,3.847229884,0.02658,235.0,234.97342,39.22372,123.8198386,90.2,2792.0,2701.8,617.1333333,1395.849425,54.8,933.47,878.67,244.995,456.0418076,35.4,1858.53,12.22465,11.48618,12.22465,1.86311,1.86311,11.48618,12.04239,12.22465,12.22465,2,1,1,9845.9,1.48086,1254.78,1274.42,860.589,17.9435,18.2243,12.3065,2530.4,0.257,0.173547,2.95377,0.0003,0.000202584,0.0,0.125,0.0,0.75,0.0,0.0,0.0,0.0,0.0,0.0,0,0.0,0,0.0,0,0.125,0,0.0,0.0,0,0,0.0,0,0,0,0,0,0,4
VFI,8,15,7,10.0,4.082482905,1.52,1.84,0.32,1.62,0.200665559,80,101,21,95.66666667,11.4212278,10.0,17.36,7.36,16.07666667,3.847229884,0.02658,235.0,234.97342,39.22372,123.8198386,90.2,2792.0,2701.8,617.1333333,1395.849425,54.8,933.47,878.67,244.995,456.0418076,35.4,1858.53,12.15516,11.63059,12.15516,1.92142,1.92142,11.63059,12.15516,12.15516,12.15516,2,1,1,4998.21,1.45857,644.241,1288.94,883.706,18.291,36.5952,25.0898,1289.54,0.258,0.176886,1.49946,0.0003,0.000205682,0.0,0.125,0.0,0.75,0.0,0.0,0.0,0.0,0.0,0.0,0,0.0,0,0.0,0,0.125,0,0.0,0.0,0,0,0.0,0,0,0,0,0,0,4
ABW,8,32,24,12.83333333,12.39399496,1.52,2.11,0.59,1.671666667,0.322740005,80,101,21,94.66666667,12.77149604,10.0,17.36,7.36,15.51166667,3.982649174,0.02658,235.0,234.97342,49.18438667,121.5324092,90.2,3093.0,3002.8,1040.966667,1905.49972,54.8,1211.4,1156.6,394.0116667,687.8462038,35.4,1881.6,3.90812,3.43349,3.89446,1.02862,1.10428,3.43349,3.90812,3.90812,3.89446,2,1,1,448.857,2.42076,53.8266,1199.19,495.378,0.0,0.0,0.0,12.2987,0.0274,0.0113187,0.0,0.0,0.0,0.0,0.333333333,0.0,0.333333333,0.0,0.333333333,0.0,0.0,0.0,0.0,0,0.0,0,0.0,0,0.0,0,0.0,0.0,0,0,0.0,0,0,0,0,0,0,0
THO,8,32,24,15.83333333,15.67198491,1.52,2.11,0.59,1.676666667,0.32829526,81,101,20,94.83333333,12.39399496,11.8,17.36,5.56,15.81166667,3.185513215,0.02658,60.0,59.97342,14.85105333,32.23703934,90.2,3093.0,3002.8,988.4666667,1814.049251,54.8,1211.4,1156.6,288.9183333,597.3312225,35.4,2174.09,5.14302,3.77817,4.39717,2.84136,2.89315,3.77817,4.71084,5.14302,4.39717,1,3,3,2731.55,2.50859,528.353,1934.26,771.054,0.0,0.0,0.0,182.741,0.0669,0.0266684,0.0,0.0,0.0,0.0,0.5,0.0,0.0,0.0,0.5,0.0,0.0,0.0,0.0,0,0.0,0,0.0,0,0.0,0,0.0,0.0,0,0,0.0,0,0,0,0,0,0,6
JBW,8,14,6,9.833333333,3.689323937,1.52,2.1,0.58,1.67,0.31822424,80,101,21,94.83333333,12.50111106,10.0,17.36,7.36,15.25,4.302983461,0.02658,235.0,234.97342,64.18438667,132.9250288,90.2,3173.0,3082.8,1054.3,1934.463424,54.8,1687.0,1632.2,473.2783333,891.7012048,35.4,1858.53,4.24244,3.49962,4.20179,1.41632,1.60245,3.49962,4.24244,4.20179,4.20179,4,1,1,1269.71,1.86855,132.794,1045.86,559.716,0.0,0.0,0.0,39.3611,0.031,0.0165904,0.0,0.0,0.0,0.0,0.25,0.0,0.5,0.0,0.25,0.0,0.0,0.0,0.0,0,0.0,0,0.0,0,0.0,0,0.0,0.0,0,0,0.0,0,0,0,0,0,0,0
JBW,8,32,24,12.83333333,12.39399496,1.52,2.11,0.59,1.671666667,0.322740005,80,101,21,94.66666667,12.77149604,10.0,17.36,7.36,15.51166667,3.982649174,0.02658,235.0,234.97342,49.18438667,121.5324092,90.2,3093.0,3002.8,1040.966667,1905.49972,54.8,1211.4,1156.6,394.0116667,687.8462038,35.4,1881.6,4.21395,3.58972,4.21395,1.46082,1.45417,3.58972,4.21395,4.21395,4.21395,2,1,1,676.676,2.40864,74.1802,1096.24,455.131,0.0,0.0,0.0,21.586,0.0319,0.013244,0.0,0.0,0.0,0.0,0.25,0.0,0.5,0.0,0.25,0.0,0.0,0.0,0.0,0,0.0,0,0.0,0,0.0,0,0.0,0.0,0,0,0.0,0,0,0,0,0,0,0
AFI,8,15,7,10.0,4.082482905,1.52,1.84,0.32,1.62,0.200665559,80,101,21,95.66666667,11.4212278,10.0,17.36,7.36,16.07666667,3.847229884,0.02658,235.0,234.97342,39.22372,123.8198386,90.2,2792.0,2701.8,617.1333333,1395.849425,54.8,933.47,878.67,244.995,456.0418076,35.4,1858.53,8.05756,7.21202,8.05755,2.1349,2.1349,7.21202,8.05756,8.05756,8.05755,1,1,1,1377.53,1.76407,160.08,1162.08,658.746,4.37405,31.7527,17.9996,179.493,0.1303,0.0738631,0.137753,0.0001,5.6687e-05,0.0,0.166666667,0.0,0.666666667,0.0,0.0,0.0,0.0,0.0,0.166666667,0,0.0,0,0.0,0,0.0,0,0.0,0.0,0,0,0.0,0,0,0,0,0,0,4
AFI,8,15,7,10.0,4.082482905,1.52,1.84,0.32,1.62,0.200665559,80,101,21,95.66666667,11.4212278,10.0,17.36,7.36,16.07666667,3.847229884,0.02658,235.0,234.97342,39.22372,123.8198386,90.2,2792.0,2701.8,617.1333333,1395.849425,54.8,933.47,878.67,244.995,456.0418076,35.4,1858.53,8.08144,7.21856,8.08144,2.14065,2.14065,7.21856,8.08144,8.08144,8.08144,1,1,1,1377.53,1.76407,159.806,1160.08,657.616,4.64754,33.7381,19.1251,177.84,0.1291,0.0731829,0.137753,0.0001,5.6687e-05,0.0,0.166666667,0.0,0.666666667,0.0,0.0,0.0,0.0,0.0,0.166666667,0,0.0,0,0.0,0,0.0,0,0.0,0.0,0,0,0.0,0,0,0,0,0,0,4
AFI,8,15,7,10.0,4.082482905,1.52,1.84,0.32,1.62,0.200665559,80,101,21,95.66666667,11.4212278,10.0,17.36,7.36,16.07666667,3.847229884,0.02658,235.0,234.97342,39.22372,123.8198386,90.2,2792.0,2701.8,617.1333333,1395.849425,54.8,933.47,878.67,244.995,456.0418076,35.4,1858.53,8.1069,7.24626,8.1069,2.11113,2.11113,7.24626,8.1069,8.1069,8.1069,1,1,1,1377.53,1.76407,161.062,1169.2,662.787,4.18412,30.374,17.2181,178.666,0.1297,0.073523,0.137753,0.0001,5.6687e-05,0.0,0.166666667,0.0,0.666666667,0.0,0.0,0.0,0.0,0.0,0.166666667,0,0.0,0,0.0,0,0.0,0,0.0,0.0,0,0,0.0,0,0,0,0,0,0,4
MFI,8,14,6,10.0,4.242640687,1.52,2.1,0.58,1.713333333,0.410121933,85,101,16,95.66666667,11.3137085,12.06,17.36,5.3,15.59333333,3.74766594,0.02658,150.0,149.97342,50.01772,106.0472223,90.2,3173.0,3082.8,1117.8,2179.868785,54.8,1687.0,1632.2,598.8666667,1154.139688,35.4,1486.0,6.83299,4.94644,6.83299,4.94644,4.45346,4.45346,6.83299,6.83299,6.83299,1,3,3,5285.03,1.81231,795.096,1504.43,830.119,0.0,0.0,0.0,536.43,0.1015,0.0560059,0.0,0.0,0.0,0.0,0.03846153,0.423,0.308,0.0,0.0,0.0,0.23076,0.0,0.0,0,0.0,0,0.0,0,0.0,0,0.0,0.0,0,0,0.0,0,0,0,0,0,0,2
AEN,8,15,7,10.0,4.082482905,1.52,1.84,0.32,1.62,0.200665559,80,101,21,95.66666667,11.4212278,10.0,17.36,7.36,16.07666667,3.847229884,0.02658,235.0,234.97342,39.22372,123.8198386,90.2,2792.0,2701.8,617.1333333,1395.849425,54.8,933.47,878.67,244.995,456.0418076,35.4,1858.53,4.17432,3.22017,4.16636,1.25533,3.09277,3.22017,4.17432,4.16636,4.16636,2,2,2,2422.03,2.00664,286.523,1182.99,589.535,0.0,0.0,0.0,72.9031,0.0301,0.0150002,0.0,0.0,0.0,0.0,0.2,0.0,0.6,0.0,0.2,0.0,0.0,0.0,0.0,0,0.0,0,0.0,0,0.0,0,0.0,0.0,0,0,0.0,0,0,0,0,0,0,4
AEN,8,15,7,10.0,4.082482905,1.52,1.84,0.32,1.62,0.200665559,80,101,21,95.66666667,11.4212278,10.0,17.36,7.36,16.07666667,3.847229884,0.02658,235.0,234.97342,39.22372,123.8198386,90.2,2792.0,2701.8,617.1333333,1395.849425,54.8,933.47,878.67,244.995,456.0418076,35.4,1858.53,3.66304,1.77144,3.66304,1.77144,1.64543,1.77144,3.66304,2.42773,3.66304,0,0,0,1132.02,2.14668,0.0,0.0,0.0,39.5687,349.542,162.829,0.0,0.0,0.0,7.13171,0.0063,0.00293477,0.0,0.2,0.0,0.6,0.0,0.2,0.0,0.0,0.0,0.0,0,0.0,0,0.0,0,0.0,0,0.0,0.0,0,0,0.0,0,0,0,0,0,0,4
AEN,8,15,7,10.0,4.082482905,1.52,1.84,0.32,1.62,0.200665559,80,101,21,95.66666667,11.4212278,10.0,17.36,7.36,16.07666667,3.847229884,0.02658,235.0,234.97342,39.22372,123.8198386,90.2,2792.0,2701.8,617.1333333,1395.849425,54.8,933.47,878.67,244.995,456.0418076,35.4,1858.53,4.1484,3.2394,4.1484,2.93851,3.2394,1.24692,4.1484,4.1484,4.1484,2,2,2,2424.98,2.0042,273.79,1129.04,563.337,0.0,0.0,0.0,77.1144,0.0318,0.0158667,0.0,0.0,0.0,0.0,0.2,0.0,0.6,0.0,0.2,0.0,0.0,0.0,0.0,0,0.0,0,0.0,0,0.0,0,0.0,0.0,0,0,0.0,0,0,0,0,0,0,4
CAN,8,32,24,12.83333333,12.39399496,1.52,2.11,0.59,1.671666667,0.322740005,80,101,21,94.66666667,12.77149604,10.0,17.36,7.36,15.51166667,3.982649174,0.02658,235.0,234.97342,49.18438667,121.5324092,90.2,3093.0,3002.8,1040.966667,1905.49972,54.8,1211.4,1156.6,394.0116667,687.8462038,35.4,1881.6,6.30305,5.92963,6.30305,1.3767,1.3767,5.92963,6.30305,6.30305,6.30305,1,1,1,747.418,2.18066,70.1509,938.577,430.409,26.1759,350.218,160.602,58.6723,0.0785,0.0359982,5.53089,0.0074,0.00339346,0.0,0.25,0.0,0.5,0.0,0.0,0.0,0.0,0.0,0.25,0,0.0,0,0.0,0,0.0,0,0.0,0.0,0,0,0.0,0,0,0,0,0,0,0
CAN,8,14,6,9.833333333,3.689323937,1.52,2.1,0.58,1.67,0.31822424,80,101,21,94.83333333,12.50111106,10.0,17.36,7.36,15.25,4.302983461,0.02658,235.0,234.97342,64.18438667,132.9250288,90.2,3173.0,3082.8,1054.3,1934.463424,54.8,1687.0,1632.2,473.2783333,891.7012048,35.4,1858.53,5.90945,5.54299,5.90945,1.09593,1.09593,5.54299,5.90945,5.90945,5.90945,1,1,1,663.535,1.78779,59.5662,897.711,502.134,17.915,269.993,151.02,44.125,0.0665,0.0371967,3.51673,0.0053,0.00296455,0.0,0.25,0.0,0.5,0.0,0.0,0.0,0.0,0.0,0.25,0,0.0,0,0.0,0,0.0,0,0.0,0.0,0,0,0.0,0,0,0,0,0,0,0
UEI,8,31,23,10.75,9.330531792,1.52,1.87,0.35,1.594375,0.205490804,81,101,20,97.6875,9.599325957,11.8,17.36,5.56,16.94875,2.116392602,0.02658,29.0,28.97342,1.876685,11.09548165,90.2,2477.0,2386.8,325.5875,924.1463221,54.8,317.3,262.5,119.525625,177.6742194,35.4,2174.09,5.58567,3.4846,5.58567,1.83953,3.4846,2.9551,5.58567,5.58567,5.58567,2,2,2,2709.98,1.73841,392.806,1449.48,833.795,0.0,0.0,0.0,164.225,0.0606,0.0348595,0.0,0.0,0.0,0.0,0.5,0.0,0.25,0.0,0.25,0.0,0.0,0.0,0.0,0,0.0,0,0.0,0,0.0,0,0.0,0.0,0,0,0.0,0,0,0,0,0,0,6
SOD,8,14,6,9.833333333,3.689323937,1.52,2.1,0.58,1.67,0.31822424,80,101,21,94.83333333,12.50111106,10.0,17.36,7.36,15.25,4.302983461,0.02658,235.0,234.97342,64.18438667,132.9250288,90.2,3173.0,3082.8,1054.3,1934.463424,54.8,1687.0,1632.2,473.2783333,891.7012048,35.4,1858.53,6.01369,1.6693,6.01369,1.6693,1.64734,1.64734,6.01369,6.01369,6.01369,0,0,0,716.917,1.65467,0.0,0.0,0.0,101.268,1412.54,853.671,0.0,0.0,0.0,49.9691,0.0697,0.0421232,0.0,0.5,0.0,0.5,0.0,0.0,0.0,0.0,0.0,0.0,0,0.0,0,0.0,0,0.0,0,0.0,0.0,0,0,0.0,0,0,0,0,0,0,1
SOD,8,14,6,9.833333333,3.689323937,1.52,2.1,0.58,1.67,0.31822424,80,101,21,94.83333333,12.50111106,10.0,17.36,7.36,15.25,4.302983461,0.02658,235.0,234.97342,64.18438667,132.9250288,90.2,3173.0,3082.8,1054.3,1934.463424,54.8,1687.0,1632.2,473.2783333,891.7012048,35.4,1858.53,6.00385,1.66752,6.00385,1.66752,1.66752,1.64703,6.00385,6.00385,6.00385,0,0,0,716.917,1.65467,0.0,0.0,0.0,101.135,1410.69,852.55,0.0,0.0,0.0,49.8974,0.0696,0.0420627,0.0,0.5,0.0,0.5,0.0,0.0,0.0,0.0,0.0,0.0,0,0.0,0,0.0,0,0.0,0,0.0,0.0,0,0,0.0,0,0,0,0,0,0,1
BEC,8,14,6,10.0,4.242640687,1.52,2.1,0.58,1.713333333,0.410121933,85,101,16,95.66666667,11.3137085,12.06,17.36,5.3,15.59333333,3.74766594,0.02658,150.0,149.97342,50.01772,106.0472223,90.2,3173.0,3082.8,1117.8,2179.868785,54.8,1687.0,1632.2,598.8666667,1154.139688,35.4,1486.0,7.38295,6.64698,7.26447,6.62456,6.62456,6.64698,7.34918,7.38295,7.26447,1,3,3,2368.22,1.34814,445.749,1882.21,1396.15,9.94464,41.9921,31.1481,560.32,0.2366,0.175501,0.473644,0.0002,0.000148352,0.0,0.4,0.2,0.1,0.0,0.0,0.0,0.0,0.0,0.3,0,0.0,0,0.0,0,0.0,0,0.0,0.0,0,0,0.0,0,0,0,0,0,0,2
ABW,8,33,25,15.83333333,15.71446609,1.52,2.01,0.49,1.656666667,0.281029852,76,101,25,94.83333333,13.42675604,9.16,17.36,8.2,15.25833333,4.479065503,0.02658,120.0,119.97342,28.35105333,63.44895448,90.2,1180.0,1089.8,404.6333333,640.141743,54.8,1090.0,1035.2,333.6466667,580.8032235,35.4,487.32,3.12486,2.51153,3.08752,1.98335,2.51153,1.84234,3.12486,3.08752,3.08752,0,0,0,460.729,2.94543,0.0,0.0,0.0,9.71008,210.755,71.5531,0.0,0.0,0.0,0.460729,0.001,0.000339509,0.0,0.333333333,0.0,0.333333333,0.0,0.333333333,0.0,0.0,0.0,0.0,0,0.0,0,0.0,0,0.0,0,0.0,0.0,0,0,0.0,0,0,0,0,0,0,6
ANA,8,33,25,16.15,15.52495642,1.52,2.01,0.49,1.6675,0.287603928,76,101,25,94.2,13.95972014,9.16,17.36,8.2,15.0585,4.635932422,0.02658,120.0,119.97342,31.517277,66.26896812,90.2,1180.0,1089.8,427.68,651.918146,54.8,1090.0,1035.2,337.656,561.0609197,35.4,487.32,3.2737,2.39351,3.2737,2.39351,2.39351,2.39351,3.2737,3.2737,3.2737,0,0,0,2658.3,3.46969,0.0,0.0,0.0,16.0679,60.4444,17.4207,0.0,0.0,0.0,1.32915,0.0005,0.000144105,0.0,0.333333333,0.0,0.333333333,0.0,0.333333333,0.0,0.0,0.0,0.0,0,0.0,0,0.0,0,0.0,0,0.0,0.0,0,0,0.0,0,0,0,0,0,0,6
SOD,8,15,7,9.823529412,4.253340933,1.52,1.84,0.32,1.607058824,0.200181736,80,101,21,96.58823529,10.85021994,10.0,17.36,7.36,16.43411765,3.481459986,0.02658,235.0,234.97342,27.70746824,111.9992758,90.2,2792.0,2701.8,489.2,1270.181683,54.8,933.47,878.67,204.4964706,420.0295901,35.4,1858.53,5.26415,2.32938,4.88602,1.85063,2.06979,2.32938,5.26415,5.15117,4.88602,0,0,0,1389.27,1.62017,0.0,0.0,0.0,211.475,1522.2,939.53,0.0,0.0,0.0,84.1898,0.0606,0.0374035,0.0,0.5,0.0,0.5,0.0,0.0,0.0,0.0,0.0,0.0,0,0.0,0,0.0,0,0.0,0,0.0,0.0,0,0,0.0,0,0,0,0,0,0,4
RUT,8,14,6,10.0,4.242640687,1.52,2.1,0.58,1.713333333,0.410121933,85,101,16,95.66666667,11.3137085,12.06,17.36,5.3,15.59333333,3.74766594,0.02658,150.0,149.97342,50.01772,106.0472223,90.2,3173.0,3082.8,1117.8,2179.868785,54.8,1687.0,1632.2,598.8666667,1154.139688,35.4,1486.0,6.11296,1.9469,6.11296,1.9469,1.49386,1.9469,6.08699,6.11296,6.11296,0,0,0,2022.15,1.77623,0.0,0.0,0.0,312.424,1545.01,869.83,0.0,0.0,0.0,183.409,0.0907,0.0510633,0.0,0.333333333,0.222222222,0.444444444,0.0,0.0,0.0,0.0,0.0,0.0,0,0.0,0,0.0,0,0.0,0,0.0,0.0,0,0,0.0,0,0,0,0,0,0,1
FER,8,14,6,9.962962963,4.07358781,1.52,2.1,0.58,1.703703704,0.386635563,80,101,21,95.48148148,11.50473048,10.0,17.36,7.36,15.51703704,3.85546274,0.02658,235.0,234.97342,53.16586815,112.3345449,90.2,3173.0,3082.8,1103.688889,2101.178064,54.8,1687.0,1632.2,570.9581481,1087.450637,35.4,1858.53,5.81976,4.5812,5.49599,1.44972,3.38978,4.5812,5.81976,5.81976,5.49599,2,2,2,2030.77,1.76507,325.0,1600.38,906.694,0.0,0.0,0.0,184.597,0.0909,0.0514992,0.0,0.0,0.0,0.0,0.0,0.571428571,0.142857143,0.0,0.142857143,0.0,0.142857143,0.0,0.0,0,0.0,0,0.0,0,0.0,0,0.0,0.0,0,0,0.0,0,0,0,0,0,0,2
NAB,8,14,6,9.714285714,4.242640687,1.52,2.1,0.58,1.685714286,0.410121933,85,101,16,96.42857143,11.3137085,12.06,17.36,5.3,15.84571429,3.74766594,0.02658,150.0,149.97342,42.87612857,106.0472223,90.2,3173.0,3082.8,971.0,2179.868785,54.8,1687.0,1632.2,521.1428571,1154.139688,35.4,1486.0,3.76458,3.13712,3.76458,3.10894,3.10894,3.13712,3.76458,3.76458,3.76458,1,3,3,1180.77,1.53195,219.417,1858.25,1213.0,0.0,0.0,0.0,34.9509,0.0296,0.0193218,0.0,0.0,0.0,0.25,0.25,0.0,0.0,0.0,0.25,0.25,0.0,0.0,0.0,0,0.0,0,0.0,0,0.0,0,0.0,0.0,0,0,0.0,0,0,0,0,0,0,2
NAT,8,14,6,9.866666667,3.763072453,1.52,2.1,0.58,1.678666667,0.334685353,80,101,21,95.0,12.19265001,10.0,17.36,7.36,15.31866667,4.17427667,0.02658,235.0,234.97342,61.35105333,127.5581437,90.2,3173.0,3082.8,1067.0,1963.904425,54.8,1687.0,1632.2,498.396,939.0837544,35.4,1858.53,3.38175,2.49611,3.38175,2.44541,2.49611,2.49611,3.38175,3.38175,3.38175,0,0,0,2228.27,1.77786,0.0,0.0,0.0,148.758,667.597,375.506,0.0,0.0,0.0,12.4783,0.0056,0.00314986,0.0,0.5,0.0,0.0,0.0,0.25,0.25,0.0,0.0,0.0,0,0.0,0,0.0,0,0.0,0,0.0,0.0,0,0,0.0,0,0,0,0,0,0,0
NAT,8,14,6,9.866666667,3.763072453,1.52,2.1,0.58,1.678666667,0.334685353,80,101,21,95.0,12.19265001,10.0,17.36,7.36,15.31866667,4.17427667,0.02658,235.0,234.97342,61.35105333,127.5581437,90.2,3173.0,3082.8,1067.0,1963.904425,54.8,1687.0,1632.2,498.396,939.0837544,35.4,1858.53,3.37136,2.42361,3.37136,2.4031,2.42361,2.42361,3.37136,3.37136,3.37136,0,0,0,2212.04,1.7909,0.0,0.0,0.0,135.131,610.888,341.107,0.0,0.0,0.0,11.7238,0.0053,0.00295941,0.0,0.5,0.0,0.0,0.0,0.25,0.25,0.0,0.0,0.0,0,0.0,0,0.0,0,0.0,0,0.0,0.0,0,0,0.0,0,0,0,0,0,0,0
NAT,8,14,6,9.866666667,3.763072453,1.52,2.1,0.58,1.678666667,0.334685353,80,101,21,95.0,12.19265001,10.0,17.36,7.36,15.31866667,4.17427667,0.02658,235.0,234.97342,61.35105333,127.5581437,90.2,3173.0,3082.8,1067.0,1963.904425,54.8,1687.0,1632.2,498.396,939.0837544,35.4,1858.53,3.63773,2.86979,3.63773,2.6104,2.6104,2.86979,3.63773,3.63773,3.63773,8,1,1,2267.0,1.74748,254.094,1120.84,641.403,0.0,0.0,0.0,32.1914,0.0142,0.00812598,0.0,0.0,0.0,0.0,0.5,0.0,0.0,0.0,0.25,0.25,0.0,0.0,0.0,0,0.0,0,0.0,0,0.0,0,0.0,0.0,0,0,0.0,0,0,0,0,0,0,0
NAT,8,14,6,9.866666667,3.763072453,1.52,2.1,0.58,1.678666667,0.334685353,80,101,21,95.0,12.19265001,10.0,17.36,7.36,15.31866667,4.17427667,0.02658,235.0,234.97342,61.35105333,127.5581437,90.2,3173.0,3082.8,1067.0,1963.904425,54.8,1687.0,1632.2,498.396,939.0837544,35.4,1858.53,3.6291,2.85939,3.6291,2.60694,2.60694,2.85939,3.6291,3.6291,3.6291,8,1,1,2263.5,1.75018,249.626,1102.83,630.124,0.0,0.0,0.0,31.4627,0.0139,0.00794204,0.0,0.0,0.0,0.0,0.5,0.0,0.0,0.0,0.25,0.25,0.0,0.0,0.0,0,0.0,0,0.0,0,0.0,0,0.0,0.0,0,0,0.0,0,0,0,0,0,0,0
NAT,8,14,6,9.866666667,3.763072453,1.52,2.1,0.58,1.678666667,0.334685353,80,101,21,95.0,12.19265001,10.0,17.36,7.36,15.31866667,4.17427667,0.02658,235.0,234.97342,61.35105333,127.5581437,90.2,3173.0,3082.8,1067.0,1963.904425,54.8,1687.0,1632.2,498.396,939.0837544,35.4,1858.53,3.49742,2.7169,3.49742,2.57734,2.57734,2.7169,3.49742,3.49742,3.49742,0,0,0,2223.95,1.78131,0.0,0.0,0.0,172.44,775.375,435.284,0.0,0.0,0.0,19.7932,0.0089,0.00499633,0.0,0.5,0.0,0.0,0.0,0.25,0.25,0.0,0.0,0.0,0,0.0,0,0.0,0,0.0,0,0.0,0.0,0,0,0.0,0,0,0,0,0,0,0
NAT,8,14,6,9.866666667,3.763072453,1.52,2.1,0.58,1.678666667,0.334685353,80,101,21,95.0,12.19265001,10.0,17.36,7.36,15.31866667,4.17427667,0.02658,235.0,234.97342,61.35105333,127.5581437,90.2,3173.0,3082.8,1067.0,1963.904425,54.8,1687.0,1632.2,498.396,939.0837544,35.4,1858.53,3.44516,2.6672,3.44516,2.50849,2.50849,2.6672,3.44516,3.44516,3.44516,0,0,0,2182.3,1.8153,0.0,0.0,0.0,140.591,644.23,354.888,0.0,0.0,0.0,15.4944,0.0071,0.00391119,0.0,0.5,0.0,0.0,0.0,0.25,0.25,0.0,0.0,0.0,0,0.0,0,0.0,0,0.0,0,0.0,0.0,0,0,0.0,0,0,0,0,0,0,0
NAT,8,14,6,9.866666667,3.763072453,1.52,2.1,0.58,1.678666667,0.334685353,80,101,21,95.0,12.19265001,10.0,17.36,7.36,15.31866667,4.17427667,0.02658,235.0,234.97342,61.35105333,127.5581437,90.2,3173.0,3082.8,1067.0,1963.904425,54.8,1687.0,1632.2,498.396,939.0837544,35.4,1858.53,3.38905,2.60621,3.38905,2.43346,2.43346,2.60621,3.38905,3.38905,3.38905,0,0,0,2130.7,1.85927,0.0,0.0,0.0,104.263,489.336,263.188,0.0,0.0,0.0,10.8666,0.0051,0.00274302,0.0,0.5,0.0,0.0,0.0,0.25,0.25,0.0,0.0,0.0,0,0.0,0,0.0,0,0.0,0,0.0,0.0,0,0,0.0,0,0,0,0,0,0,0
NAT,8,14,6,9.866666667,3.763072453,1.52,2.1,0.58,1.678666667,0.334685353,80,101,21,95.0,12.19265001,10.0,17.36,7.36,15.31866667,4.17427667,0.02658,235.0,234.97342,61.35105333,127.5581437,90.2,3173.0,3082.8,1067.0,1963.904425,54.8,1687.0,1632.2,498.396,939.0837544,35.4,1858.53,3.64209,2.88002,3.64209,2.88002,2.55969,2.88002,3.64209,3.64209,3.64209,2,2,2,1148.76,1.72427,141.145,1228.68,712.577,0.0,0.0,0.0,15.0487,0.0131,0.00759741,0.0,0.0,0.0,0.0,0.5,0.0,0.0,0.0,0.25,0.25,0.0,0.0,0.0,0,0.0,0,0.0,0,0.0,0,0.0,0.0,0,0,0.0,0,0,0,0,0,0,0
NAT,8,14,6,9.866666667,3.763072453,1.52,2.1,0.58,1.678666667,0.334685353,80,101,21,95.0,12.19265001,10.0,17.36,7.36,15.31866667,4.17427667,0.02658,235.0,234.97342,61.35105333,127.5581437,90.2,3173.0,3082.8,1067.0,1963.904425,54.8,1687.0,1632.2,498.396,939.0837544,35.4,1858.53,3.4881,2.79723,3.4881,2.79723,2.3833,2.79723,3.4881,3.4881,3.4881,0,0,0,1113.23,1.7793,0.0,0.0,0.0,85.9615,772.183,433.98,0.0,0.0,0.0,7.23598,0.0065,0.00365311,0.0,0.5,0.0,0.0,0.0,0.25,0.25,0.0,0.0,0.0,0,0.0,0,0.0,0,0.0,0,0.0,0.0,0,0,0.0,0,0,0,0,0,0,0
NAT,8,14,6,9.866666667,3.763072453,1.52,2.1,0.58,1.678666667,0.334685353,80,101,21,95.0,12.19265001,10.0,17.36,7.36,15.31866667,4.17427667,0.02658,235.0,234.97342,61.35105333,127.5581437,90.2,3173.0,3082.8,1067.0,1963.904425,54.8,1687.0,1632.2,498.396,939.0837544,35.4,1858.53,3.43721,2.74313,3.43721,2.74313,2.37476,2.74313,3.43721,3.43721,3.43721,0,0,0,1087.48,1.82143,0.0,0.0,0.0,64.8168,596.027,327.23,0.0,0.0,0.0,4.89366,0.0045,0.00247058,0.0,0.5,0.0,0.0,0.0,0.25,0.25,0.0,0.0,0.0,0,0.0,0,0.0,0,0.0,0,0.0,0.0,0,0,0.0,0,0,0,0,0,0,0
NAT,8,14,6,9.866666667,3.763072453,1.52,2.1,0.58,1.678666667,0.334685353,80,101,21,95.0,12.19265001,10.0,17.36,7.36,15.31866667,4.17427667,0.02658,235.0,234.97342,61.35105333,127.5581437,90.2,3173.0,3082.8,1067.0,1963.904425,54.8,1687.0,1632.2,498.396,939.0837544,35.4,1858.53,3.62722,2.86312,3.62722,2.86312,2.55966,2.86312,3.62722,3.62722,3.62722,2,1,1,1143.23,1.7326,134.946,1180.39,681.28,0.0,0.0,0.0,14.6334,0.0128,0.00738773,0.0,0.0,0.0,0.0,0.5,0.0,0.0,0.0,0.25,0.25,0.0,0.0,0.0,0,0.0,0,0.0,0,0.0,0,0.0,0.0,0,0,0.0,0,0,0,0,0,0,0
MTW,8,14,6,10.0,4.242640687,1.52,2.1,0.58,1.713333333,0.410121933,85,101,16,95.66666667,11.3137085,12.06,17.36,5.3,15.59333333,3.74766594,0.02658,150.0,149.97342,50.01772,106.0472223,90.2,3173.0,3082.8,1117.8,2179.868785,54.8,1687.0,1632.2,598.8666667,1154.139688,35.4,1486.0,6.103,5.64444,6.103,1.60961,5.64444,1.61698,6.103,6.103,6.103,4,1,1,2879.08,1.94063,312.157,1084.23,558.699,4.56017,15.839,8.16179,232.629,0.0808,0.041636,0.0,0.0,0.0,0.0,0.1,0.2,0.6,0.0,0.0,0.0,0.0,0.0,0.1,0,0.0,0,0.0,0,0.0,0,0.0,0.0,0,0,0.0,0,0,0,0,0,0,2
YUG,8,14,6,9.916666667,3.904210182,1.52,2.1,0.58,1.691666667,0.36046795,80,101,21,95.25,11.80012106,10.0,17.36,7.36,15.42166667,4.000442118,0.02658,235.0,234.97342,57.10105333,119.7129726,90.2,3173.0,3082.8,1086.05,2024.567005,54.8,1687.0,1632.2,536.0725,1012.900745,35.4,1858.53,3.90618,3.13789,3.90618,3.13789,1.30406,2.85465,3.90618,3.84628,3.90618,2,2,2,876.613,1.81268,132.653,1513.25,834.815,0.0,0.0,0.0,27.2627,0.0311,0.0171569,0.0,0.0,0.0,0.0,0.333333333,0.166666667,0.0,0.0,0.5,0.0,0.0,0.0,0.0,0,0.0,0,0.0,0,0.0,0,0.0,0.0,0,0,0.0,0,0,0,0,0,0,0
YUG,8,14,6,9.916666667,3.904210182,1.52,2.1,0.58,1.691666667,0.36046795,80,101,21,95.25,11.80012106,10.0,17.36,7.36,15.42166667,4.000442118,0.02658,235.0,234.97342,57.10105333,119.7129726,90.2,3173.0,3082.8,1086.05,2024.567005,54.8,1687.0,1632.2,536.0725,1012.900745,35.4,1858.53,3.96154,3.1618,3.96154,3.1618,1.32616,2.89939,3.96154,3.80304,3.96154,2,2,2,878.042,1.80973,133.665,1522.31,841.18,0.0,0.0,0.0,28.0973,0.032,0.0176822,0.0,0.0,0.0,0.0,0.333333333,0.166666667,0.0,0.0,0.5,0.0,0.0,0.0,0.0,0,0.0,0,0.0,0,0.0,0,0.0,0.0,0,0,0.0,0,0,0,0,0,0,0
LAU,8,14,6,9.888888889,3.820994635,1.52,2.1,0.58,1.684444444,0.345919066,80,101,21,95.11111111,12.00833044,10.0,17.36,7.36,15.36444444,4.094462114,0.02658,235.0,234.97342,59.46216444,124.059398,90.2,3173.0,3082.8,1075.466667,1988.294065,54.8,1687.0,1632.2,515.1411111,971.2994236,35.4,1858.53,5.97616,4.02079,5.97616,2.12918,2.12918,4.02079,5.97616,5.97616,5.97616,2,1,1,1326.89,1.79357,173.869,1310.35,730.585,0.0,0.0,0.0,103.497,0.078,0.0434888,0.0,0.0,0.0,0.0,0.333333333,0.0,0.555555556,0.0,0.0,0.0,0.111111111,0.0,0.0,0,0.0,0,0.0,0,0.0,0,0.0,0.0,0,0,0.0,0,0,0,0,0,0,0
LAU,8,14,6,9.888888889,3.820994635,1.52,2.1,0.58,1.684444444,0.345919066,80,101,21,95.11111111,12.00833044,10.0,17.36,7.36,15.36444444,4.094462114,0.02658,235.0,234.97342,59.46216444,124.059398,90.2,3173.0,3082.8,1075.466667,1988.294065,54.8,1687.0,1632.2,515.1411111,971.2994236,35.4,1858.53,6.09269,4.00849,6.09269,2.15253,2.15253,4.00849,6.09269,6.09269,6.09269,2,1,1,1349.78,1.76314,179.61,1330.66,754.71,0.0,0.0,0.0,107.578,0.0797,0.0452035,0.0,0.0,0.0,0.0,0.333333333,0.0,0.555555556,0.0,0.0,0.0,0.111111111,0.0,0.0,0,0.0,0,0.0,0,0.0,0,0.0,0.0,0,0,0.0,0,0,0,0,0,0,0
LAU,8,14,6,9.888888889,3.820994635,1.52,2.1,0.58,1.684444444,0.345919066,80,101,21,95.11111111,12.00833044,10.0,17.36,7.36,15.36444444,4.094462114,0.02658,235.0,234.97342,59.46216444,124.059398,90.2,3173.0,3082.8,1075.466667,1988.294065,54.8,1687.0,1632.2,515.1411111,971.2994236,35.4,1858.53,6.17324,4.26317,6.17324,2.241,2.241,4.26317,6.17324,6.17324,6.17324,2,1,1,1386.22,1.7168,197.138,1422.12,828.36,0.0,0.0,0.0,121.294,0.0875,0.050967,0.0,0.0,0.0,0.0,0.333333333,0.0,0.555555556,0.0,0.0,0.0,0.111111111,0.0,0.0,0,0.0,0,0.0,0,0.0,0,0.0,0.0,0,0,0.0,0,0,0,0,0,0,0
SFG,8,14,6,10.0,4.242640687,1.52,2.1,0.58,1.713333333,0.410121933,85,101,16,95.66666667,11.3137085,12.06,17.36,5.3,15.59333333,3.74766594,0.02658,150.0,149.97342,50.01772,106.0472223,90.2,3173.0,3082.8,1117.8,2179.868785,54.8,1687.0,1632.2,598.8666667,1154.139688,35.4,1486.0,6.69585,5.31372,6.69585,4.68073,2.28075,5.31372,6.69585,5.97699,6.69585,1,2,2,4035.5,1.82954,505.036,1251.48,684.042,6.89439,17.0844,9.33805,426.956,0.1058,0.0578287,0.0,0.0,0.0,0.0,0.24,0.28,0.32,0.08,0.0,0.0,0.08,0.0,0.0,0,0.0,0,0.0,0,0.0,0,0.0,0.0,0,0,0.0,0,0,0,0,0,0,2
BIK,8,14,6,9.888888889,3.820994635,1.52,2.1,0.58,1.684444444,0.345919066,80,101,21,95.11111111,12.00833044,10.0,17.36,7.36,15.36444444,4.094462114,0.02658,235.0,234.97342,59.46216444,124.059398,90.2,3173.0,3082.8,1075.466667,1988.294065,54.8,1687.0,1632.2,515.1411111,971.2994236,35.4,1858.53,3.82751,3.28009,3.82751,1.59425,3.28009,0.97828,3.76641,3.82751,3.82751,1,1,1,295.588,2.01282,25.4361,860.528,427.523,0.0,0.0,0.0,6.20734,0.021,0.0104331,0.0,0.0,0.0,0.0,0.0,0.333333333,0.333333333,0.0,0.333333333,0.0,0.0,0.0,0.0,0,0.0,0,0.0,0,0.0,0,0.0,0.0,0,0,0.0,0,0,0,0,0,0,0
BIK,8,14,6,9.888888889,3.820994635,1.52,2.1,0.58,1.684444444,0.345919066,80,101,21,95.11111111,12.00833044,10.0,17.36,7.36,15.36444444,4.094462114,0.02658,235.0,234.97342,59.46216444,124.059398,90.2,3173.0,3082.8,1075.466667,1988.294065,54.8,1687.0,1632.2,515.1411111,971.2994236,35.4,1858.53,3.6088,3.08564,3.6088,1.444,3.08564,0.93291,3.50181,3.6088,3.51805,1,1,1,277.708,2.14241,17.1429,617.299,288.133,0.0,0.0,0.0,2.47161,0.0089,0.00415421,0.0,0.0,0.0,0.0,0.0,0.333333333,0.333333333,0.0,0.333333333,0.0,0.0,0.0,0.0,0,0.0,0,0.0,0,0.0,0,0.0,0.0,0,0,0.0,0,0,0,0,0,0,0
BIK,8,14,6,9.888888889,3.820994635,1.52,2.1,0.58,1.684444444,0.345919066,80,101,21,95.11111111,12.00833044,10.0,17.36,7.36,15.36444444,4.094462114,0.02658,235.0,234.97342,59.46216444,124.059398,90.2,3173.0,3082.8,1075.466667,1988.294065,54.8,1687.0,1632.2,515.1411111,971.2994236,35.4,1858.53,3.82493,3.27156,3.82493,1.59872,3.27156,0.98492,3.81686,3.82493,3.76891,1,1,1,295.455,2.01373,25.3231,857.09,425.624,0.0,0.0,0.0,6.20455,0.021,0.0104284,0.0,0.0,0.0,0.0,0.0,0.333333333,0.333333333,0.0,0.333333333,0.0,0.0,0.0,0.0,0,0.0,0,0.0,0,0.0,0,0.0,0.0,0,0,0.0,0,0,0,0,0,0,0
SOD,8,26,18,12.73684211,9.836157786,1.52,2.1,0.58,1.721052632,0.36180105,61,101,40,90.05263158,22.0,7.09,17.36,10.27,14.36105263,5.760113389,0.02658,150.0,149.97342,40.54310316,78.24603494,90.2,3173.0,3082.8,1217.757895,2024.403651,54.8,1811.0,1756.2,682.2421053,1127.623615,35.4,1486.0,2.44659,0.67294,2.44659,0.67294,0.67294,0.67294,2.44659,2.44659,2.44659,0,0,0,551.933,3.00634,0.0,0.0,0.0,0.0,0.0,0.0,0.0,0.0,0.0,0.0,0.0,0.0,0.0,0.5,0.0,0.5,0.0,0.0,0.0,0.0,0.0,0.0,0,0.0,0,0.0,0,0.0,0,0.0,0.0,0,0,0.0,0,0,0,0,0,0,5
SOD,8,26,18,12.73684211,9.836157786,1.52,2.1,0.58,1.721052632,0.36180105,61,101,40,90.05263158,22.0,7.09,17.36,10.27,14.36105263,5.760113389,0.02658,150.0,149.97342,40.54310316,78.24603494,90.2,3173.0,3082.8,1217.757895,2024.403651,54.8,1811.0,1756.2,682.2421053,1127.623615,35.4,1486.0,2.57203,0.67654,2.57203,0.67654,0.67654,0.67654,2.57203,2.57203,2.57201,0,0,0,568.445,2.91901,0.0,0.0,0.0,0.0,0.0,0.0,0.0,0.0,0.0,0.0,0.0,0.0,0.0,0.5,0.0,0.5,0.0,0.0,0.0,0.0,0.0,0.0,0,0.0,0,0.0,0,0.0,0,0.0,0.0,0,0,0.0,0,0,0,0,0,0,5
SOD,8,26,18,12.73684211,9.836157786,1.52,2.1,0.58,1.721052632,0.36180105,61,101,40,90.05263158,22.0,7.09,17.36,10.27,14.36105263,5.760113389,0.02658,150.0,149.97342,40.54310316,78.24603494,90.2,3173.0,3082.8,1217.757895,2024.403651,54.8,1811.0,1756.2,682.2421053,1127.623615,35.4,1486.0,2.71004,0.62574,2.71004,0.62574,0.62574,0.62509,2.71004,2.71004,2.71004,0,0,0,586.061,2.83127,0.0,0.0,0.0,0.0,0.0,0.0,0.0,0.0,0.0,0.0,0.0,0.0,0.0,0.5,0.0,0.5,0.0,0.0,0.0,0.0,0.0,0.0,0,0.0,0,0.0,0,0.0,0,0.0,0.0,0,0,0.0,0,0,0,0,0,0,5
GIS,8,14,6,9.833333333,3.689323937,1.52,2.1,0.58,1.67,0.31822424,80,101,21,94.83333333,12.50111106,10.0,17.36,7.36,15.25,4.302983461,0.02658,235.0,234.97342,64.18438667,132.9250288,90.2,3173.0,3082.8,1054.3,1934.463424,54.8,1687.0,1632.2,473.2783333,891.7012048,35.4,1858.53,4.76139,3.21025,4.76139,2.81993,3.04972,3.21025,4.66303,4.76139,4.76139,1,3,3,1025.07,1.54299,236.014,2302.41,1492.17,0.0,0.0,0.0,68.1675,0.0665,0.043098,0.0,0.0,0.0,0.0,0.666666667,0.0,0.0,0.0,0.333333333,0.0,0.0,0.0,0.0,0,0.0,0,0.0,0,0.0,0,0.0,0.0,0,0,0.0,0,0,0,0,0,0,0
GIS,8,14,6,9.833333333,3.689323937,1.52,2.1,0.58,1.67,0.31822424,80,101,21,94.83333333,12.50111106,10.0,17.36,7.36,15.25,4.302983461,0.02658,235.0,234.97342,64.18438667,132.9250288,90.2,3173.0,3082.8,1054.3,1934.463424,54.8,1687.0,1632.2,473.2783333,891.7012048,35.4,1858.53,4.72708,3.26382,4.72708,2.79817,3.18868,3.26382,4.72708,4.72708,4.72708,1,3,3,1033.21,1.53084,239.097,2314.11,1511.66,0.0,0.0,0.0,74.9079,0.0725,0.0473596,0.0,0.0,0.0,0.0,0.666666667,0.0,0.0,0.0,0.333333333,0.0,0.0,0.0,0.0,0,0.0,0,0.0,0,0.0,0,0.0,0.0,0,0,0.0,0,0,0,0,0,0,0
ANA,8,14,6,9.888888889,3.820994635,1.52,2.1,0.58,1.684444444,0.345919066,80,101,21,95.11111111,12.00833044,10.0,17.36,7.36,15.36444444,4.094462114,0.02658,235.0,234.97342,59.46216444,124.059398,90.2,3173.0,3082.8,1075.466667,1988.294065,54.8,1687.0,1632.2,515.1411111,971.2994236,35.4,1858.53,3.89394,2.09131,3.81742,2.09131,2.06111,2.06111,3.81742,3.86803,3.86803,0,0,0,2519.0,1.88953,0.0,0.0,0.0,171.594,681.201,360.514,0.0,0.0,0.0,31.2356,0.0124,0.00656248,0.0,0.333333333,0.0,0.333333333,0.0,0.333333333,0.0,0.0,0.0,0.0,0,0.0,0,0.0,0,0.0,0,0.0,0.0,0,0,0.0,0,0,0,0,0,0,0
ANA,8,14,6,9.888888889,3.820994635,1.52,2.1,0.58,1.684444444,0.345919066,80,101,21,95.11111111,12.00833044,10.0,17.36,7.36,15.36444444,4.094462114,0.02658,235.0,234.97342,59.46216444,124.059398,90.2,3173.0,3082.8,1075.466667,1988.294065,54.8,1687.0,1632.2,515.1411111,971.2994236,35.4,1858.53,4.05866,2.41273,4.05866,2.28476,2.28476,2.41273,4.05866,4.05866,4.05866,0,0,0,2572.29,1.85038,0.0,0.0,0.0,193.222,751.17,405.954,0.0,0.0,0.0,36.2692,0.0141,0.00762005,0.0,0.333333333,0.0,0.333333333,0.0,0.333333333,0.0,0.0,0.0,0.0,0,0.0,0,0.0,0,0.0,0,0.0,0.0,0,0,0.0,0,0,0,0,0,0,0
ANA,8,14,6,9.888888889,3.820994635,1.52,2.1,0.58,1.684444444,0.345919066,80,101,21,95.11111111,12.00833044,10.0,17.36,7.36,15.36444444,4.094462114,0.02658,235.0,234.97342,59.46216444,124.059398,90.2,3173.0,3082.8,1075.466667,1988.294065,54.8,1687.0,1632.2,515.1411111,971.2994236,35.4,1858.53,4.0594,2.41451,4.0594,2.2822,2.2822,2.41451,4.0594,4.0594,4.0594,0,0,0,2573.79,1.8493,0.0,0.0,0.0,193.618,752.266,406.784,0.0,0.0,0.0,36.2904,0.0141,0.0076245,0.0,0.333333333,0.0,0.333333333,0.0,0.333333333,0.0,0.0,0.0,0.0,0,0.0,0,0.0,0,0.0,0,0.0,0.0,0,0,0.0,0,0,0,0,0,0,0
ANA,8,14,6,9.888888889,3.820994635,1.52,2.1,0.58,1.684444444,0.345919066,80,101,21,95.11111111,12.00833044,10.0,17.36,7.36,15.36444444,4.094462114,0.02658,235.0,234.97342,59.46216444,124.059398,90.2,3173.0,3082.8,1075.466667,1988.294065,54.8,1687.0,1632.2,515.1411111,971.2994236,35.4,1858.53,3.92496,2.48229,3.92496,2.16114,2.16114,2.48229,3.92496,3.92496,3.92496,0,0,0,2530.04,1.88128,0.0,0.0,0.0,188.973,746.915,397.025,0.0,0.0,0.0,32.3846,0.0128,0.00680389,0.0,0.333333333,0.0,0.333333333,0.0,0.333333333,0.0,0.0,0.0,0.0,0,0.0,0,0.0,0,0.0,0,0.0,0.0,0,0,0.0,0,0,0,0,0,0,0
ZON,8,15,7,10.0,4.082482905,1.52,1.84,0.32,1.62,0.200665559,80,101,21,95.66666667,11.4212278,10.0,17.36,7.36,16.07666667,3.847229884,0.02658,235.0,234.97342,39.22372,123.8198386,90.2,2792.0,2701.8,617.1333333,1395.849425,54.8,933.47,878.67,244.995,456.0418076,35.4,1858.53,5.9272,3.4361,5.9272,2.66568,3.4361,1.69857,5.9272,5.9272,5.9272,4,1,1,3707.27,1.74797,622.2,1678.32,960.156,0.0,0.0,0.0,316.601,0.0854,0.0488567,0.0,0.0,0.0,0.0,0.428571429,0.0,0.285714286,0.0,0.285714286,0.0,0.0,0.0,0.0,0,0.0,0,0.0,0,0.0,0,0.0,0.0,0,0,0.0,0,0,0,0,0,0,4
LTA,8,14,6,9.833333333,3.689323937,1.52,2.1,0.58,1.67,0.31822424,80,101,21,94.83333333,12.50111106,10.0,17.36,7.36,15.25,4.302983461,0.02658,235.0,234.97342,64.18438667,132.9250288,90.2,3173.0,3082.8,1054.3,1934.463424,54.8,1687.0,1632.2,473.2783333,891.7012048,35.4,1858.53,10.8184,3.91025,10.8184,3.91025,3.91025,3.91025,10.8184,10.8184,10.8184,1,3,3,15004.3,1.26498,2575.04,1716.19,1356.7,590.362,393.461,311.041,3158.41,0.2105,0.166406,385.612,0.0257,0.0203165,0.0,0.5,0.0,0.25,0.0,0.25,0.0,0.0,0.0,0.0,0,0.0,0,0.0,0,0.0,0,0.0,0.0,0,0,0.0,0,0,0,0,0,0,3
AST,8,32,24,16.0,16.97056275,1.52,2.11,0.59,1.716666667,0.417193001,84,101,17,95.33333333,12.02081528,13.63,17.36,3.73,16.11666667,2.637508294,0.02658,60.0,59.97342,20.01772,42.40761197,90.2,3093.0,3002.8,1091.133333,2123.300243,54.8,1211.4,1156.6,440.3333333,817.8397031,35.4,1881.6,5.96568,1.63482,5.96568,1.63482,1.63482,1.46858,5.96568,5.96568,5.96568,0,0,0,1233.32,2.81689,0.0,0.0,0.0,184.466,1495.69,530.972,0.0,0.0,0.0,105.942,0.0859,0.0304947,0.0,0.5,0.0,0.5,0.0,0.0,0.0,0.0,0.0,0.0,0,0.0,0,0.0,0,0.0,0,0.0,0.0,0,0,0.0,0,0,0,0,0,0,6
BIK,8,14,6,9.888888889,3.820994635,1.52,2.1,0.58,1.684444444,0.345919066,80,101,21,95.11111111,12.00833044,10.0,17.36,7.36,15.36444444,4.094462114,0.02658,235.0,234.97342,59.46216444,124.059398,90.2,3173.0,3082.8,1075.466667,1988.294065,54.8,1687.0,1632.2,515.1411111,971.2994236,35.4,1858.53,3.79254,3.24371,3.79254,1.62254,3.24371,1.1258,3.79254,3.79254,3.79254,1,1,1,295.621,2.01259,25.3535,857.634,426.135,0.0,0.0,0.0,5.88287,0.0199,0.00988776,0.0,0.0,0.0,0.0,0.0,0.333333333,0.333333333,0.0,0.333333333,0.0,0.0,0.0,0.0,0,0.0,0,0.0,0,0.0,0,0.0,0.0,0,0,0.0,0,0,0,0,0,0,0
BIK,8,14,6,9.888888889,3.820994635,1.52,2.1,0.58,1.684444444,0.345919066,80,101,21,95.11111111,12.00833044,10.0,17.36,7.36,15.36444444,4.094462114,0.02658,235.0,234.97342,59.46216444,124.059398,90.2,3173.0,3082.8,1075.466667,1988.294065,54.8,1687.0,1632.2,515.1411111,971.2994236,35.4,1858.53,3.78708,3.2308,3.78708,1.69791,3.2308,1.05293,3.78708,3.78708,3.78708,1,1,1,294.814,2.0181,25.6659,870.581,431.386,0.0,0.0,0.0,6.0142,0.0204,0.0101085,0.0,0.0,0.0,0.0,0.0,0.333333333,0.333333333,0.0,0.333333333,0.0,0.0,0.0,0.0,0,0.0,0,0.0,0,0.0,0,0.0,0.0,0,0,0.0,0,0,0,0,0,0,0
BIK,8,14,6,9.888888889,3.820994635,1.52,2.1,0.58,1.684444444,0.345919066,80,101,21,95.11111111,12.00833044,10.0,17.36,7.36,15.36444444,4.094462114,0.02658,235.0,234.97342,59.46216444,124.059398,90.2,3173.0,3082.8,1075.466667,1988.294065,54.8,1687.0,1632.2,515.1411111,971.2994236,35.4,1858.53,3.90513,3.26709,3.90513,1.5028,3.26709,1.23747,3.88303,3.90513,3.49243,1,1,1,297.372,2.00074,27.8159,935.392,467.523,0.0,0.0,0.0,6.80982,0.0229,0.0114458,0.0,0.0,0.0,0.0,0.0,0.333333333,0.333333333,0.0,0.333333333,0.0,0.0,0.0,0.0,0,0.0,0,0.0,0,0.0,0,0.0,0.0,0,0,0.0,0,0,0,0,0,0,0
BIK,8,14,6,9.888888889,3.820994635,1.52,2.1,0.58,1.684444444,0.345919066,80,101,21,95.11111111,12.00833044,10.0,17.36,7.36,15.36444444,4.094462114,0.02658,235.0,234.97342,59.46216444,124.059398,90.2,3173.0,3082.8,1075.466667,1988.294065,54.8,1687.0,1632.2,515.1411111,971.2994236,35.4,1858.53,3.71555,3.11707,3.71555,1.56046,3.11707,1.1246,3.67079,3.71555,3.16491,1,1,1,297.651,1.99887,25.5121,857.115,428.8,0.0,0.0,0.0,4.91124,0.0165,0.00825468,0.0,0.0,0.0,0.0,0.0,0.333333333,0.333333333,0.0,0.333333333,0.0,0.0,0.0,0.0,0,0.0,0,0.0,0,0.0,0,0.0,0.0,0,0,0.0,0,0,0,0,0,0,0
STI,8,14,6,10.0,4.242640687,1.52,2.1,0.58,1.713333333,0.410121933,85,101,16,95.66666667,11.3137085,12.06,17.36,5.3,15.59333333,3.74766594,0.02658,150.0,149.97342,50.01772,106.0472223,90.2,3173.0,3082.8,1117.8,2179.868785,54.8,1687.0,1632.2,598.8666667,1154.139688,35.4,1486.0,5.97679,4.79084,5.97679,4.79084,1.80338,2.97605,5.97679,5.97679,5.97679,2,2,2,4281.76,1.67771,787.735,1839.74,1096.58,0.0,0.0,0.0,484.267,0.1131,0.0674132,0.0,0.0,0.0,0.0,0.285714286,0.142857143,0.142857143,0.0,0.285714286,0.0,0.142857143,0.0,0.0,0,0.0,0,0.0,0,0.0,0,0.0,0.0,0,0,0.0,0,0,0,0,0,0,2
GIU,8,14,6,9.833333333,3.689323937,1.52,2.1,0.58,1.67,0.31822424,80,101,21,94.83333333,12.50111106,10.0,17.36,7.36,15.25,4.302983461,0.02658,235.0,234.97342,64.18438667,132.9250288,90.2,3173.0,3082.8,1054.3,1934.463424,54.8,1687.0,1632.2,473.2783333,891.7012048,35.4,1858.53,6.42268,2.33266,6.42268,2.30282,2.30282,2.33266,6.31307,6.289,6.42268,0,0,0,6048.26,1.56906,0.0,0.0,0.0,1009.78,1669.54,1064.04,0.0,0.0,0.0,577.004,0.0954,0.0608007,0.0,0.285714286,0.0,0.714285714,0.0,0.0,0.0,0.0,0.0,0.0,0,0.0,0,0.0,0,0.0,0,0.0,0.0,0,0,0.0,0,0,0,0,0,0,1
NES,8,14,6,10.0,4.242640687,1.52,2.1,0.58,1.713333333,0.410121933,85,101,16,95.66666667,11.3137085,12.06,17.36,5.3,15.59333333,3.74766594,0.02658,150.0,149.97342,50.01772,106.0472223,90.2,3173.0,3082.8,1117.8,2179.868785,54.8,1687.0,1632.2,598.8666667,1154.139688,35.4,1486.0,6.19741,4.79049,6.19741,4.79049,1.74824,4.79049,6.19741,6.19741,6.19741,2,2,2,3835.62,1.76881,591.406,1541.88,871.704,0.839482,2.18865,1.23736,483.288,0.126,0.0712343,0.0,0.0,0.0,0.0,0.2,0.5,0.2,0.0,0.0,0.0,0.1,0.0,0.0,0,0.0,0,0.0,0,0.0,0,0.0,0.0,0,0,0.0,0,0,0,0,0,0,2
CAN,8,14,6,9.833333333,3.689323937,1.52,2.1,0.58,1.67,0.31822424,80,101,21,94.83333333,12.50111106,10.0,17.36,7.36,15.25,4.302983461,0.02658,235.0,234.97342,64.18438667,132.9250288,90.2,3173.0,3082.8,1054.3,1934.463424,54.8,1687.0,1632.2,473.2783333,891.7012048,35.4,1858.53,6.3143,5.93456,6.3143,2.38565,2.38565,5.93456,6.3143,6.3143,6.3143,1,1,1,770.567,1.53947,73.8887,958.887,622.87,63.7104,826.8,537.069,54.402,0.0706,0.04586,17.9542,0.0233,0.0151351,0.0,0.25,0.0,0.5,0.0,0.0,0.0,0.0,0.0,0.25,0,0.0,0,0.0,0,0.0,0,0.0,0.0,0,0,0.0,0,0,0,0,0,0,0
SBN,8,32,24,15.86666667,15.77350853,1.52,2.11,0.59,1.684666667,0.343804866,81,101,20,94.93333333,12.21971475,11.8,17.36,5.56,15.87266667,3.070237892,0.02658,60.0,59.97342,15.88438667,34.12941684,90.2,3093.0,3002.8,1009.0,1858.179927,54.8,1211.4,1156.6,319.2013333,643.0605026,35.4,2174.09,4.27178,3.13114,4.27178,3.13114,2.82833,3.10528,4.27178,4.27178,4.27178,1,3,3,1319.59,2.60366,248.565,1883.65,723.463,0.0,0.0,0.0,58.4579,0.0443,0.0170145,0.0,0.0,0.0,0.333333333,0.333333333,0.0,0.0,0.0,0.333333333,0.0,0.0,0.0,0.0,0,0.0,0,0.0,0,0.0,0,0.0,0.0,0,0,0.0,0,0,0,0,0,0,6
SOD,8,15,7,10.0,4.082482905,1.52,1.84,0.32,1.62,0.200665559,80,101,21,95.66666667,11.4212278,10.0,17.36,7.36,16.07666667,3.847229884,0.02658,235.0,234.97342,39.22372,123.8198386,90.2,2792.0,2701.8,617.1333333,1395.849425,54.8,933.47,878.67,244.995,456.0418076,35.4,1858.53,4.42265,3.31464,4.42265,3.31464,3.07708,3.07683,4.42265,4.42264,4.42264,1,3,3,950.319,1.70474,192.665,2027.37,1189.25,0.0,0.0,0.0,57.6844,0.0607,0.0356066,0.0,0.0,0.0,0.0,0.5,0.0,0.5,0.0,0.0,0.0,0.0,0.0,0.0,0,0.0,0,0.0,0,0.0,0,0.0,0.0,0,0,0.0,0,0,0,0,0,0,4
AEN,8,31,23,10.75,9.330531792,1.52,1.87,0.35,1.594375,0.205490804,81,101,20,97.6875,9.599325957,11.8,17.36,5.56,16.94875,2.116392602,0.02658,29.0,28.97342,1.876685,11.09548165,90.2,2477.0,2386.8,325.5875,924.1463221,54.8,317.3,262.5,119.525625,177.6742194,35.4,2174.09,3.98768,2.64525,3.97772,2.64525,1.59108,2.23837,3.97772,3.93724,3.98768,0,0,0,2455.28,1.91874,0.0,0.0,0.0,162.509,661.876,344.953,0.0,0.0,0.0,32.1642,0.0131,0.00682739,0.0,0.2,0.0,0.6,0.0,0.2,0.0,0.0,0.0,0.0,0,0.0,0,0.0,0,0.0,0,0.0,0.0,0,0,0.0,0,0,0,0,0,0,6
LEV,8,14,6,10.0,4.242640687,1.52,2.1,0.58,1.713333333,0.410121933,85,101,16,95.66666667,11.3137085,12.06,17.36,5.3,15.59333333,3.74766594,0.02658,150.0,149.97342,50.01772,106.0472223,90.2,3173.0,3082.8,1117.8,2179.868785,54.8,1687.0,1632.2,598.8666667,1154.139688,35.4,1486.0,7.10098,3.85251,6.33271,3.85251,3.85251,2.39507,6.33271,7.10098,7.10098,3,2,2,3503.77,1.53768,676.823,1931.7,1256.24,0.179482,0.512254,0.333134,496.134,0.1416,0.0920868,0.0,0.0,0.0,0.0,0.333333333,0.0,0.5,0.0,0.166666667,0.0,0.0,0.0,0.0,0,0.0,0,0.0,0,0.0,0,0.0,0.0,0,0,0.0,0,0,0,0,0,0,2
LEV,8,14,6,10.0,4.242640687,1.52,2.1,0.58,1.713333333,0.410121933,85,101,16,95.66666667,11.3137085,12.06,17.36,5.3,15.59333333,3.74766594,0.02658,150.0,149.97342,50.01772,106.0472223,90.2,3173.0,3082.8,1117.8,2179.868785,54.8,1687.0,1632.2,598.8666667,1154.139688,35.4,1486.0,7.08967,3.87933,7.08967,3.87933,3.87933,2.33383,7.08967,7.08967,7.08967,3,2,2,3472.17,1.55168,665.34,1916.21,1234.93,0.198475,0.571617,0.368387,482.979,0.1391,0.089645,0.0,0.0,0.0,0.0,0.333333333,0.0,0.5,0.0,0.166666667,0.0,0.0,0.0,0.0,0,0.0,0,0.0,0,0.0,0,0.0,0.0,0,0,0.0,0,0,0,0,0,0,2
LEV,8,14,6,10.0,4.242640687,1.52,2.1,0.58,1.713333333,0.410121933,85,101,16,95.66666667,11.3137085,12.06,17.36,5.3,15.59333333,3.74766594,0.02658,150.0,149.97342,50.01772,106.0472223,90.2,3173.0,3082.8,1117.8,2179.868785,54.8,1687.0,1632.2,598.8666667,1154.139688,35.4,1486.0,7.04289,3.55393,6.71487,3.55393,3.55393,2.37084,6.71487,6.71487,7.04289,3,2,2,3461.26,1.55657,663.341,1916.47,1231.22,0.236461,0.683163,0.438891,471.77,0.1363,0.0875646,0.0,0.0,0.0,0.0,0.333333333,0.0,0.5,0.0,0.166666667,0.0,0.0,0.0,0.0,0,0.0,0,0.0,0,0.0,0,0.0,0.0,0,0,0.0,0,0,0,0,0,0,2
NAT,8,14,6,9.866666667,3.763072453,1.52,2.1,0.58,1.678666667,0.334685353,80,101,21,95.0,12.19265001,10.0,17.36,7.36,15.31866667,4.17427667,0.02658,235.0,234.97342,61.35105333,127.5581437,90.2,3173.0,3082.8,1067.0,1963.904425,54.8,1687.0,1632.2,498.396,939.0837544,35.4,1858.53,3.93974,3.10952,3.93974,2.60859,2.60859,3.10952,3.93974,3.93974,3.93974,8,1,1,2309.85,1.71506,326.319,1412.73,823.718,0.0,0.0,0.0,57.0533,0.0247,0.0144018,0.0,0.0,0.0,0.0,0.5,0.0,0.0,0.0,0.25,0.25,0.0,0.0,0.0,0,0.0,0,0.0,0,0.0,0,0.0,0.0,0,0,0.0,0,0,0,0,0,0,0
NAT,8,14,6,9.866666667,3.763072453,1.52,2.1,0.58,1.678666667,0.334685353,80,101,21,95.0,12.19265001,10.0,17.36,7.36,15.31866667,4.17427667,0.02658,235.0,234.97342,61.35105333,127.5581437,90.2,3173.0,3082.8,1067.0,1963.904425,54.8,1687.0,1632.2,498.396,939.0837544,35.4,1858.53,4.66904,3.85889,4.66904,2.89102,2.89102,3.85889,4.66904,4.66904,4.66904,1,3,3,2558.21,1.54856,541.562,2116.96,1367.05,0.0,0.0,0.0,186.749,0.073,0.0471406,0.0,0.0,0.0,0.0,0.5,0.0,0.0,0.0,0.25,0.25,0.0,0.0,0.0,0,0.0,0,0.0,0,0.0,0,0.0,0.0,0,0,0.0,0,0,0,0,0,0,0
NAT,8,14,6,9.866666667,3.763072453,1.52,2.1,0.58,1.678666667,0.334685353,80,101,21,95.0,12.19265001,10.0,17.36,7.36,15.31866667,4.17427667,0.02658,235.0,234.97342,61.35105333,127.5581437,90.2,3173.0,3082.8,1067.0,1963.904425,54.8,1687.0,1632.2,498.396,939.0837544,35.4,1858.53,20.45151,20.20231,20.42737,14.12038,13.80946,20.20231,20.45151,20.42737,20.42737,1,3,3,2565.98,0.10558,211.75,825.221,7816.1,0.0,0.0,0.0,2245.74,0.8752,8.28947,0.0,0.0,0.0,0.0,0.5,0.0,0.0,0.0,0.25,0.25,0.0,0.0,0.0,0,0.0,0,0.0,0,0.0,0,0.0,0.0,0,0,0.0,0,0,0,0,0,0,3
NAT,8,14,6,9.866666667,3.763072453,1.52,2.1,0.58,1.678666667,0.334685353,80,101,21,95.0,12.19265001,10.0,17.36,7.36,15.31866667,4.17427667,0.02658,235.0,234.97342,61.35105333,127.5581437,90.2,3173.0,3082.8,1067.0,1963.904425,54.8,1687.0,1632.2,498.396,939.0837544,35.4,1858.53,3.28381,2.35202,3.28381,2.35202,2.31557,2.35202,3.28381,3.28381,3.28381,0,0,0,2172.53,1.82347,0.0,0.0,0.0,109.017,501.796,275.188,0.0,0.0,0.0,8.25563,0.0038,0.00208394,0.0,0.5,0.0,0.0,0.0,0.25,0.25,0.0,0.0,0.0,0,0.0,0,0.0,0,0.0,0,0.0,0.0,0,0,0.0,0,0,0,0,0,0,0
NAT,8,14,6,9.866666667,3.763072453,1.52,2.1,0.58,1.678666667,0.334685353,80,101,21,95.0,12.19265001,10.0,17.36,7.36,15.31866667,4.17427667,0.02658,235.0,234.97342,61.35105333,127.5581437,90.2,3173.0,3082.8,1067.0,1963.904425,54.8,1687.0,1632.2,498.396,939.0837544,35.4,1858.53,3.30288,2.30846,3.30288,2.29341,2.29341,2.30846,3.30288,3.30288,3.30288,0,0,0,2160.41,1.8337,0.0,0.0,0.0,105.083,486.405,265.259,0.0,0.0,0.0,8.42559,0.0039,0.00212685,0.0,0.5,0.0,0.0,0.0,0.25,0.25,0.0,0.0,0.0,0,0.0,0,0.0,0,0.0,0,0.0,0.0,0,0,0.0,0,0,0,0,0,0,0
HOS,8,14,6,10.10309278,4.242640687,1.52,2.1,0.58,1.723298969,0.410121933,85,101,16,95.39175258,11.3137085,12.06,17.36,5.3,15.50226804,3.74766594,0.02658,150.0,149.97342,52.59458289,106.0472223,90.2,3173.0,3082.8,1170.769072,2179.868785,54.8,1687.0,1632.2,626.9113402,1154.139688,35.4,1486.0,9.73743,6.54225,9.73743,5.96435,5.19385,6.54225,9.73743,9.73743,9.73743,1,3,3,9088.24,1.43456,1742.43,1917.23,1336.46,3.50417,3.85572,2.68774,1940.34,0.2135,0.148826,0.0,0.0,0.0,0.0,0.428571429,0.142857143,0.25,0.0,0.0,0.0,0.107142857,0.0,0.071428571,0,0.0,0,0.0,0,0.0,0,0.0,0.0,0,0,0.0,0,0,0,0,0,0,2
MFI,8,14,6,10.0,4.242640687,1.52,2.1,0.58,1.713333333,0.410121933,85,101,16,95.66666667,11.3137085,12.06,17.36,5.3,15.59333333,3.74766594,0.02658,150.0,149.97342,50.01772,106.0472223,90.2,3173.0,3082.8,1117.8,2179.868785,54.8,1687.0,1632.2,598.8666667,1154.139688,35.4,1486.0,7.06462,5.10988,7.02537,4.98842,5.10988,4.98842,7.02537,7.02537,7.02537,1,3,3,5370.67,1.78341,805.309,1499.46,840.782,0.0,0.0,0.0,583.255,0.1086,0.0608946,0.0,0.0,0.0,0.0,0.03846153,0.423,0.308,0.0,0.0,0.0,0.23076,0.0,0.0,0,0.0,0,0.0,0,0.0,0,0.0,0.0,0,0,0.0,0,0,0,0,0,0,2
MFI,8,14,6,10.0,4.242640687,1.52,2.1,0.58,1.713333333,0.410121933,85,101,16,95.66666667,11.3137085,12.06,17.36,5.3,15.59333333,3.74766594,0.02658,150.0,149.97342,50.01772,106.0472223,90.2,3173.0,3082.8,1117.8,2179.868785,54.8,1687.0,1632.2,598.8666667,1154.139688,35.4,1486.0,6.85631,5.16184,6.85631,5.16184,4.88383,4.88383,6.85631,6.85631,6.85631,1,3,3,5359.92,1.78698,807.492,1506.54,843.061,0.0,0.0,0.0,582.087,0.1086,0.0607728,0.0,0.0,0.0,0.0,0.03846153,0.423,0.308,0.0,0.0,0.0,0.23076,0.0,0.0,0,0.0,0,0.0,0,0.0,0,0.0,0.0,0,0,0.0,0,0,0,0,0,0,2
BIK,8,14,6,9.888888889,3.820994635,1.52,2.1,0.58,1.684444444,0.345919066,80,101,21,95.11111111,12.00833044,10.0,17.36,7.36,15.36444444,4.094462114,0.02658,235.0,234.97342,59.46216444,124.059398,90.2,3173.0,3082.8,1075.466667,1988.294065,54.8,1687.0,1632.2,515.1411111,971.2994236,35.4,1858.53,3.72929,3.15463,3.72929,1.59173,3.15463,1.00111,3.7257,3.72929,3.72929,1,1,1,295.146,2.01583,21.0374,712.779,353.591,0.0,0.0,0.0,3.68932,0.0125,0.00620092,0.0,0.0,0.0,0.0,0.0,0.333333333,0.333333333,0.0,0.333333333,0.0,0.0,0.0,0.0,0,0.0,0,0.0,0,0.0,0,0.0,0.0,0,0,0.0,0,0,0,0,0,0,0
BIK,8,14,6,9.888888889,3.820994635,1.52,2.1,0.58,1.684444444,0.345919066,80,101,21,95.11111111,12.00833044,10.0,17.36,7.36,15.36444444,4.094462114,0.02658,235.0,234.97342,59.46216444,124.059398,90.2,3173.0,3082.8,1075.466667,1988.294065,54.8,1687.0,1632.2,515.1411111,971.2994236,35.4,1858.53,3.33683,2.87923,3.33683,1.21954,2.87923,0.92596,3.33683,3.33683,3.33683,1,1,1,266.811,2.22991,9.02064,338.091,151.616,0.0,0.0,0.0,0.613666,0.0023,0.00103143,0.0,0.0,0.0,0.0,0.0,0.333333333,0.333333333,0.0,0.333333333,0.0,0.0,0.0,0.0,0,0.0,0,0.0,0,0.0,0,0.0,0.0,0,0,0.0,0,0,0,0,0,0,0
BIK,8,14,6,9.888888889,3.820994635,1.52,2.1,0.58,1.684444444,0.345919066,80,101,21,95.11111111,12.00833044,10.0,17.36,7.36,15.36444444,4.094462114,0.02658,235.0,234.97342,59.46216444,124.059398,90.2,3173.0,3082.8,1075.466667,1988.294065,54.8,1687.0,1632.2,515.1411111,971.2994236,35.4,1858.53,3.17105,2.68954,3.17105,1.05154,2.68954,0.89891,3.09299,3.17105,2.75889,0,0,0,251.0,2.37037,0.0,0.0,0.0,3.84225,153.077,64.5794,0.0,0.0,0.0,0.1757,0.0007,0.000295312,0.0,0.0,0.333333333,0.333333333,0.0,0.333333333,0.0,0.0,0.0,0.0,0,0.0,0,0.0,0,0.0,0,0.0,0.0,0,0,0.0,0,0,0,0,0,0,0
MFI,8,14,6,10.0,4.242640687,1.52,2.1,0.58,1.713333333,0.410121933,85,101,16,95.66666667,11.3137085,12.06,17.36,5.3,15.59333333,3.74766594,0.02658,150.0,149.97342,50.01772,106.0472223,90.2,3173.0,3082.8,1117.8,2179.868785,54.8,1687.0,1632.2,598.8666667,1154.139688,35.4,1486.0,6.99263,5.39269,6.53763,4.85144,5.39269,4.85144,6.99263,6.53763,6.99263,1,3,3,5391.98,1.77636,804.065,1491.22,839.483,0.751166,1.39312,0.784254,592.04,0.1098,0.0618118,0.0,0.0,0.0,0.0,0.03846153,0.423,0.308,0.0,0.0,0.0,0.23076,0.0,0.0,0,0.0,0,0.0,0,0.0,0,0.0,0.0,0,0,0.0,0,0,0,0,0,0,2
MFI,8,14,6,10.0,4.242640687,1.52,2.1,0.58,1.713333333,0.410121933,85,101,16,95.66666667,11.3137085,12.06,17.36,5.3,15.59333333,3.74766594,0.02658,150.0,149.97342,50.01772,106.0472223,90.2,3173.0,3082.8,1117.8,2179.868785,54.8,1687.0,1632.2,598.8666667,1154.139688,35.4,1486.0,6.49554,5.18106,6.49554,4.80538,5.18106,4.80538,6.25181,6.49554,6.49554,1,3,3,5370.34,1.78352,802.432,1494.19,837.779,0.0,0.0,0.0,553.682,0.1031,0.0578071,0.0,0.0,0.0,0.0,0.03846153,0.423,0.308,0.0,0.0,0.0,0.23076,0.0,0.0,0,0.0,0,0.0,0,0.0,0,0.0,0.0,0,0,0.0,0,0,0,0,0,0,2
AFI,8,15,7,10.0,4.082482905,1.52,1.84,0.32,1.62,0.200665559,80,101,21,95.66666667,11.4212278,10.0,17.36,7.36,16.07666667,3.847229884,0.02658,235.0,234.97342,39.22372,123.8198386,90.2,2792.0,2701.8,617.1333333,1395.849425,54.8,933.47,878.67,244.995,456.0418076,35.4,1858.53,7.9109,7.12721,7.9109,1.98948,1.98948,7.12721,7.9109,7.9109,7.9109,1,1,1,1370.5,1.77313,159.298,1162.34,655.53,4.61525,33.6757,18.9922,170.627,0.1245,0.070215,0.13705,0.0001,5.64e-05,0.0,0.166666667,0.0,0.666666667,0.0,0.0,0.0,0.0,0.0,0.166666667,0,0.0,0,0.0,0,0.0,0,0.0,0.0,0,0,0.0,0,0,0,0,0,0,4
AFI,8,15,7,10.0,4.082482905,1.52,1.84,0.32,1.62,0.200665559,80,101,21,95.66666667,11.4212278,10.0,17.36,7.36,16.07666667,3.847229884,0.02658,235.0,234.97342,39.22372,123.8198386,90.2,2792.0,2701.8,617.1333333,1395.849425,54.8,933.47,878.67,244.995,456.0418076,35.4,1858.53,8.0729,7.30925,8.0729,1.96899,1.96899,7.30925,8.0729,8.0729,8.0729,1,1,1,1381.73,1.75872,160.594,1162.27,660.86,6.02832,43.6288,24.8072,180.73,0.1308,0.0743723,0.276346,0.0002,0.000113719,0.0,0.166666667,0.0,0.666666667,0.0,0.0,0.0,0.0,0.0,0.166666667,0,0.0,0,0.0,0,0.0,0,0.0,0.0,0,0,0.0,0,0,0,0,0,0,4
AFI,8,15,7,10.0,4.082482905,1.52,1.84,0.32,1.62,0.200665559,80,101,21,95.66666667,11.4212278,10.0,17.36,7.36,16.07666667,3.847229884,0.02658,235.0,234.97342,39.22372,123.8198386,90.2,2792.0,2701.8,617.1333333,1395.849425,54.8,933.47,878.67,244.995,456.0418076,35.4,1858.53,8.08894,7.32999,8.08894,2.02149,2.02149,7.32999,8.08894,8.08894,8.08894,1,1,1,1389.0,1.74951,161.884,1165.47,666.171,4.52029,32.5434,18.6015,183.487,0.1321,0.075507,0.1389,0.0001,5.7159e-05,0.0,0.166666667,0.0,0.666666667,0.0,0.0,0.0,0.0,0.0,0.166666667,0,0.0,0,0.0,0,0.0,0,0.0,0.0,0,0,0.0,0,0,0,0,0,0,4
LAU,8,14,6,9.888888889,3.820994635,1.52,2.1,0.58,1.684444444,0.345919066,80,101,21,95.11111111,12.00833044,10.0,17.36,7.36,15.36444444,4.094462114,0.02658,235.0,234.97342,59.46216444,124.059398,90.2,3173.0,3082.8,1075.466667,1988.294065,54.8,1687.0,1632.2,515.1411111,971.2994236,35.4,1858.53,6.0944,3.98212,6.0944,2.14677,2.14676,3.98212,6.0944,6.09439,6.0944,2,1,1,1349.18,1.76393,179.927,1333.6,756.039,0.0,0.0,0.0,107.125,0.0794,0.045013,0.0,0.0,0.0,0.0,0.333333333,0.0,0.555555556,0.0,0.0,0.0,0.111111111,0.0,0.0,0,0.0,0,0.0,0,0.0,0,0.0,0.0,0,0,0.0,0,0,0,0,0,0,0
LAU,8,14,6,9.888888889,3.820994635,1.52,2.1,0.58,1.684444444,0.345919066,80,101,21,95.11111111,12.00833044,10.0,17.36,7.36,15.36444444,4.094462114,0.02658,235.0,234.97342,59.46216444,124.059398,90.2,3173.0,3082.8,1075.466667,1988.294065,54.8,1687.0,1632.2,515.1411111,971.2994236,35.4,1858.53,6.12207,4.05476,6.12207,2.18674,2.18674,4.05476,6.12207,6.12207,6.12207,2,1,1,1360.19,1.74965,184.973,1359.91,777.244,0.0,0.0,0.0,112.216,0.0825,0.0471522,0.0,0.0,0.0,0.0,0.333333333,0.0,0.555555556,0.0,0.0,0.0,0.111111111,0.0,0.0,0,0.0,0,0.0,0,0.0,0,0.0,0.0,0,0,0.0,0,0,0,0,0,0,0
LAU,8,14,6,9.888888889,3.820994635,1.52,2.1,0.58,1.684444444,0.345919066,80,101,21,95.11111111,12.00833044,10.0,17.36,7.36,15.36444444,4.094462114,0.02658,235.0,234.97342,59.46216444,124.059398,90.2,3173.0,3082.8,1075.466667,1988.294065,54.8,1687.0,1632.2,515.1411111,971.2994236,35.4,1858.53,6.00756,4.12979,6.00756,2.27103,2.27103,4.12979,6.00756,6.00756,6.00756,2,1,1,1385.54,1.71763,194.335,1402.59,816.584,0.0,0.0,0.0,117.494,0.0848,0.0493703,0.0,0.0,0.0,0.0,0.333333333,0.0,0.555555556,0.0,0.0,0.0,0.111111111,0.0,0.0,0,0.0,0,0.0,0,0.0,0,0.0,0.0,0,0,0.0,0,0,0,0,0,0,0
LAU,8,14,6,9.888888889,3.820994635,1.52,2.1,0.58,1.684444444,0.345919066,80,101,21,95.11111111,12.00833044,10.0,17.36,7.36,15.36444444,4.094462114,0.02658,235.0,234.97342,59.46216444,124.059398,90.2,3173.0,3082.8,1075.466667,1988.294065,54.8,1687.0,1632.2,515.1411111,971.2994236,35.4,1858.53,6.18214,4.29581,6.18214,2.26652,2.26652,4.29581,6.18214,6.18214,6.18214,2,1,1,1385.59,1.71757,197.713,1426.92,830.778,0.0,0.0,0.0,123.872,0.0894,0.0520502,0.0,0.0,0.0,0.0,0.333333333,0.0,0.555555556,0.0,0.0,0.0,0.111111111,0.0,0.0,0,0.0,0,0.0,0,0.0,0,0.0,0.0,0,0,0.0,0,0,0,0,0,0,0
LAU,8,14,6,9.888888889,3.820994635,1.52,2.1,0.58,1.684444444,0.345919066,80,101,21,95.11111111,12.00833044,10.0,17.36,7.36,15.36444444,4.094462114,0.02658,235.0,234.97342,59.46216444,124.059398,90.2,3173.0,3082.8,1075.466667,1988.294065,54.8,1687.0,1632.2,515.1411111,971.2994236,35.4,1858.53,6.10318,3.97122,6.10318,2.147,2.147,3.97122,6.10318,6.10318,6.10318,2,1,1,1350.18,1.76263,180.09,1333.82,756.725,0.0,0.0,0.0,107.609,0.0797,0.0452166,0.0,0.0,0.0,0.0,0.333333333,0.0,0.555555556,0.0,0.0,0.0,0.111111111,0.0,0.0,0,0.0,0,0.0,0,0.0,0,0.0,0.0,0,0,0.0,0,0,0,0,0,0,0
LAU,8,14,6,9.888888889,3.820994635,1.52,2.1,0.58,1.684444444,0.345919066,80,101,21,95.11111111,12.00833044,10.0,17.36,7.36,15.36444444,4.094462114,0.02658,235.0,234.97342,59.46216444,124.059398,90.2,3173.0,3082.8,1075.466667,1988.294065,54.8,1687.0,1632.2,515.1411111,971.2994236,35.4,1858.53,6.1009,4.02951,6.1009,2.16981,2.16981,4.02951,6.1009,5.788,6.1009,2,1,1,1354.9,1.75649,182.528,1347.17,766.969,0.0,0.0,0.0,109.611,0.0809,0.0460579,0.0,0.0,0.0,0.0,0.333333333,0.0,0.555555556,0.0,0.0,0.0,0.111111111,0.0,0.0,0,0.0,0,0.0,0,0.0,0,0.0,0.0,0,0,0.0,0,0,0,0,0,0,0
LAU,8,14,6,9.888888889,3.820994635,1.52,2.1,0.58,1.684444444,0.345919066,80,101,21,95.11111111,12.00833044,10.0,17.36,7.36,15.36444444,4.094462114,0.02658,235.0,234.97342,59.46216444,124.059398,90.2,3173.0,3082.8,1075.466667,1988.294065,54.8,1687.0,1632.2,515.1411111,971.2994236,35.4,1858.53,6.13149,4.03893,6.13149,2.1784,2.1784,4.03893,6.13149,5.80339,6.13149,2,1,1,1360.54,1.7492,185.732,1365.13,780.432,0.0,0.0,0.0,112.653,0.0828,0.047336,0.0,0.0,0.0,0.0,0.333333333,0.0,0.555555556,0.0,0.0,0.0,0.111111111,0.0,0.0,0,0.0,0,0.0,0,0.0,0,0.0,0.0,0,0,0.0,0,0,0,0,0,0,0
LAU,8,14,6,9.888888889,3.820994635,1.52,2.1,0.58,1.684444444,0.345919066,80,101,21,95.11111111,12.00833044,10.0,17.36,7.36,15.36444444,4.094462114,0.02658,235.0,234.97342,59.46216444,124.059398,90.2,3173.0,3082.8,1075.466667,1988.294065,54.8,1687.0,1632.2,515.1411111,971.2994236,35.4,1858.53,6.17286,4.22083,6.17286,2.25748,2.25748,4.22083,6.17286,6.17286,6.17286,2,1,1,1384.04,1.7195,197.019,1423.51,827.861,0.0,0.0,0.0,122.488,0.0885,0.0514685,0.0,0.0,0.0,0.0,0.333333333,0.0,0.555555556,0.0,0.0,0.0,0.111111111,0.0,0.0,0,0.0,0,0.0,0,0.0,0,0.0,0.0,0,0,0.0,0,0,0,0,0,0,0
LAU,8,14,6,9.888888889,3.820994635,1.52,2.1,0.58,1.684444444,0.345919066,80,101,21,95.11111111,12.00833044,10.0,17.36,7.36,15.36444444,4.094462114,0.02658,235.0,234.97342,59.46216444,124.059398,90.2,3173.0,3082.8,1075.466667,1988.294065,54.8,1687.0,1632.2,515.1411111,971.2994236,35.4,1858.53,6.1089,4.00448,6.1089,2.14481,2.14481,4.00448,6.1089,6.08861,6.1089,2,1,1,1346.91,1.7669,180.424,1339.54,758.13,0.0,0.0,0.0,107.618,0.0799,0.0452204,0.0,0.0,0.0,0.0,0.333333333,0.0,0.555555556,0.0,0.0,0.0,0.111111111,0.0,0.0,0,0.0,0,0.0,0,0.0,0,0.0,0.0,0,0,0.0,0,0,0,0,0,0,0
LAU,8,14,6,9.888888889,3.820994635,1.52,2.1,0.58,1.684444444,0.345919066,80,101,21,95.11111111,12.00833044,10.0,17.36,7.36,15.36444444,4.094462114,0.02658,235.0,234.97342,59.46216444,124.059398,90.2,3173.0,3082.8,1075.466667,1988.294065,54.8,1687.0,1632.2,515.1411111,971.2994236,35.4,1858.53,6.08801,3.96258,6.08801,2.14089,2.14089,3.96258,6.08801,6.05493,6.08801,2,1,1,1344.64,1.76989,178.296,1325.98,749.188,0.0,0.0,0.0,106.092,0.0789,0.0445791,0.0,0.0,0.0,0.0,0.333333333,0.0,0.555555556,0.0,0.0,0.0,0.111111111,0.0,0.0,0,0.0,0,0.0,0,0.0,0,0.0,0.0,0,0,0.0,0,0,0,0,0,0,0
LAU,8,14,6,9.888888889,3.820994635,1.52,2.1,0.58,1.684444444,0.345919066,80,101,21,95.11111111,12.00833044,10.0,17.36,7.36,15.36444444,4.094462114,0.02658,235.0,234.97342,59.46216444,124.059398,90.2,3173.0,3082.8,1075.466667,1988.294065,54.8,1687.0,1632.2,515.1411111,971.2994236,35.4,1858.53,6.06437,3.96241,6.06437,2.14252,2.14252,3.96241,6.06437,6.06437,6.06437,2,1,1,1342.57,1.77261,177.567,1322.58,746.123,0.0,0.0,0.0,105.795,0.0788,0.0444542,0.0,0.0,0.0,0.0,0.333333333,0.0,0.555555556,0.0,0.0,0.0,0.111111111,0.0,0.0,0,0.0,0,0.0,0,0.0,0,0.0,0.0,0,0,0.0,0,0,0,0,0,0,0
LAU,8,14,6,9.888888889,3.820994635,1.52,2.1,0.58,1.684444444,0.345919066,80,101,21,95.11111111,12.00833044,10.0,17.36,7.36,15.36444444,4.094462114,0.02658,235.0,234.97342,59.46216444,124.059398,90.2,3173.0,3082.8,1075.466667,1988.294065,54.8,1687.0,1632.2,515.1411111,971.2994236,35.4,1858.53,6.04413,3.95251,6.04413,1.44444,1.69239,3.95251,6.04413,5.72661,6.04413,2,1,1,1338.27,1.7783,179.941,1344.57,756.099,0.0,0.0,0.0,105.322,0.0787,0.0442557,0.0,0.0,0.0,0.0,0.333333333,0.0,0.555555556,0.0,0.0,0.0,0.111111111,0.0,0.0,0,0.0,0,0.0,0,0.0,0,0.0,0.0,0,0,0.0,0,0,0,0,0,0,0
LAU,8,14,6,9.888888889,3.820994635,1.52,2.1,0.58,1.684444444,0.345919066,80,101,21,95.11111111,12.00833044,10.0,17.36,7.36,15.36444444,4.094462114,0.02658,235.0,234.97342,59.46216444,124.059398,90.2,3173.0,3082.8,1075.466667,1988.294065,54.8,1687.0,1632.2,515.1411111,971.2994236,35.4,1858.53,5.99001,3.966,5.99001,2.12475,2.12475,3.966,5.99001,5.99001,5.99001,2,1,1,1329.23,1.7904,173.279,1303.61,728.107,0.0,0.0,0.0,103.148,0.0776,0.0433422,0.0,0.0,0.0,0.0,0.333333333,0.0,0.555555556,0.0,0.0,0.0,0.111111111,0.0,0.0,0,0.0,0,0.0,0,0.0,0,0.0,0.0,0,0,0.0,0,0,0,0,0,0,0
LAU,8,14,6,9.888888889,3.820994635,1.52,2.1,0.58,1.684444444,0.345919066,80,101,21,95.11111111,12.00833044,10.0,17.36,7.36,15.36444444,4.094462114,0.02658,235.0,234.97342,59.46216444,124.059398,90.2,3173.0,3082.8,1075.466667,1988.294065,54.8,1687.0,1632.2,515.1411111,971.2994236,35.4,1858.53,5.95755,3.94284,5.95755,2.10806,2.10806,3.94284,5.95755,5.95755,5.95755,2,1,1,1316.31,1.80797,170.499,1295.28,716.427,0.0,0.0,0.0,100.829,0.0766,0.0423679,0.0,0.0,0.0,0.0,0.333333333,0.0,0.555555556,0.0,0.0,0.0,0.111111111,0.0,0.0,0,0.0,0,0.0,0,0.0,0,0.0,0.0,0,0,0.0,0,0,0,0,0,0,0
LAU,8,14,6,9.888888889,3.820994635,1.52,2.1,0.58,1.684444444,0.345919066,80,101,21,95.11111111,12.00833044,10.0,17.36,7.36,15.36444444,4.094462114,0.02658,235.0,234.97342,59.46216444,124.059398,90.2,3173.0,3082.8,1075.466667,1988.294065,54.8,1687.0,1632.2,515.1411111,971.2994236,35.4,1858.53,5.93143,3.91445,5.93143,2.09631,2.09631,3.91445,5.93143,5.707,5.93143,2,1,1,1310.76,1.81563,169.002,1289.34,710.134,0.0,0.0,0.0,99.6179,0.076,0.0418588,0.0,0.0,0.0,0.0,0.333333333,0.0,0.555555556,0.0,0.0,0.0,0.111111111,0.0,0.0,0,0.0,0,0.0,0,0.0,0,0.0,0.0,0,0,0.0,0,0,0,0,0,0,0
LAU,8,14,6,9.888888889,3.820994635,1.52,2.1,0.58,1.684444444,0.345919066,80,101,21,95.11111111,12.00833044,10.0,17.36,7.36,15.36444444,4.094462114,0.02658,235.0,234.97342,59.46216444,124.059398,90.2,3173.0,3082.8,1075.466667,1988.294065,54.8,1687.0,1632.2,515.1411111,971.2994236,35.4,1858.53,5.7538,3.81892,5.7538,2.00783,2.00783,3.81892,5.7538,5.7538,5.7538,2,1,1,1224.81,1.94304,150.38,1227.78,631.888,0.0,0.0,0.0,81.2051,0.0663,0.0341219,0.0,0.0,0.0,0.0,0.333333333,0.0,0.555555556,0.0,0.0,0.0,0.111111111,0.0,0.0,0,0.0,0,0.0,0,0.0,0,0.0,0.0,0,0,0.0,0,0,0,0,0,0,0
LAU,8,14,6,9.888888889,3.820994635,1.52,2.1,0.58,1.684444444,0.345919066,80,101,21,95.11111111,12.00833044,10.0,17.36,7.36,15.36444444,4.094462114,0.02658,235.0,234.97342,59.46216444,124.059398,90.2,3173.0,3082.8,1075.466667,1988.294065,54.8,1687.0,1632.2,515.1411111,971.2994236,35.4,1858.53,5.78289,3.84413,5.78289,2.00999,2.00999,3.84413,5.78289,5.78289,5.78289,2,1,1,1263.65,1.88333,159.149,1259.45,668.735,0.0,0.0,0.0,91.1088,0.0721,0.0382833,0.0,0.0,0.0,0.0,0.333333333,0.0,0.555555556,0.0,0.0,0.0,0.111111111,0.0,0.0,0,0.0,0,0.0,0,0.0,0,0.0,0.0,0,0,0.0,0,0,0,0,0,0,0
LAU,8,14,6,9.888888889,3.820994635,1.52,2.1,0.58,1.684444444,0.345919066,80,101,21,95.11111111,12.00833044,10.0,17.36,7.36,15.36444444,4.094462114,0.02658,235.0,234.97342,59.46216444,124.059398,90.2,3173.0,3082.8,1075.466667,1988.294065,54.8,1687.0,1632.2,515.1411111,971.2994236,35.4,1858.53,5.70999,3.72455,5.70999,1.85539,1.85539,3.72455,5.70999,5.65416,5.70999,2,1,1,1245.91,1.91013,155.834,1250.76,654.804,0.0,0.0,0.0,87.9614,0.0706,0.0369608,0.0,0.0,0.0,0.0,0.333333333,0.0,0.555555556,0.0,0.0,0.0,0.111111111,0.0,0.0,0,0.0,0,0.0,0,0.0,0,0.0,0.0,0,0,0.0,0,0,0,0,0,0,0
LAU,8,14,6,9.888888889,3.820994635,1.52,2.1,0.58,1.684444444,0.345919066,80,101,21,95.11111111,12.00833044,10.0,17.36,7.36,15.36444444,4.094462114,0.02658,235.0,234.97342,59.46216444,124.059398,90.2,3173.0,3082.8,1075.466667,1988.294065,54.8,1687.0,1632.2,515.1411111,971.2994236,35.4,1858.53,5.68093,3.72261,5.68093,1.80607,1.80607,3.72261,5.68093,5.68093,5.68093,2,1,1,1237.22,1.92355,153.79,1243.02,646.213,0.0,0.0,0.0,85.8633,0.0694,0.0360792,0.0,0.0,0.0,0.0,0.333333333,0.0,0.555555556,0.0,0.0,0.0,0.111111111,0.0,0.0,0,0.0,0,0.0,0,0.0,0,0.0,0.0,0,0,0.0,0,0,0,0,0,0,0
LAU,8,14,6,9.888888889,3.820994635,1.52,2.1,0.58,1.684444444,0.345919066,80,101,21,95.11111111,12.00833044,10.0,17.36,7.36,15.36444444,4.094462114,0.02658,235.0,234.97342,59.46216444,124.059398,90.2,3173.0,3082.8,1075.466667,1988.294065,54.8,1687.0,1632.2,515.1411111,971.2994236,35.4,1858.53,5.57837,3.61657,5.57837,1.65065,1.65065,3.61657,5.57837,5.57837,5.57837,2,1,1,1212.21,1.96323,147.847,1219.64,621.242,0.0,0.0,0.0,77.9454,0.0643,0.0327521,0.0,0.0,0.0,0.0,0.333333333,0.0,0.555555556,0.0,0.0,0.0,0.111111111,0.0,0.0,0,0.0,0,0.0,0,0.0,0,0.0,0.0,0,0,0.0,0,0,0,0,0,0,0
LAU,8,14,6,9.888888889,3.820994635,1.52,2.1,0.58,1.684444444,0.345919066,80,101,21,95.11111111,12.00833044,10.0,17.36,7.36,15.36444444,4.094462114,0.02658,235.0,234.97342,59.46216444,124.059398,90.2,3173.0,3082.8,1075.466667,1988.294065,54.8,1687.0,1632.2,515.1411111,971.2994236,35.4,1858.53,5.55944,3.59503,5.55944,1.62066,1.62066,3.59503,5.55944,5.54572,5.55944,2,1,1,1205.31,1.97448,147.084,1220.3,618.038,0.0,0.0,0.0,77.1397,0.064,0.0324136,0.0,0.0,0.0,0.0,0.333333333,0.0,0.555555556,0.0,0.0,0.0,0.111111111,0.0,0.0,0,0.0,0,0.0,0,0.0,0,0.0,0.0,0,0,0.0,0,0,0,0,0,0,0
LAU,8,14,6,9.888888889,3.820994635,1.52,2.1,0.58,1.684444444,0.345919066,80,101,21,95.11111111,12.00833044,10.0,17.36,7.36,15.36444444,4.094462114,0.02658,235.0,234.97342,59.46216444,124.059398,90.2,3173.0,3082.8,1075.466667,1988.294065,54.8,1687.0,1632.2,515.1411111,971.2994236,35.4,1858.53,5.49792,3.53822,5.49792,1.53627,1.53627,3.53822,5.49792,5.48792,5.49792,2,1,1,1187.87,2.00346,142.874,1202.78,600.348,0.0,0.0,0.0,72.8166,0.0613,0.030597,0.0,0.0,0.0,0.0,0.333333333,0.0,0.555555556,0.0,0.0,0.0,0.111111111,0.0,0.0,0,0.0,0,0.0,0,0.0,0,0.0,0.0,0,0,0.0,0,0,0,0,0,0,0
LAU,8,14,6,9.888888889,3.820994635,1.52,2.1,0.58,1.684444444,0.345919066,80,101,21,95.11111111,12.00833044,10.0,17.36,7.36,15.36444444,4.094462114,0.02658,235.0,234.97342,59.46216444,124.059398,90.2,3173.0,3082.8,1075.466667,1988.294065,54.8,1687.0,1632.2,515.1411111,971.2994236,35.4,1858.53,5.40917,3.41319,5.40917,1.5001,1.5001,3.41319,5.40917,5.40917,5.40917,2,1,1,1160.56,2.0506,133.029,1146.24,558.977,0.0,0.0,0.0,63.3668,0.0546,0.0266263,0.0,0.0,0.0,0.0,0.333333333,0.0,0.555555556,0.0,0.0,0.0,0.111111111,0.0,0.0,0,0.0,0,0.0,0,0.0,0,0.0,0.0,0,0,0.0,0,0,0,0,0,0,0
LAU,8,14,6,9.888888889,3.820994635,1.52,2.1,0.58,1.684444444,0.345919066,80,101,21,95.11111111,12.00833044,10.0,17.36,7.36,15.36444444,4.094462114,0.02658,235.0,234.97342,59.46216444,124.059398,90.2,3173.0,3082.8,1075.466667,1988.294065,54.8,1687.0,1632.2,515.1411111,971.2994236,35.4,1858.53,6.18324,4.30923,6.18324,2.27411,2.27411,4.30923,6.18324,5.83706,6.18324,2,1,1,1394.36,1.70677,200.993,1441.47,844.56,0.0,0.0,0.0,125.911,0.0903,0.0529069,0.0,0.0,0.0,0.0,0.333333333,0.0,0.555555556,0.0,0.0,0.0,0.111111111,0.0,0.0,0,0.0,0,0.0,0,0.0,0,0.0,0.0,0,0,0.0,0,0,0,0,0,0,0
LAU,8,14,6,9.888888889,3.820994635,1.52,2.1,0.58,1.684444444,0.345919066,80,101,21,95.11111111,12.00833044,10.0,17.36,7.36,15.36444444,4.094462114,0.02658,235.0,234.97342,59.46216444,124.059398,90.2,3173.0,3082.8,1075.466667,1988.294065,54.8,1687.0,1632.2,515.1411111,971.2994236,35.4,1858.53,5.99719,4.18402,5.99719,2.17344,2.17344,4.18402,5.99719,5.99719,5.99719,2,1,1,1333.73,1.78436,181.472,1360.63,762.531,0.0,0.0,0.0,109.099,0.0818,0.0458428,0.0,0.0,0.0,0.0,0.333333333,0.0,0.555555556,0.0,0.0,0.0,0.111111111,0.0,0.0,0,0.0,0,0.0,0,0.0,0,0.0,0.0,0,0,0.0,0,0,0,0,0,0,0
LAU,8,14,6,9.888888889,3.820994635,1.52,2.1,0.58,1.684444444,0.345919066,80,101,21,95.11111111,12.00833044,10.0,17.36,7.36,15.36444444,4.094462114,0.02658,235.0,234.97342,59.46216444,124.059398,90.2,3173.0,3082.8,1075.466667,1988.294065,54.8,1687.0,1632.2,515.1411111,971.2994236,35.4,1858.53,6.01455,4.23613,6.01455,2.19,2.19,4.23613,6.01455,6.01455,6.01455,2,1,1,1339.53,1.77664,183.021,1366.32,769.044,0.0,0.0,0.0,109.573,0.0818,0.0460419,0.0,0.0,0.0,0.0,0.333333333,0.0,0.555555556,0.0,0.0,0.0,0.111111111,0.0,0.0,0,0.0,0,0.0,0,0.0,0,0.0,0.0,0,0,0.0,0,0,0,0,0,0,0
LAU,8,14,6,9.888888889,3.820994635,1.52,2.1,0.58,1.684444444,0.345919066,80,101,21,95.11111111,12.00833044,10.0,17.36,7.36,15.36444444,4.094462114,0.02658,235.0,234.97342,59.46216444,124.059398,90.2,3173.0,3082.8,1075.466667,1988.294065,54.8,1687.0,1632.2,515.1411111,971.2994236,35.4,1858.53,6.07837,4.27948,6.07837,2.20474,2.20474,4.27948,6.07837,6.07837,6.07837,2,1,1,1347.0,1.76678,185.679,1378.46,780.208,0.0,0.0,0.0,113.418,0.0842,0.0476573,0.0,0.0,0.0,0.0,0.333333333,0.0,0.555555556,0.0,0.0,0.0,0.111111111,0.0,0.0,0,0.0,0,0.0,0,0.0,0,0.0,0.0,0,0,0.0,0,0,0,0,0,0,0
MFI,8,14,6,10.0,4.242640687,1.52,2.1,0.58,1.713333333,0.410121933,85,101,16,95.66666667,11.3137085,12.06,17.36,5.3,15.59333333,3.74766594,0.02658,150.0,149.97342,50.01772,106.0472223,90.2,3173.0,3082.8,1117.8,2179.868785,54.8,1687.0,1632.2,598.8666667,1154.139688,35.4,1486.0,6.44487,5.0168,6.44487,5.0168,4.40639,4.40639,6.44487,6.44487,6.44487,1,3,3,5206.97,1.83947,788.389,1514.1,823.117,0.0,0.0,0.0,529.549,0.1017,0.0552875,0.0,0.0,0.0,0.0,0.03846153,0.423,0.308,0.0,0.0,0.0,0.23076,0.0,0.0,0,0.0,0,0.0,0,0.0,0,0.0,0.0,0,0,0.0,0,0,0,0,0,0,2
MFI,8,14,6,10.0,4.242640687,1.52,2.1,0.58,1.713333333,0.410121933,85,101,16,95.66666667,11.3137085,12.06,17.36,5.3,15.59333333,3.74766594,0.02658,150.0,149.97342,50.01772,106.0472223,90.2,3173.0,3082.8,1117.8,2179.868785,54.8,1687.0,1632.2,598.8666667,1154.139688,35.4,1486.0,6.71537,5.17927,6.71536,5.17927,4.85445,4.85445,6.71536,6.40716,6.65595,1,3,3,5384.09,1.77896,816.529,1516.56,852.496,0.0,0.0,0.0,583.636,0.1084,0.0609344,0.0,0.0,0.0,0.0,0.03846153,0.423,0.308,0.0,0.0,0.0,0.23076,0.0,0.0,0,0.0,0,0.0,0,0.0,0,0.0,0.0,0,0,0.0,0,0,0,0,0,0,2
MFI,8,14,6,10.0,4.242640687,1.52,2.1,0.58,1.713333333,0.410121933,85,101,16,95.66666667,11.3137085,12.06,17.36,5.3,15.59333333,3.74766594,0.02658,150.0,149.97342,50.01772,106.0472223,90.2,3173.0,3082.8,1117.8,2179.868785,54.8,1687.0,1632.2,598.8666667,1154.139688,35.4,1486.0,6.82227,5.16107,6.77233,5.16107,5.01148,5.01148,6.77233,6.82227,6.77232,1,3,3,5374.57,1.78211,809.143,1505.5,844.785,0.0,0.0,0.0,583.678,0.1086,0.0609388,0.0,0.0,0.0,0.0,0.03846153,0.423,0.308,0.0,0.0,0.0,0.23076,0.0,0.0,0,0.0,0,0.0,0,0.0,0,0.0,0.0,0,0,0.0,0,0,0,0,0,0,2
MFI,8,14,6,10.0,4.242640687,1.52,2.1,0.58,1.713333333,0.410121933,85,101,16,95.66666667,11.3137085,12.06,17.36,5.3,15.59333333,3.74766594,0.02658,150.0,149.97342,50.01772,106.0472223,90.2,3173.0,3082.8,1117.8,2179.868785,54.8,1687.0,1632.2,598.8666667,1154.139688,35.4,1486.0,6.76628,5.11927,6.69985,5.11927,4.9601,4.9601,6.69985,5.82315,6.69985,1,3,3,5331.78,1.79642,803.161,1506.37,838.539,0.0,0.0,0.0,571.567,0.1072,0.0596744,0.0,0.0,0.0,0.0,0.03846153,0.423,0.308,0.0,0.0,0.0,0.23076,0.0,0.0,0,0.0,0,0.0,0,0.0,0,0.0,0.0,0,0,0.0,0,0,0,0,0,0,2
MFI,8,14,6,10.0,4.242640687,1.52,2.1,0.58,1.713333333,0.410121933,85,101,16,95.66666667,11.3137085,12.06,17.36,5.3,15.59333333,3.74766594,0.02658,150.0,149.97342,50.01772,106.0472223,90.2,3173.0,3082.8,1117.8,2179.868785,54.8,1687.0,1632.2,598.8666667,1154.139688,35.4,1486.0,6.87209,5.16474,6.69107,5.16474,5.15412,5.15412,6.69107,5.86626,6.87209,1,3,3,5394.39,1.77557,812.205,1505.65,847.982,0.0,0.0,0.0,594.462,0.1102,0.0620647,0.0,0.0,0.0,0.0,0.03846153,0.423,0.308,0.0,0.0,0.0,0.23076,0.0,0.0,0,0.0,0,0.0,0,0.0,0,0.0,0.0,0,0,0.0,0,0,0,0,0,0,2
JSY,8,15,7,10.0,4.082482905,1.52,1.84,0.32,1.62,0.200665559,80,101,21,95.66666667,11.4212278,10.0,17.36,7.36,16.07666667,3.847229884,0.02658,235.0,234.97342,39.22372,123.8198386,90.2,2792.0,2701.8,617.1333333,1395.849425,54.8,933.47,878.67,244.995,456.0418076,35.4,1858.53,6.03788,2.21788,6.03788,2.21788,2.21788,2.11892,6.03788,6.03788,6.03336,0,0,0,3530.61,1.72072,0.0,0.0,0.0,582.628,1650.22,959.03,0.0,0.0,0.0,305.398,0.0865,0.0502697,0.0,0.444444444,0.0,0.444444444,0.0,0.111111111,0.0,0.0,0.0,0.0,0,0.0,0,0.0,0,0.0,0,0.0,0.0,0,0,0.0,0,0,0,0,0,0,4
JSY,8,15,7,10.0,4.082482905,1.52,1.84,0.32,1.62,0.200665559,80,101,21,95.66666667,11.4212278,10.0,17.36,7.36,16.07666667,3.847229884,0.02658,235.0,234.97342,39.22372,123.8198386,90.2,2792.0,2701.8,617.1333333,1395.849425,54.8,933.47,878.67,244.995,456.0418076,35.4,1858.53,6.9565,3.23673,6.9565,3.23673,3.23673,3.23673,6.9565,6.9565,6.9565,1,3,3,3770.05,1.61143,746.758,1980.76,1229.19,10.0928,26.7709,16.6131,560.984,0.1488,0.0923403,0.754011,0.0002,0.000124113,0.0,0.444444444,0.0,0.444444444,0.0,0.111111111,0.0,0.0,0.0,0.0,0,0.0,0,0.0,0,0.0,0,0.0,0.0,0,0,0.0,0,0,0,0,0,0,4
BCT,8,33,25,13.0,17.67766953,1.52,1.85,0.33,1.586,0.233345238,89,101,12,98.6,8.485281374,12.95,17.36,4.41,16.478,3.118340905,0.02658,50.0,49.97342,10.021264,35.33654416,90.2,887.0,796.8,249.56,563.4226832,54.8,1090.0,1035.2,261.84,731.9969399,35.4,203.0,3.04813,2.50077,3.04813,2.50077,2.50077,1.51847,3.04813,3.04813,2.97427,0,0,0,902.82,2.04407,0.0,0.0,0.0,30.737,340.456,166.558,0.0,0.0,0.0,1.53479,0.0017,0.000831673,0.0,0.333333333,0.0,0.333333333,0.0,0.333333333,0.0,0.0,0.0,0.0,0,0.0,0,0.0,0,0.0,0,0.0,0.0,0,0,0.0,0,0,0,0,0,0,6
BCT,8,15,7,9.4,4.949747468,1.52,1.8,0.28,1.576,0.197989899,90,101,11,98.8,7.778174593,17.02,17.36,0.34,17.292,0.240416306,0.02658,0.236,0.20942,0.068464,0.148082302,90.2,550.0,459.8,182.16,325.127698,54.8,317.3,262.5,107.3,185.6155301,35.4,232.7,3.21055,2.6554,3.21055,2.6554,2.6554,1.48579,3.21055,3.21055,3.21055,0,0,0,944.14,1.33625,0.0,0.0,0.0,49.0309,519.318,388.637,0.0,0.0,0.0,4.7207,0.005,0.0037418,0.0,0.333333333,0.0,0.333333333,0.0,0.333333333,0.0,0.0,0.0,0.0,0,0.0,0,0.0,0,0.0,0,0.0,0.0,0,0,0.0,0,0,0,0,0,0,7
MFI,8,14,6,10.0,4.242640687,1.52,2.1,0.58,1.713333333,0.410121933,85,101,16,95.66666667,11.3137085,12.06,17.36,5.3,15.59333333,3.74766594,0.02658,150.0,149.97342,50.01772,106.0472223,90.2,3173.0,3082.8,1117.8,2179.868785,54.8,1687.0,1632.2,598.8666667,1154.139688,35.4,1486.0,6.74725,5.23148,6.74725,5.23148,5.09907,5.09907,6.74725,5.70452,6.74725,1,3,3,5332.02,1.79633,793.077,1487.38,828.012,0.0,0.0,0.0,575.859,0.108,0.0601225,0.0,0.0,0.0,0.0,0.03846153,0.423,0.308,0.0,0.0,0.0,0.23076,0.0,0.0,0,0.0,0,0.0,0,0.0,0,0.0,0.0,0,0,0.0,0,0,0,0,0,0,2
MFI,8,14,6,10.0,4.242640687,1.52,2.1,0.58,1.713333333,0.410121933,85,101,16,95.66666667,11.3137085,12.06,17.36,5.3,15.59333333,3.74766594,0.02658,150.0,149.97342,50.01772,106.0472223,90.2,3173.0,3082.8,1117.8,2179.868785,54.8,1687.0,1632.2,598.8666667,1154.139688,35.4,1486.0,6.80773,5.18508,6.63602,5.15714,5.18508,5.15714,6.67339,6.63602,6.80773,1,3,3,5332.02,1.79633,795.0,1490.99,830.019,0.0,0.0,0.0,575.859,0.108,0.0601225,0.0,0.0,0.0,0.0,0.03846153,0.423,0.308,0.0,0.0,0.0,0.23076,0.0,0.0,0,0.0,0,0.0,0,0.0,0,0.0,0.0,0,0,0.0,0,0,0,0,0,0,2
DOH,8,14,6,10.0,4.242640687,1.52,2.1,0.58,1.713333333,0.410121933,85,101,16,95.66666667,11.3137085,12.06,17.36,5.3,15.59333333,3.74766594,0.02658,150.0,149.97342,50.01772,106.0472223,90.2,3173.0,3082.8,1117.8,2179.868785,54.8,1687.0,1632.2,598.8666667,1154.139688,35.4,1486.0,7.50034,2.44374,7.50034,2.32945,2.32945,2.44374,7.50034,7.50034,7.50034,0,0,0,1888.0,1.79674,0.0,0.0,0.0,291.772,1545.4,860.117,0.0,0.0,0.0,177.283,0.0939,0.0522614,0.0,0.166666667,0.5,0.333333333,0.0,0.0,0.0,0.0,0.0,0.0,0,0.0,0,0.0,0,0.0,0,0.0,0.0,0,0,0.0,0,0,0,0,0,0,1
LEV,8,14,6,10.0,4.242640687,1.52,2.1,0.58,1.713333333,0.410121933,85,101,16,95.66666667,11.3137085,12.06,17.36,5.3,15.59333333,3.74766594,0.02658,150.0,149.97342,50.01772,106.0472223,90.2,3173.0,3082.8,1117.8,2179.868785,54.8,1687.0,1632.2,598.8666667,1154.139688,35.4,1486.0,7.20202,3.78788,7.20202,3.78788,3.78788,2.44661,7.20202,6.64038,7.20202,3,2,2,3522.1,1.52968,676.98,1922.09,1256.53,0.976231,2.77173,1.81197,492.741,0.1399,0.0914571,0.704419,0.0002,0.000130746,0.0,0.333333333,0.0,0.5,0.0,0.166666667,0.0,0.0,0.0,0.0,0,0.0,0,0.0,0,0.0,0,0.0,0.0,0,0,0.0,0,0,0,0,0,0,2
ERI,8,14,6,10.0,4.242640687,1.52,2.1,0.58,1.713333333,0.410121933,85,101,16,95.66666667,11.3137085,12.06,17.36,5.3,15.59333333,3.74766594,0.02658,150.0,149.97342,50.01772,106.0472223,90.2,3173.0,3082.8,1117.8,2179.868785,54.8,1687.0,1632.2,598.8666667,1154.139688,35.4,1486.0,7.26015,3.54508,7.19782,3.54508,3.54508,3.54508,7.19782,7.26015,7.26015,1,3,3,2327.17,1.54341,424.571,1824.41,1182.06,5.95425,25.5858,16.5774,354.893,0.1525,0.0988069,0.465434,0.0002,0.000129583,0.0,0.333333333,0.0,0.5,0.0,0.166666667,0.0,0.0,0.0,0.0,0,0.0,0,0.0,0,0.0,0,0.0,0.0,0,0,0.0,0,0,0,0,0,0,2
LEV,8,14,6,10.0,4.242640687,1.52,2.1,0.58,1.713333333,0.410121933,85,101,16,95.66666667,11.3137085,12.06,17.36,5.3,15.59333333,3.74766594,0.02658,150.0,149.97342,50.01772,106.0472223,90.2,3173.0,3082.8,1117.8,2179.868785,54.8,1687.0,1632.2,598.8666667,1154.139688,35.4,1486.0,7.18204,3.70694,7.18204,3.70694,3.70694,2.53072,7.18204,7.18204,7.18204,3,2,2,3507.75,1.53594,669.682,1909.15,1242.99,1.12912,3.21894,2.09575,484.771,0.1382,0.0899778,0.70155,0.0002,0.000130214,0.0,0.333333333,0.0,0.5,0.0,0.166666667,0.0,0.0,0.0,0.0,0,0.0,0,0.0,0,0.0,0,0.0,0.0,0,0,0.0,0,0,0,0,0,0,2
JBW,8,14,6,9.833333333,3.689323937,1.52,2.1,0.58,1.67,0.31822424,80,101,21,94.83333333,12.50111106,10.0,17.36,7.36,15.25,4.302983461,0.02658,235.0,234.97342,64.18438667,132.9250288,90.2,3173.0,3082.8,1054.3,1934.463424,54.8,1687.0,1632.2,473.2783333,891.7012048,35.4,1858.53,4.14163,3.56111,4.14163,1.61289,1.49162,3.56111,4.14163,4.06745,4.14163,2,1,1,637.026,1.86219,67.9174,1066.16,572.532,0.0,0.0,0.0,18.9197,0.0297,0.015949,0.0,0.0,0.0,0.0,0.25,0.0,0.5,0.0,0.25,0.0,0.0,0.0,0.0,0,0.0,0,0.0,0,0.0,0,0.0,0.0,0,0,0.0,0,0,0,0,0,0,0
JBW,8,14,6,9.833333333,3.689323937,1.52,2.1,0.58,1.67,0.31822424,80,101,21,94.83333333,12.50111106,10.0,17.36,7.36,15.25,4.302983461,0.02658,235.0,234.97342,64.18438667,132.9250288,90.2,3173.0,3082.8,1054.3,1934.463424,54.8,1687.0,1632.2,473.2783333,891.7012048,35.4,1858.53,3.63125,2.81731,3.63125,1.38041,2.81731,1.57845,3.62297,3.63125,3.63125,2,1,1,621.597,1.90841,48.3006,777.041,407.166,0.0,0.0,0.0,8.08076,0.013,0.00681195,0.0,0.0,0.0,0.0,0.25,0.0,0.5,0.0,0.25,0.0,0.0,0.0,0.0,0,0.0,0,0.0,0,0.0,0,0.0,0.0,0,0,0.0,0,0,0,0,0,0,0
PTO,8,14,6,10.0,4.242640687,1.52,2.1,0.58,1.713333333,0.410121933,85,101,16,95.66666667,11.3137085,12.06,17.36,5.3,15.59333333,3.74766594,0.02658,150.0,149.97342,50.01772,106.0472223,90.2,3173.0,3082.8,1117.8,2179.868785,54.8,1687.0,1632.2,598.8666667,1154.139688,35.4,1486.0,5.33656,3.8667,5.33656,1.80628,3.8667,3.8667,5.33656,5.33656,5.33656,1,2,2,2669.04,1.7943,408.272,1529.66,852.513,1.38268,5.18043,2.88716,254.092,0.0952,0.053057,0.266904,0.0001,5.57e-05,0.0,0.1875,0.5,0.1875,0.0625,0.0,0.0625,0.0,0.0,0.0,0,0.0,0,0.0,0,0.0,0,0.0,0.0,0,0,0.0,0,0,0,0,0,0,2
MFI,8,14,6,10.0,4.242640687,1.52,2.1,0.58,1.713333333,0.410121933,85,101,16,95.66666667,11.3137085,12.06,17.36,5.3,15.59333333,3.74766594,0.02658,150.0,149.97342,50.01772,106.0472223,90.2,3173.0,3082.8,1117.8,2179.868785,54.8,1687.0,1632.2,598.8666667,1154.139688,35.4,1486.0,6.73305,5.16539,6.71192,5.09665,5.16539,5.09665,6.73305,6.71192,6.73305,1,3,3,5358.66,1.7874,793.587,1480.94,828.544,0.0,0.0,0.0,557.837,0.1041,0.0582409,0.0,0.0,0.0,0.0,0.03846153,0.423,0.308,0.0,0.0,0.0,0.23076,0.0,0.0,0,0.0,0,0.0,0,0.0,0,0.0,0.0,0,0,0.0,0,0,0,0,0,0,2
MFI,8,14,6,10.0,4.242640687,1.52,2.1,0.58,1.713333333,0.410121933,85,101,16,95.66666667,11.3137085,12.06,17.36,5.3,15.59333333,3.74766594,0.02658,150.0,149.97342,50.01772,106.0472223,90.2,3173.0,3082.8,1117.8,2179.868785,54.8,1687.0,1632.2,598.8666667,1154.139688,35.4,1486.0,6.73333,5.15599,6.69843,5.08912,5.15599,5.08912,6.73333,6.69843,6.73333,1,3,3,5358.16,1.78757,793.233,1480.42,828.174,0.0,0.0,0.0,556.712,0.1039,0.0581235,0.0,0.0,0.0,0.0,0.03846153,0.423,0.308,0.0,0.0,0.0,0.23076,0.0,0.0,0,0.0,0,0.0,0,0.0,0,0.0,0.0,0,0,0.0,0,0,0,0,0,0,2
LEV,8,14,6,10.0,4.242640687,1.52,2.1,0.58,1.713333333,0.410121933,85,101,16,95.66666667,11.3137085,12.06,17.36,5.3,15.59333333,3.74766594,0.02658,150.0,149.97342,50.01772,106.0472223,90.2,3173.0,3082.8,1117.8,2179.868785,54.8,1687.0,1632.2,598.8666667,1154.139688,35.4,1486.0,7.17671,3.72067,6.73888,3.72067,3.72067,2.41323,6.78278,6.73888,7.17671,3,2,2,3501.69,1.53859,669.547,1912.07,1242.74,0.905008,2.58448,1.67977,483.584,0.1381,0.0897574,0.350169,0.0001,6.5e-05,0.0,0.333333333,0.0,0.5,0.0,0.166666667,0.0,0.0,0.0,0.0,0,0.0,0,0.0,0,0.0,0,0.0,0.0,0,0,0.0,0,0,0,0,0,0,2
LEV,8,14,6,10.0,4.242640687,1.52,2.1,0.58,1.713333333,0.410121933,85,101,16,95.66666667,11.3137085,12.06,17.36,5.3,15.59333333,3.74766594,0.02658,150.0,149.97342,50.01772,106.0472223,90.2,3173.0,3082.8,1117.8,2179.868785,54.8,1687.0,1632.2,598.8666667,1154.139688,35.4,1486.0,7.18929,3.43997,7.14461,3.43997,3.43997,2.40596,7.18929,7.14461,7.18929,3,2,2,3503.47,1.53781,673.023,1921.02,1249.19,1.02181,2.91658,1.89657,476.472,0.136,0.0884373,0.700694,0.0002,0.000130055,0.0,0.333333333,0.0,0.5,0.0,0.166666667,0.0,0.0,0.0,0.0,0,0.0,0,0.0,0,0.0,0,0.0,0.0,0,0,0.0,0,0,0,0,0,0,2
UOZ,8,32,24,16.0,16.97056275,1.52,2.11,0.59,1.716666667,0.417193001,84,101,17,95.33333333,12.02081528,13.63,17.36,3.73,16.11666667,2.637508294,0.02658,60.0,59.97342,20.01772,42.40761197,90.2,3093.0,3002.8,1091.133333,2123.300243,54.8,1211.4,1156.6,440.3333333,817.8397031,35.4,1881.6,5.50061,1.84121,5.45629,1.84121,1.84121,1.57212,5.45629,5.45629,5.50061,0,0,0,2396.26,2.89961,0.0,0.0,0.0,359.507,1500.29,517.409,0.0,0.0,0.0,207.995,0.0868,0.029935,0.0,0.5,0.0,0.5,0.0,0.0,0.0,0.0,0.0,0.0,0,0.0,0,0.0,0,0.0,0,0.0,0.0,0,0,0.0,0,0,0,0,0,0,6
EDI,8,14,6,9.866666667,3.763072453,1.52,2.1,0.58,1.678666667,0.334685353,80,101,21,95.0,12.19265001,10.0,17.36,7.36,15.31866667,4.17427667,0.02658,235.0,234.97342,61.35105333,127.5581437,90.2,3173.0,3082.8,1067.0,1963.904425,54.8,1687.0,1632.2,498.396,939.0837544,35.4,1858.53,4.8575,2.93856,4.8575,2.93856,2.93856,2.23498,4.8575,4.8575,4.83619,1,2,2,598.685,1.65427,103.087,1721.9,1040.88,0.0,0.0,0.0,27.1204,0.0453,0.0273837,0.0,0.0,0.0,0.0,0.5,0.0,0.0,0.0,0.5,0.0,0.0,0.0,0.0,0,0.0,0,0.0,0,0.0,0,0.0,0.0,0,0,0.0,0,0,0,0,0,0,0
RRO,8,14,6,10.0,4.242640687,1.52,2.1,0.58,1.713333333,0.410121933,85,101,16,95.66666667,11.3137085,12.06,17.36,5.3,15.59333333,3.74766594,0.02658,150.0,149.97342,50.01772,106.0472223,90.2,3173.0,3082.8,1117.8,2179.868785,54.8,1687.0,1632.2,598.8666667,1154.139688,35.4,1486.0,4.54202,4.16307,4.54202,4.16307,1.42951,2.75873,4.54202,4.41848,4.54202,2,1,1,1000.9,1.79428,187.29,1871.22,1042.88,0.0,0.0,0.0,73.1657,0.0731,0.0407406,0.0,0.0,0.0,0.0,0.222222222,0.333333333,0.0,0.0,0.111111111,0.0,0.333333333,0.0,0.0,0,0.0,0,0.0,0,0.0,0,0.0,0.0,0,0,0.0,0,0,0,0,0,0,2
BEA,8,14,6,10.0,4.242640687,1.52,2.1,0.58,1.713333333,0.410121933,85,101,16,95.66666667,11.3137085,12.06,17.36,5.3,15.59333333,3.74766594,0.02658,150.0,149.97342,50.01772,106.0472223,90.2,3173.0,3082.8,1117.8,2179.868785,54.8,1687.0,1632.2,598.8666667,1154.139688,35.4,1486.0,6.48384,5.79504,6.48384,5.63245,5.63245,5.79504,6.48384,6.48384,6.48384,1,3,3,4073.78,1.56744,744.025,1826.38,1165.2,1.0636,2.61084,1.66567,752.019,0.1846,0.117772,0.0,0.0,0.0,0.0,0.0,0.0,0.0,0.0,0.0,0.0,0.0,0.0,0.0,0,0.0,0,0.0,0,0.0,0,0.0,0.0,0,0,0.0,0,0,0,0,0,0,2
BEA,8,14,6,10.0,4.242640687,1.52,2.1,0.58,1.713333333,0.410121933,85,101,16,95.66666667,11.3137085,12.06,17.36,5.3,15.59333333,3.74766594,0.02658,150.0,149.97342,50.01772,106.0472223,90.2,3173.0,3082.8,1117.8,2179.868785,54.8,1687.0,1632.2,598.8666667,1154.139688,35.4,1486.0,6.3545,5.82534,6.3545,5.82534,5.71665,5.82534,6.3545,6.3545,6.3522,1,3,3,4076.14,1.56653,743.619,1824.32,1164.56,0.526101,1.29068,0.823913,744.711,0.1827,0.116627,0.0,0.0,0.0,0.0,0.0,0.0,0.0,0.0,0.0,0.0,0.0,0.0,0.0,0,0.0,0,0.0,0,0.0,0,0.0,0.0,0,0,0.0,0,0,0,0,0,0,2
RWR,8,14,6,10.0,4.242640687,1.52,2.1,0.58,1.713333333,0.410121933,85,101,16,95.66666667,11.3137085,12.06,17.36,5.3,15.59333333,3.74766594,0.02658,150.0,149.97342,50.01772,106.0472223,90.2,3173.0,3082.8,1117.8,2179.868785,54.8,1687.0,1632.2,598.8666667,1154.139688,35.4,1486.0,4.16383,2.99306,4.16383,2.99306,2.99306,1.77886,4.16383,4.16383,4.16383,4,1,1,1591.1,2.00659,188.421,1184.22,590.162,0.0,0.0,0.0,43.5962,0.0274,0.013655,0.0,0.0,0.0,0.0,0.2,0.2,0.4,0.0,0.2,0.0,0.0,0.0,0.0,0,0.0,0,0.0,0,0.0,0,0.0,0.0,0,0,0.0,0,0,0,0,0,0,2
MFS,8,14,6,10.0,4.242640687,1.52,2.1,0.58,1.713333333,0.410121933,85,101,16,95.66666667,11.3137085,12.06,17.36,5.3,15.59333333,3.74766594,0.02658,150.0,149.97342,50.01772,106.0472223,90.2,3173.0,3082.8,1117.8,2179.868785,54.8,1687.0,1632.2,598.8666667,1154.139688,35.4,1486.0,7.64515,4.97875,5.81057,4.97875,4.86835,1.43431,5.81057,7.64515,7.64515,2,2,1,3859.06,1.86148,526.859,1365.25,733.422,4.89065,12.6732,6.8081,462.315,0.1198,0.0643573,0.0,0.0,0.0,0.0,0.090909091,0.545454545,0.090909091,0.0,0.181818182,0.0,0.090909091,0.0,0.0,0,0.0,0,0.0,0,0.0,0,0.0,0.0,0,0,0.0,0,0,0,0,0,0,2
MFS,8,14,6,10.25806452,4.242640687,1.52,2.1,0.58,1.73827957,0.410121933,85,101,16,94.97849462,11.3137085,12.06,17.36,5.3,15.36537634,3.74766594,0.02658,150.0,149.97342,56.46818968,106.0472223,90.2,3173.0,3082.8,1250.393548,2179.868785,54.8,1687.0,1632.2,669.0688172,1154.139688,35.4,1486.0,7.54264,5.31224,7.54264,2.1984,3.39556,5.31224,6.23817,7.54264,7.54264,2,2,1,3739.05,1.69734,580.928,1553.68,915.364,5.4063,14.459,8.51867,424.008,0.1134,0.0668106,0.747809,0.0002,0.000117832,0.0,0.090909091,0.545454545,0.090909091,0.0,0.181818182,0.0,0.090909091,0.0,0.0,0,0.0,0,0.0,0,0.0,0,0.0,0.0,0,0,0.0,0,0,0,0,0,0,2
MFS,8,14,6,10.0,4.242640687,1.52,2.1,0.58,1.713333333,0.410121933,85,101,16,95.66666667,11.3137085,12.06,17.36,5.3,15.59333333,3.74766594,0.02658,150.0,149.97342,50.01772,106.0472223,90.2,3173.0,3082.8,1117.8,2179.868785,54.8,1687.0,1632.2,598.8666667,1154.139688,35.4,1486.0,8.27764,5.14871,8.27764,5.14871,1.72405,3.79622,8.27764,8.27764,8.27764,4,2,1,7843.77,1.83166,1075.18,1370.74,748.361,6.42052,8.1855,4.46889,836.93,0.1067,0.0582531,0.0,0.0,0.0,0.0,0.090909091,0.545454545,0.090909091,0.0,0.181818182,0.0,0.090909091,0.0,0.0,0,0.0,0,0.0,0,0.0,0,0.0,0.0,0,0,0.0,0,0,0,0,0,0,2
FAU,8,14,6,10.0,4.242640687,1.52,2.1,0.58,1.713333333,0.410121933,85,101,16,95.66666667,11.3137085,12.06,17.36,5.3,15.59333333,3.74766594,0.02658,150.0,149.97342,50.01772,106.0472223,90.2,3173.0,3082.8,1117.8,2179.868785,54.8,1687.0,1632.2,598.8666667,1154.139688,35.4,1486.0,11.23768,7.14338,11.23768,7.14338,7.14338,7.14338,11.23768,11.23768,11.23768,1,3,3,14264.0,1.34297,2284.85,1601.82,1192.75,353.208,247.621,184.383,3876.97,0.2718,0.202387,176.874,0.0124,0.00923327,0.0,0.4,0.0,0.4,0.0,0.0,0.0,0.0,0.0,0.2,0,0.0,0,0.0,0,0.0,0,0.0,0.0,0,0,0.0,0,0,0,0,0,0,3
FAU,8,14,6,10.0,4.242640687,1.52,2.1,0.58,1.713333333,0.410121933,85,101,16,95.66666667,11.3137085,12.06,17.36,5.3,15.59333333,3.74766594,0.02658,150.0,149.97342,50.01772,106.0472223,90.2,3173.0,3082.8,1117.8,2179.868785,54.8,1687.0,1632.2,598.8666667,1154.139688,35.4,1486.0,10.99887,7.06833,10.99887,7.06833,7.06833,7.06833,10.99887,10.99887,10.99887,1,3,3,14265.8,1.3428,2292.32,1606.86,1196.65,372.069,260.812,194.229,3783.29,0.2652,0.197497,188.309,0.0132,0.00983017,0.0,0.4,0.0,0.4,0.0,0.0,0.0,0.0,0.0,0.2,0,0.0,0,0.0,0,0.0,0,0.0,0.0,0,0,0.0,0,0,0,0,0,0,3
FAU,8,14,6,10.0,4.242640687,1.52,2.1,0.58,1.713333333,0.410121933,85,101,16,95.66666667,11.3137085,12.06,17.36,5.3,15.59333333,3.74766594,0.02658,150.0,149.97342,50.01772,106.0472223,90.2,3173.0,3082.8,1117.8,2179.868785,54.8,1687.0,1632.2,598.8666667,1154.139688,35.4,1486.0,11.05609,7.24918,11.05609,7.24918,7.24918,7.24918,11.05609,11.05609,11.05609,1,3,3,14267.6,1.34264,2292.68,1606.91,1196.83,303.945,213.032,158.667,3880.78,0.272,0.202586,139.822,0.0098,0.00729906,0.0,0.4,0.0,0.4,0.0,0.0,0.0,0.0,0.0,0.2,0,0.0,0,0.0,0,0.0,0,0.0,0.0,0,0,0.0,0,0,0,0,0,0,3
FAU,8,14,6,10.0,4.242640687,1.52,2.1,0.58,1.713333333,0.410121933,85,101,16,95.66666667,11.3137085,12.06,17.36,5.3,15.59333333,3.74766594,0.02658,150.0,149.97342,50.01772,106.0472223,90.2,3173.0,3082.8,1117.8,2179.868785,54.8,1687.0,1632.2,598.8666667,1154.139688,35.4,1486.0,10.98976,7.17931,10.98976,7.17931,7.17931,7.17931,10.98976,10.98976,10.98976,1,3,3,14271.1,1.34231,2288.84,1603.83,1194.83,360.567,252.655,188.225,3826.08,0.2681,0.199731,185.524,0.013,0.00968483,0.0,0.4,0.0,0.4,0.0,0.0,0.0,0.0,0.0,0.2,0,0.0,0,0.0,0,0.0,0,0.0,0.0,0,0,0.0,0,0,0,0,0,0,3
FAU,8,14,6,10.0,4.242640687,1.52,2.1,0.58,1.713333333,0.410121933,85,101,16,95.66666667,11.3137085,12.06,17.36,5.3,15.59333333,3.74766594,0.02658,150.0,149.97342,50.01772,106.0472223,90.2,3173.0,3082.8,1117.8,2179.868785,54.8,1687.0,1632.2,598.8666667,1154.139688,35.4,1486.0,10.94711,7.19892,10.94711,7.19892,7.19892,7.19892,10.94711,10.94711,10.94711,1,3,3,14272.9,1.34214,2286.69,1602.12,1193.71,366.942,257.091,191.553,3822.27,0.2678,0.199532,188.402,0.0132,0.00983504,0.0,0.4,0.0,0.4,0.0,0.0,0.0,0.0,0.0,0.2,0,0.0,0,0.0,0,0.0,0,0.0,0.0,0,0,0.0,0,0,0,0,0,0,3
FAU,8,14,6,10.0,4.242640687,1.52,2.1,0.58,1.713333333,0.410121933,85,101,16,95.66666667,11.3137085,12.06,17.36,5.3,15.59333333,3.74766594,0.02658,150.0,149.97342,50.01772,106.0472223,90.2,3173.0,3082.8,1117.8,2179.868785,54.8,1687.0,1632.2,598.8666667,1154.139688,35.4,1486.0,10.99493,7.15751,10.99493,7.15751,7.15751,7.15751,10.99493,10.99493,10.99493,1,3,3,14265.8,1.3428,2291.48,1606.28,1196.21,352.967,247.422,184.258,3814.68,0.2674,0.199136,178.323,0.0125,0.00930888,0.0,0.4,0.0,0.4,0.0,0.0,0.0,0.0,0.0,0.2,0,0.0,0,0.0,0,0.0,0,0.0,0.0,0,0,0.0,0,0,0,0,0,0,3
MVY,8,14,6,10.0,4.242640687,1.52,2.1,0.58,1.713333333,0.410121933,85,101,16,95.66666667,11.3137085,12.06,17.36,5.3,15.59333333,3.74766594,0.02658,150.0,149.97342,50.01772,106.0472223,90.2,3173.0,3082.8,1117.8,2179.868785,54.8,1687.0,1632.2,598.8666667,1154.139688,35.4,1486.0,3.972,3.57628,3.972,1.24013,3.57628,1.35713,3.91773,3.972,3.95839,2,1,1,568.94,2.10437,53.1419,934.05,443.862,0.0,0.0,0.0,14.6218,0.0257,0.0122127,0.0,0.0,0.0,0.0,0.2,0.0,0.6,0.0,0.0,0.0,0.2,0.0,0.0,0,0.0,0,0.0,0,0.0,0,0.0,0.0,0,0,0.0,0,0,0,0,0,0,2
MVY,8,14,6,10.0,4.242640687,1.52,2.1,0.58,1.713333333,0.410121933,85,101,16,95.66666667,11.3137085,12.06,17.36,5.3,15.59333333,3.74766594,0.02658,150.0,149.97342,50.01772,106.0472223,90.2,3173.0,3082.8,1117.8,2179.868785,54.8,1687.0,1632.2,598.8666667,1154.139688,35.4,1486.0,4.06609,3.68227,4.06609,1.23717,3.68227,1.23717,3.981,4.06609,4.06609,2,1,1,569.521,2.10223,52.9634,929.964,442.371,0.0,0.0,0.0,15.2632,0.0268,0.0127484,0.0,0.0,0.0,0.0,0.2,0.0,0.6,0.0,0.0,0.0,0.2,0.0,0.0,0,0.0,0,0.0,0,0.0,0,0.0,0.0,0,0,0.0,0,0,0,0,0,0,2
AFI,8,15,7,10.0,4.082482905,1.52,1.84,0.32,1.62,0.200665559,80,101,21,95.66666667,11.4212278,10.0,17.36,7.36,16.07666667,3.847229884,0.02658,235.0,234.97342,39.22372,123.8198386,90.2,2792.0,2701.8,617.1333333,1395.849425,54.8,933.47,878.67,244.995,456.0418076,35.4,1858.53,8.07332,7.20538,8.07332,2.0926,2.0926,7.20538,8.07332,8.07332,8.07332,1,1,1,1382.27,1.75803,159.49,1153.83,656.319,3.36363,24.3341,13.8417,173.751,0.1257,0.0715004,0.276454,0.0002,0.000113764,0.0,0.166666667,0.0,0.666666667,0.0,0.0,0.0,0.0,0.0,0.166666667,0,0.0,0,0.0,0,0.0,0,0.0,0.0,0,0,0.0,0,0,0,0,0,0,4
EDI,8,14,6,9.866666667,3.763072453,1.52,2.1,0.58,1.678666667,0.334685353,80,101,21,95.0,12.19265001,10.0,17.36,7.36,15.31866667,4.17427667,0.02658,235.0,234.97342,61.35105333,127.5581437,90.2,3173.0,3082.8,1067.0,1963.904425,54.8,1687.0,1632.2,498.396,939.0837544,35.4,1858.53,4.92079,2.95816,4.92079,2.95816,2.95816,2.30502,4.92079,4.92079,4.91184,1,2,2,598.057,1.656,107.615,1799.41,1086.6,0.0,0.0,0.0,29.3646,0.0491,0.0296497,0.0,0.0,0.0,0.0,0.5,0.0,0.0,0.0,0.5,0.0,0.0,0.0,0.0,0,0.0,0,0.0,0,0.0,0,0.0,0.0,0,0,0.0,0,0,0,0,0,0,0
EDI,8,14,6,9.866666667,3.763072453,1.52,2.1,0.58,1.678666667,0.334685353,80,101,21,95.0,12.19265001,10.0,17.36,7.36,15.31866667,4.17427667,0.02658,235.0,234.97342,61.35105333,127.5581437,90.2,3173.0,3082.8,1067.0,1963.904425,54.8,1687.0,1632.2,498.396,939.0837544,35.4,1858.53,4.8787,2.90107,4.8787,2.90107,2.90107,2.26023,4.8787,4.8787,4.8787,1,2,2,592.916,1.67036,101.292,1708.38,1022.76,0.0,0.0,0.0,27.9263,0.0471,0.0281975,0.0,0.0,0.0,0.0,0.5,0.0,0.0,0.0,0.5,0.0,0.0,0.0,0.0,0,0.0,0,0.0,0,0.0,0,0.0,0.0,0,0,0.0,0,0,0,0,0,0,0
BEA,8,14,6,10.0,4.242640687,1.52,2.1,0.58,1.713333333,0.410121933,85,101,16,95.66666667,11.3137085,12.06,17.36,5.3,15.59333333,3.74766594,0.02658,150.0,149.97342,50.01772,106.0472223,90.2,3173.0,3082.8,1117.8,2179.868785,54.8,1687.0,1632.2,598.8666667,1154.139688,35.4,1486.0,6.51976,5.95708,6.51976,5.95708,5.95708,5.95417,6.51976,6.51976,6.51976,1,3,3,4307.98,1.48222,786.728,1826.21,1232.07,0.0,0.0,0.0,816.363,0.1895,0.127848,0.0,0.0,0.0,0.0,0.0,0.0,0.0,0.0,0.0,0.0,0.0,0.0,0.0,0,0.0,0,0.0,0,0.0,0,0.0,0.0,0,0,0.0,0,0,0,0,0,0,2
BEA,8,14,6,10.0,4.242640687,1.52,2.1,0.58,1.713333333,0.410121933,85,101,16,95.66666667,11.3137085,12.06,17.36,5.3,15.59333333,3.74766594,0.02658,150.0,149.97342,50.01772,106.0472223,90.2,3173.0,3082.8,1117.8,2179.868785,54.8,1687.0,1632.2,598.8666667,1154.139688,35.4,1486.0,6.49542,5.91428,6.49542,5.91428,5.88684,5.91428,6.49542,6.49542,6.49542,1,3,3,4264.53,1.49733,778.145,1824.69,1218.63,0.0,0.0,0.0,799.173,0.1874,0.125156,0.0,0.0,0.0,0.0,0.0,0.0,0.0,0.0,0.0,0.0,0.0,0.0,0.0,0,0.0,0,0.0,0,0.0,0,0.0,0.0,0,0,0.0,0,0,0,0,0,0,2
BEA,8,14,6,10.0,4.242640687,1.52,2.1,0.58,1.713333333,0.410121933,85,101,16,95.66666667,11.3137085,12.06,17.36,5.3,15.59333333,3.74766594,0.02658,150.0,149.97342,50.01772,106.0472223,90.2,3173.0,3082.8,1117.8,2179.868785,54.8,1687.0,1632.2,598.8666667,1154.139688,35.4,1486.0,6.552,6.00954,6.55101,6.00954,5.9478,6.00954,6.55101,6.552,6.55101,1,3,3,4253.29,1.50129,780.056,1834.01,1221.62,0.0,0.0,0.0,817.056,0.1921,0.127957,0.0,0.0,0.0,0.0,0.0,0.0,0.0,0.0,0.0,0.0,0.0,0.0,0.0,0,0.0,0,0.0,0,0.0,0,0.0,0.0,0,0,0.0,0,0,0,0,0,0,2
BEA,8,14,6,10.0,4.242640687,1.52,2.1,0.58,1.713333333,0.410121933,85,101,16,95.66666667,11.3137085,12.06,17.36,5.3,15.59333333,3.74766594,0.02658,150.0,149.97342,50.01772,106.0472223,90.2,3173.0,3082.8,1117.8,2179.868785,54.8,1687.0,1632.2,598.8666667,1154.139688,35.4,1486.0,6.59078,6.00267,6.59078,6.00267,5.97926,6.00267,6.59078,6.59078,6.58876,1,3,3,4252.78,1.50146,782.814,1840.71,1225.94,0.0,0.0,0.0,819.936,0.1928,0.128408,0.0,0.0,0.0,0.0,0.0,0.0,0.0,0.0,0.0,0.0,0.0,0.0,0.0,0,0.0,0,0.0,0,0.0,0,0.0,0.0,0,0,0.0,0,0,0,0,0,0,2
MEL,8,14,6,10.0,4.242640687,1.52,2.1,0.58,1.713333333,0.410121933,85,101,16,95.66666667,11.3137085,12.06,17.36,5.3,15.59333333,3.74766594,0.02658,150.0,149.97342,50.01772,106.0472223,90.2,3173.0,3082.8,1117.8,2179.868785,54.8,1687.0,1632.2,598.8666667,1154.139688,35.4,1486.0,7.21388,5.10145,7.21388,5.10145,5.10145,5.10145,7.21388,7.21388,7.18251,1,3,3,5400.4,1.77359,804.504,1489.71,839.942,0.0,0.0,0.0,584.323,0.1082,0.0610062,0.0,0.0,0.0,0.0,0.125,0.3125,0.25,0.0,0.125,0.0,0.1875,0.0,0.0,0,0.0,0,0.0,0,0.0,0,0.0,0.0,0,0,0.0,0,0,0,0,0,0,2
MFI,8,14,6,10.0,4.242640687,1.52,2.1,0.58,1.713333333,0.410121933,85,101,16,95.66666667,11.3137085,12.06,17.36,5.3,15.59333333,3.74766594,0.02658,150.0,149.97342,50.01772,106.0472223,90.2,3173.0,3082.8,1117.8,2179.868785,54.8,1687.0,1632.2,598.8666667,1154.139688,35.4,1486.0,6.8779,4.99947,6.8779,4.99947,4.70314,4.70314,6.8779,6.7308,6.8779,1,3,3,5325.03,1.79869,805.759,1513.15,841.252,0.0,0.0,0.0,564.453,0.106,0.0589317,0.0,0.0,0.0,0.0,0.03846153,0.423,0.308,0.0,0.0,0.0,0.23076,0.0,0.0,0,0.0,0,0.0,0,0.0,0,0.0,0.0,0,0,0.0,0,0,0,0,0,0,2
CHA,8,14,6,9.833333333,3.689323937,1.52,2.1,0.58,1.67,0.31822424,80,101,21,94.83333333,12.50111106,10.0,17.36,7.36,15.25,4.302983461,0.02658,235.0,234.97342,64.18438667,132.9250288,90.2,3173.0,3082.8,1054.3,1934.463424,54.8,1687.0,1632.2,473.2783333,891.7012048,35.4,1858.53,6.1794,3.88031,6.1794,3.20513,3.31614,3.88031,6.1794,6.1794,6.1794,1,3,3,814.671,1.45612,171.331,2103.07,1444.3,0.725526,8.90574,6.11606,109.166,0.134,0.0920252,0.0814671,0.0001,6.87e-05,0.0,0.5,0.0,0.25,0.0,0.25,0.0,0.0,0.0,0.0,0,0.0,0,0.0,0,0.0,0,0.0,0.0,0,0,0.0,0,0,0,0,0,0,0
CHA,8,14,6,9.833333333,3.689323937,1.52,2.1,0.58,1.67,0.31822424,80,101,21,94.83333333,12.50111106,10.0,17.36,7.36,15.25,4.302983461,0.02658,235.0,234.97342,64.18438667,132.9250288,90.2,3173.0,3082.8,1054.3,1934.463424,54.8,1687.0,1632.2,473.2783333,891.7012048,35.4,1858.53,6.99588,2.99845,6.99588,2.99845,2.99845,2.99845,6.99588,6.98313,6.98313,1,3,3,832.654,1.42468,185.127,2223.33,1560.59,0.0,0.0,0.0,137.471,0.1651,0.115886,0.0,0.0,0.0,0.0,0.5,0.0,0.25,0.0,0.25,0.0,0.0,0.0,0.0,0,0.0,0,0.0,0,0.0,0,0.0,0.0,0,0,0.0,0,0,0,0,0,0,0
TON,8,14,6,10.0,4.242640687,1.52,2.1,0.58,1.713333333,0.410121933,85,101,16,95.66666667,11.3137085,12.06,17.36,5.3,15.59333333,3.74766594,0.02658,150.0,149.97342,50.01772,106.0472223,90.2,3173.0,3082.8,1117.8,2179.868785,54.8,1687.0,1632.2,598.8666667,1154.139688,35.4,1486.0,5.31857,4.88672,5.31857,1.69487,1.26568,4.88672,4.91649,5.31857,5.31857,2,1,1,1203.78,1.98917,124.8,1036.73,521.189,0.0,0.0,0.0,73.1898,0.0608,0.0305655,0.0,0.0,0.0,0.0,0.0,0.2,0.6,0.0,0.0,0.0,0.2,0.0,0.0,0,0.0,0,0.0,0,0.0,0,0.0,0.0,0,0,0.0,0,0,0,0,0,0,2
MVY,8,14,6,9.764705882,4.242640687,1.52,2.1,0.58,1.690588235,0.410121933,85,101,16,96.29411765,11.3137085,12.06,17.36,5.3,15.80117647,3.74766594,0.02658,150.0,149.97342,44.13640941,106.0472223,90.2,3173.0,3082.8,996.9058824,2179.868785,54.8,1687.0,1632.2,534.8588235,1154.139688,35.4,1486.0,3.91654,3.64364,3.91654,1.15832,3.64364,1.15832,3.90965,3.91654,3.91654,2,1,1,539.932,2.04468,46.0376,852.656,417.013,0.0,0.0,0.0,11.5545,0.0214,0.0104662,0.0,0.0,0.0,0.0,0.2,0.0,0.6,0.0,0.0,0.0,0.2,0.0,0.0,0,0.0,0,0.0,0,0.0,0,0.0,0.0,0,0,0.0,0,0,0,0,0,0,2
FER,8,14,6,10.0,4.242640687,1.52,2.1,0.58,1.713333333,0.410121933,85,101,16,95.66666667,11.3137085,12.06,17.36,5.3,15.59333333,3.74766594,0.02658,150.0,149.97342,50.01772,106.0472223,90.2,3173.0,3082.8,1117.8,2179.868785,54.8,1687.0,1632.2,598.8666667,1154.139688,35.4,1486.0,6.01278,4.49147,5.39717,1.46259,3.17557,4.49147,5.67521,6.01278,5.39717,2,2,2,1974.99,1.81864,302.667,1532.5,842.664,0.0,0.0,0.0,164.122,0.0831,0.0456936,0.0,0.0,0.0,0.0,0.0,0.571428571,0.142857143,0.0,0.142857143,0.0,0.142857143,0.0,0.0,0,0.0,0,0.0,0,0.0,0,0.0,0.0,0,0,0.0,0,0,0,0,0,0,2
SAF,8,15,7,10.0,4.082482905,1.52,1.84,0.32,1.62,0.200665559,80,101,21,95.66666667,11.4212278,10.0,17.36,7.36,16.07666667,3.847229884,0.02658,235.0,234.97342,39.22372,123.8198386,90.2,2792.0,2701.8,617.1333333,1395.849425,54.8,933.47,878.67,244.995,456.0418076,35.4,1858.53,6.62531,5.67445,6.62531,1.95954,1.89904,5.67445,6.62531,6.62531,6.62531,2,1,1,3378.32,1.91817,313.134,926.892,483.216,0.0,0.0,0.0,299.319,0.0886,0.0461898,0.0,0.0,0.0,0.0,0.117647059,0.0,0.823529412,0.0,0.0,0.0,0.0,0.0,0.058823529,0,0.0,0,0.0,0,0.0,0,0.0,0.0,0,0,0.0,0,0,0,0,0,0,4
SAF,8,15,7,10.0,4.082482905,1.52,1.84,0.32,1.62,0.200665559,80,101,21,95.66666667,11.4212278,10.0,17.36,7.36,16.07666667,3.847229884,0.02658,235.0,234.97342,39.22372,123.8198386,90.2,2792.0,2701.8,617.1333333,1395.849425,54.8,933.47,878.67,244.995,456.0418076,35.4,1858.53,6.71249,5.7568,6.71249,1.94182,1.70706,5.7568,6.71249,6.71249,6.71249,2,1,1,3377.5,1.91864,318.701,943.602,491.808,0.0,0.0,0.0,306.001,0.0906,0.047221,0.0,0.0,0.0,0.0,0.117647059,0.0,0.823529412,0.0,0.0,0.0,0.0,0.0,0.058823529,0,0.0,0,0.0,0,0.0,0,0.0,0.0,0,0,0.0,0,0,0,0,0,0,4
SAF,8,15,7,10.0,4.082482905,1.52,1.84,0.32,1.62,0.200665559,80,101,21,95.66666667,11.4212278,10.0,17.36,7.36,16.07666667,3.847229884,0.02658,235.0,234.97342,39.22372,123.8198386,90.2,2792.0,2701.8,617.1333333,1395.849425,54.8,933.47,878.67,244.995,456.0418076,35.4,1858.53,6.85499,5.9039,6.85499,1.89694,1.63151,5.9039,6.85499,6.85499,6.85499,2,1,1,3390.79,1.91111,319.735,942.949,493.403,0.0,0.0,0.0,300.085,0.0885,0.0463081,0.0,0.0,0.0,0.0,0.117647059,0.0,0.823529412,0.0,0.0,0.0,0.0,0.0,0.058823529,0,0.0,0,0.0,0,0.0,0,0.0,0.0,0,0,0.0,0,0,0,0,0,0,4
SAF,8,15,7,10.0,4.082482905,1.52,1.84,0.32,1.62,0.200665559,80,101,21,95.66666667,11.4212278,10.0,17.36,7.36,16.07666667,3.847229884,0.02658,235.0,234.97342,39.22372,123.8198386,90.2,2792.0,2701.8,617.1333333,1395.849425,54.8,933.47,878.67,244.995,456.0418076,35.4,1858.53,6.94196,5.99902,6.94196,1.91454,1.70499,5.99902,6.94196,6.94196,6.94196,2,1,1,3411.64,1.89944,321.695,942.933,496.427,0.0,0.0,0.0,318.647,0.0934,0.0491725,0.0,0.0,0.0,0.0,0.117647059,0.0,0.823529412,0.0,0.0,0.0,0.0,0.0,0.058823529,0,0.0,0,0.0,0,0.0,0,0.0,0.0,0,0,0.0,0,0,0,0,0,0,4
NAT,8,14,6,9.866666667,3.763072453,1.52,2.1,0.58,1.678666667,0.334685353,80,101,21,95.0,12.19265001,10.0,17.36,7.36,15.31866667,4.17427667,0.02658,235.0,234.97342,61.35105333,127.5581437,90.2,3173.0,3082.8,1067.0,1963.904425,54.8,1687.0,1632.2,498.396,939.0837544,35.4,1858.53,3.47859,2.58142,3.47859,2.56963,2.56963,2.58142,3.47859,3.47859,3.47859,0,0,0,2251.35,1.75963,0.0,0.0,0.0,176.82,785.395,446.342,0.0,0.0,0.0,17.5606,0.0078,0.00443276,0.0,0.5,0.0,0.0,0.0,0.25,0.25,0.0,0.0,0.0,0,0.0,0,0.0,0,0.0,0,0.0,0.0,0,0,0.0,0,0,0,0,0,0,0
NAT,8,14,6,9.866666667,3.763072453,1.52,2.1,0.58,1.678666667,0.334685353,80,101,21,95.0,12.19265001,10.0,17.36,7.36,15.31866667,4.17427667,0.02658,235.0,234.97342,61.35105333,127.5581437,90.2,3173.0,3082.8,1067.0,1963.904425,54.8,1687.0,1632.2,498.396,939.0837544,35.4,1858.53,3.44469,2.54882,3.44469,2.53803,2.53803,2.54882,3.44469,3.44469,3.44469,0,0,0,2218.03,1.78606,0.0,0.0,0.0,163.253,736.025,412.094,0.0,0.0,0.0,14.8608,0.0067,0.00375127,0.0,0.5,0.0,0.0,0.0,0.25,0.25,0.0,0.0,0.0,0,0.0,0,0.0,0,0.0,0,0.0,0.0,0,0,0.0,0,0,0,0,0,0,0
NAT,8,14,6,9.866666667,3.763072453,1.52,2.1,0.58,1.678666667,0.334685353,80,101,21,95.0,12.19265001,10.0,17.36,7.36,15.31866667,4.17427667,0.02658,235.0,234.97342,61.35105333,127.5581437,90.2,3173.0,3082.8,1067.0,1963.904425,54.8,1687.0,1632.2,498.396,939.0837544,35.4,1858.53,3.37482,2.54289,3.37482,2.45782,2.45782,2.54289,3.37482,3.37482,3.37482,0,0,0,2210.68,1.792,0.0,0.0,0.0,117.263,530.436,296.002,0.0,0.0,0.0,9.06381,0.0041,0.00228795,0.0,0.5,0.0,0.0,0.0,0.25,0.25,0.0,0.0,0.0,0,0.0,0,0.0,0,0.0,0,0.0,0.0,0,0,0.0,0,0,0,0,0,0,0
LOS,8,14,6,9.833333333,3.689323937,1.52,2.1,0.58,1.67,0.31822424,80,101,21,94.83333333,12.50111106,10.0,17.36,7.36,15.25,4.302983461,0.02658,235.0,234.97342,64.18438667,132.9250288,90.2,3173.0,3082.8,1054.3,1934.463424,54.8,1687.0,1632.2,473.2783333,891.7012048,35.4,1858.53,6.18882,1.8998,4.22008,1.60324,1.60324,1.8998,6.18882,6.08572,4.22008,0,0,0,1437.0,1.65102,0.0,0.0,0.0,201.689,1403.54,850.101,0.0,0.0,0.0,108.781,0.0757,0.0458504,0.0,0.2,0.0,0.8,0.0,0.0,0.0,0.0,0.0,0.0,0,0.0,0,0.0,0,0.0,0,0.0,0.0,0,0,0.0,0,0,0,0,0,0,1
ITW,8,14,6,10.0,4.242640687,1.52,2.1,0.58,1.713333333,0.410121933,85,101,16,95.66666667,11.3137085,12.06,17.36,5.3,15.59333333,3.74766594,0.02658,150.0,149.97342,50.01772,106.0472223,90.2,3173.0,3082.8,1117.8,2179.868785,54.8,1687.0,1632.2,598.8666667,1154.139688,35.4,1486.0,4.75776,3.58988,4.75611,2.29487,1.4872,3.58988,4.42443,4.75776,4.75611,2,1,1,1330.35,1.79992,217.536,1635.18,908.473,0.0,0.0,0.0,92.0603,0.0692,0.0384462,0.0,0.0,0.0,0.0,0.375,0.125,0.125,0.0,0.375,0.0,0.0,0.0,0.0,0,0.0,0,0.0,0,0.0,0,0.0,0.0,0,0,0.0,0,0,0,0,0,0,2
EZT,8,15,7,10.0,4.082482905,1.52,1.84,0.32,1.62,0.200665559,80,101,21,95.66666667,11.4212278,10.0,17.36,7.36,16.07666667,3.847229884,0.02658,235.0,234.97342,39.22372,123.8198386,90.2,2792.0,2701.8,617.1333333,1395.849425,54.8,933.47,878.67,244.995,456.0418076,35.4,1858.53,6.62481,5.82063,6.57379,5.82063,2.20777,2.20777,6.57379,6.62481,6.62481,2,1,1,2865.96,1.69582,428.098,1493.74,880.834,0.770159,2.68727,1.58464,363.117,0.1267,0.0747132,0.0,0.0,0.0,0.0,0.272727273,0.0,0.363636364,0.0,0.090909091,0.0,0.0,0.0,0.272727273,0,0.0,0,0.0,0,0.0,0,0.0,0.0,0,0,0.0,0,0,0,0,0,0,4
NAT,8,14,6,9.866666667,3.763072453,1.52,2.1,0.58,1.678666667,0.334685353,80,101,21,95.0,12.19265001,10.0,17.36,7.36,15.31866667,4.17427667,0.02658,235.0,234.97342,61.35105333,127.5581437,90.2,3173.0,3082.8,1067.0,1963.904425,54.8,1687.0,1632.2,498.396,939.0837544,35.4,1858.53,3.41333,2.59195,3.41333,2.55644,2.59195,2.59195,3.41333,3.41333,3.41333,0,0,0,2223.35,1.78179,0.0,0.0,0.0,129.805,583.827,327.664,0.0,0.0,0.0,12.8954,0.0058,0.00325516,0.0,0.5,0.0,0.0,0.0,0.25,0.25,0.0,0.0,0.0,0,0.0,0,0.0,0,0.0,0,0.0,0.0,0,0,0.0,0,0,0,0,0,0,0
CAN,8,14,6,9.833333333,3.689323937,1.52,2.1,0.58,1.67,0.31822424,80,101,21,94.83333333,12.50111106,10.0,17.36,7.36,15.25,4.302983461,0.02658,235.0,234.97342,64.18438667,132.9250288,90.2,3173.0,3082.8,1054.3,1934.463424,54.8,1687.0,1632.2,473.2783333,891.7012048,35.4,1858.53,6.28845,5.96979,6.28845,1.64595,1.64595,5.96979,6.28845,6.22833,6.28845,1,1,1,723.437,1.63976,66.6933,921.895,562.213,36.5802,505.644,308.365,51.8704,0.0717,0.0437259,10.4898,0.0145,0.00884276,0.0,0.25,0.0,0.5,0.0,0.0,0.0,0.0,0.0,0.25,0,0.0,0,0.0,0,0.0,0,0.0,0.0,0,0,0.0,0,0,0,0,0,0,0
CAN,8,14,6,9.833333333,3.689323937,1.52,2.1,0.58,1.67,0.31822424,80,101,21,94.83333333,12.50111106,10.0,17.36,7.36,15.25,4.302983461,0.02658,235.0,234.97342,64.18438667,132.9250288,90.2,3173.0,3082.8,1054.3,1934.463424,54.8,1687.0,1632.2,473.2783333,891.7012048,35.4,1858.53,6.30589,5.967,6.30589,1.65218,1.65218,5.967,6.30589,6.30589,6.30589,1,1,1,723.437,1.63976,66.7436,922.591,562.638,36.6115,506.077,308.629,51.9428,0.0718,0.0437869,10.0558,0.0139,0.00847685,0.0,0.25,0.0,0.5,0.0,0.0,0.0,0.0,0.0,0.25,0,0.0,0,0.0,0,0.0,0,0.0,0.0,0,0,0.0,0,0,0,0,0,0,0
CAN,8,14,6,9.833333333,3.689323937,1.52,2.1,0.58,1.67,0.31822424,80,101,21,94.83333333,12.50111106,10.0,17.36,7.36,15.25,4.302983461,0.02658,235.0,234.97342,64.18438667,132.9250288,90.2,3173.0,3082.8,1054.3,1934.463424,54.8,1687.0,1632.2,473.2783333,891.7012048,35.4,1858.53,6.18049,5.77181,6.18049,2.11866,2.11866,5.77181,6.18049,6.18049,6.18049,1,1,1,753.65,1.57402,71.0702,943.013,599.11,52.5512,697.29,442.998,50.1177,0.0665,0.0422484,14.9976,0.0199,0.0126428,0.0,0.25,0.0,0.5,0.0,0.0,0.0,0.0,0.0,0.25,0,0.0,0,0.0,0,0.0,0,0.0,0.0,0,0,0.0,0,0,0,0,0,0,0
LTJ,8,14,6,9.833333333,3.689323937,1.52,2.1,0.58,1.67,0.31822424,80,101,21,94.83333333,12.50111106,10.0,17.36,7.36,15.25,4.302983461,0.02658,235.0,234.97342,64.18438667,132.9250288,90.2,3173.0,3082.8,1054.3,1934.463424,54.8,1687.0,1632.2,473.2783333,891.7012048,35.4,1858.53,3.96209,3.00402,3.90876,2.54357,3.00402,2.54357,3.96209,3.90876,3.96209,2,1,1,898.739,1.75989,104.549,1163.28,660.997,0.0,0.0,0.0,19.8621,0.0221,0.0125576,0.0,0.0,0.0,0.0,0.166666667,0.0,0.333333333,0.0,0.5,0.0,0.0,0.0,0.0,0,0.0,0,0.0,0,0.0,0,0.0,0.0,0,0,0.0,0,0,0,0,0,0,0
LTJ,8,14,6,9.833333333,3.689323937,1.52,2.1,0.58,1.67,0.31822424,80,101,21,94.83333333,12.50111106,10.0,17.36,7.36,15.25,4.302983461,0.02658,235.0,234.97342,64.18438667,132.9250288,90.2,3173.0,3082.8,1054.3,1934.463424,54.8,1687.0,1632.2,473.2783333,891.7012048,35.4,1858.53,3.95029,3.10619,3.95029,3.00926,3.10619,3.00926,3.9235,3.95029,3.94355,1,3,3,930.616,1.69961,135.917,1460.51,859.321,0.0,0.0,0.0,31.0826,0.0334,0.0196516,0.0,0.0,0.0,0.0,0.166666667,0.0,0.333333333,0.0,0.5,0.0,0.0,0.0,0.0,0,0.0,0,0.0,0,0.0,0,0.0,0.0,0,0,0.0,0,0,0,0,0,0,0
CAN,8,14,6,9.833333333,3.689323937,1.52,2.1,0.58,1.67,0.31822424,80,101,21,94.83333333,12.50111106,10.0,17.36,7.36,15.25,4.302983461,0.02658,235.0,234.97342,64.18438667,132.9250288,90.2,3173.0,3082.8,1054.3,1934.463424,54.8,1687.0,1632.2,473.2783333,891.7012048,35.4,1858.53,5.96891,5.56664,5.96891,2.01044,2.01044,5.56664,5.96891,5.96891,5.96891,1,1,1,740.788,1.60135,65.9507,890.277,555.953,52.027,702.32,438.579,43.7065,0.059,0.0368439,14.7417,0.0199,0.012427,0.0,0.25,0.0,0.5,0.0,0.0,0.0,0.0,0.0,0.25,0,0.0,0,0.0,0,0.0,0,0.0,0.0,0,0,0.0,0,0,0,0,0,0,0
GOO,8,14,6,9.916666667,3.904210182,1.52,2.1,0.58,1.691666667,0.36046795,80,101,21,95.25,11.80012106,10.0,17.36,7.36,15.42166667,4.000442118,0.02658,235.0,234.97342,57.10105333,119.7129726,90.2,3173.0,3082.8,1086.05,2024.567005,54.8,1687.0,1632.2,536.0725,1012.900745,35.4,1858.53,3.50614,2.20158,3.16051,2.11599,1.95827,2.20158,3.50614,3.50614,3.16051,0,0,0,1562.93,2.03338,0.0,0.0,0.0,78.2447,500.628,246.205,0.0,0.0,0.0,11.5657,0.0074,0.00363926,0.0,0.333333333,0.0,0.222222222,0.0,0.444444444,0.0,0.0,0.0,0.0,0,0.0,0,0.0,0,0.0,0,0.0,0.0,0,0,0.0,0,0,0,0,0,0,0
NAT,8,14,6,9.866666667,3.763072453,1.52,2.1,0.58,1.678666667,0.334685353,80,101,21,95.0,12.19265001,10.0,17.36,7.36,15.31866667,4.17427667,0.02658,235.0,234.97342,61.35105333,127.5581437,90.2,3173.0,3082.8,1067.0,1963.904425,54.8,1687.0,1632.2,498.396,939.0837544,35.4,1858.53,4.72982,4.35484,4.72982,2.94052,2.94052,4.35484,4.72982,4.72982,4.72982,1,3,3,2595.64,1.52623,593.761,2287.53,1498.81,0.0,0.0,0.0,229.714,0.0885,0.0579861,0.0,0.0,0.0,0.0,0.5,0.0,0.0,0.0,0.25,0.25,0.0,0.0,0.0,0,0.0,0,0.0,0,0.0,0,0.0,0.0,0,0,0.0,0,0,0,0,0,0,0
NAT,8,14,6,9.866666667,3.763072453,1.52,2.1,0.58,1.678666667,0.334685353,80,101,21,95.0,12.19265001,10.0,17.36,7.36,15.31866667,4.17427667,0.02658,235.0,234.97342,61.35105333,127.5581437,90.2,3173.0,3082.8,1067.0,1963.904425,54.8,1687.0,1632.2,498.396,939.0837544,35.4,1858.53,4.645,4.06219,4.54456,2.8182,2.8182,4.06219,4.645,4.645,4.54456,1,3,3,2533.19,1.56386,524.14,2069.09,1323.07,0.0,0.0,0.0,192.016,0.0758,0.04847,0.0,0.0,0.0,0.0,0.5,0.0,0.0,0.0,0.25,0.25,0.0,0.0,0.0,0,0.0,0,0.0,0,0.0,0,0.0,0.0,0,0,0.0,0,0,0,0,0,0,0
NAT,8,14,6,9.866666667,3.763072453,1.52,2.1,0.58,1.678666667,0.334685353,80,101,21,95.0,12.19265001,10.0,17.36,7.36,15.31866667,4.17427667,0.02658,235.0,234.97342,61.35105333,127.5581437,90.2,3173.0,3082.8,1067.0,1963.904425,54.8,1687.0,1632.2,498.396,939.0837544,35.4,1858.53,3.30719,2.46683,3.30719,2.46683,2.46385,2.46683,3.30719,3.30719,3.30719,0,0,0,2176.65,1.82002,0.0,0.0,0.0,98.4037,452.088,248.397,0.0,0.0,0.0,8.48892,0.0039,0.00214283,0.0,0.5,0.0,0.0,0.0,0.25,0.25,0.0,0.0,0.0,0,0.0,0,0.0,0,0.0,0,0.0,0.0,0,0,0.0,0,0,0,0,0,0,0
NAT,8,14,6,9.866666667,3.763072453,1.52,2.1,0.58,1.678666667,0.334685353,80,101,21,95.0,12.19265001,10.0,17.36,7.36,15.31866667,4.17427667,0.02658,235.0,234.97342,61.35105333,127.5581437,90.2,3173.0,3082.8,1067.0,1963.904425,54.8,1687.0,1632.2,498.396,939.0837544,35.4,1858.53,3.19799,2.40828,3.19799,2.40828,2.32128,2.40828,3.19799,3.19799,3.19799,0,0,0,2118.37,1.87009,0.0,0.0,0.0,62.5547,295.297,157.905,0.0,0.0,0.0,3.81306,0.0018,0.000962519,0.0,0.5,0.0,0.0,0.0,0.25,0.25,0.0,0.0,0.0,0,0.0,0,0.0,0,0.0,0,0.0,0.0,0,0,0.0,0,0,0,0,0,0,0
NAT,8,14,6,9.866666667,3.763072453,1.52,2.1,0.58,1.678666667,0.334685353,80,101,21,95.0,12.19265001,10.0,17.36,7.36,15.31866667,4.17427667,0.02658,235.0,234.97342,61.35105333,127.5581437,90.2,3173.0,3082.8,1067.0,1963.904425,54.8,1687.0,1632.2,498.396,939.0837544,35.4,1858.53,3.6098,2.81518,3.6098,2.75293,2.75293,2.81518,3.6098,3.6098,3.6098,8,1,1,2309.66,1.7152,273.526,1184.27,690.453,0.0,0.0,0.0,27.023,0.0117,0.00682135,0.0,0.0,0.0,0.0,0.5,0.0,0.0,0.0,0.25,0.25,0.0,0.0,0.0,0,0.0,0,0.0,0,0.0,0,0.0,0.0,0,0,0.0,0,0,0,0,0,0,0
LAU,8,14,6,9.888888889,3.820994635,1.52,2.1,0.58,1.684444444,0.345919066,80,101,21,95.11111111,12.00833044,10.0,17.36,7.36,15.36444444,4.094462114,0.02658,235.0,234.97342,59.46216444,124.059398,90.2,3173.0,3082.8,1075.466667,1988.294065,54.8,1687.0,1632.2,515.1411111,971.2994236,35.4,1858.53,5.96642,3.99354,5.68121,2.11618,2.11618,3.99354,5.96642,5.91087,5.68121,2,1,1,1349.52,1.76349,183.666,1360.98,771.753,0.0,0.0,0.0,112.01,0.083,0.0470659,0.0,0.0,0.0,0.0,0.333333333,0.0,0.555555556,0.0,0.0,0.0,0.111111111,0.0,0.0,0,0.0,0,0.0,0,0.0,0,0.0,0.0,0,0,0.0,0,0,0,0,0,0,0
LAU,8,14,6,9.888888889,3.820994635,1.52,2.1,0.58,1.684444444,0.345919066,80,101,21,95.11111111,12.00833044,10.0,17.36,7.36,15.36444444,4.094462114,0.02658,235.0,234.97342,59.46216444,124.059398,90.2,3173.0,3082.8,1075.466667,1988.294065,54.8,1687.0,1632.2,515.1411111,971.2994236,35.4,1858.53,6.00933,4.02369,5.93702,2.14281,2.14281,4.02369,6.00933,6.00933,5.93702,2,1,1,1361.62,1.74781,187.963,1380.44,789.809,0.0,0.0,0.0,115.193,0.0846,0.0484034,0.0,0.0,0.0,0.0,0.333333333,0.0,0.555555556,0.0,0.0,0.0,0.111111111,0.0,0.0,0,0.0,0,0.0,0,0.0,0,0.0,0.0,0,0,0.0,0,0,0,0,0,0,0
LAU,8,14,6,9.888888889,3.820994635,1.52,2.1,0.58,1.684444444,0.345919066,80,101,21,95.11111111,12.00833044,10.0,17.36,7.36,15.36444444,4.094462114,0.02658,235.0,234.97342,59.46216444,124.059398,90.2,3173.0,3082.8,1075.466667,1988.294065,54.8,1687.0,1632.2,515.1411111,971.2994236,35.4,1858.53,6.04735,4.07889,6.04735,2.16904,2.16904,4.07889,6.04735,6.04735,6.04735,2,1,1,1368.25,1.73934,190.982,1395.81,802.494,0.0,0.0,0.0,117.533,0.0859,0.0493866,0.0,0.0,0.0,0.0,0.333333333,0.0,0.555555556,0.0,0.0,0.0,0.111111111,0.0,0.0,0,0.0,0,0.0,0,0.0,0,0.0,0.0,0,0,0.0,0,0,0,0,0,0,0
LAU,8,14,6,9.888888889,3.820994635,1.52,2.1,0.58,1.684444444,0.345919066,80,101,21,95.11111111,12.00833044,10.0,17.36,7.36,15.36444444,4.094462114,0.02658,235.0,234.97342,59.46216444,124.059398,90.2,3173.0,3082.8,1075.466667,1988.294065,54.8,1687.0,1632.2,515.1411111,971.2994236,35.4,1858.53,6.03347,4.05781,5.95669,2.15805,2.15805,4.05781,6.03347,6.03347,5.95669,2,1,1,1368.22,1.73938,190.71,1393.85,801.349,0.0,0.0,0.0,117.256,0.0857,0.0492703,0.0,0.0,0.0,0.0,0.333333333,0.0,0.555555556,0.0,0.0,0.0,0.111111111,0.0,0.0,0,0.0,0,0.0,0,0.0,0,0.0,0.0,0,0,0.0,0,0,0,0,0,0,0
LAU,8,14,6,9.888888889,3.820994635,1.52,2.1,0.58,1.684444444,0.345919066,80,101,21,95.11111111,12.00833044,10.0,17.36,7.36,15.36444444,4.094462114,0.02658,235.0,234.97342,59.46216444,124.059398,90.2,3173.0,3082.8,1075.466667,1988.294065,54.8,1687.0,1632.2,515.1411111,971.2994236,35.4,1858.53,6.07913,4.14083,6.07084,2.17978,2.17978,4.14083,6.07084,6.07913,6.07084,2,1,1,1374.26,1.73174,194.327,1414.05,816.548,0.0,0.0,0.0,119.423,0.0869,0.0501808,0.0,0.0,0.0,0.0,0.333333333,0.0,0.555555556,0.0,0.0,0.0,0.111111111,0.0,0.0,0,0.0,0,0.0,0,0.0,0,0.0,0.0,0,0,0.0,0,0,0,0,0,0,0
LAU,8,14,6,9.888888889,3.820994635,1.52,2.1,0.58,1.684444444,0.345919066,80,101,21,95.11111111,12.00833044,10.0,17.36,7.36,15.36444444,4.094462114,0.02658,235.0,234.97342,59.46216444,124.059398,90.2,3173.0,3082.8,1075.466667,1988.294065,54.8,1687.0,1632.2,515.1411111,971.2994236,35.4,1858.53,6.07989,4.15214,6.07799,2.18763,2.18763,4.15214,6.07989,6.07799,6.07799,2,1,1,1376.16,1.72934,195.21,1418.51,820.259,0.0,0.0,0.0,120.414,0.0875,0.0505973,0.0,0.0,0.0,0.0,0.333333333,0.0,0.555555556,0.0,0.0,0.0,0.111111111,0.0,0.0,0,0.0,0,0.0,0,0.0,0,0.0,0.0,0,0,0.0,0,0,0,0,0,0,0
LAU,8,14,6,9.888888889,3.820994635,1.52,2.1,0.58,1.684444444,0.345919066,80,101,21,95.11111111,12.00833044,10.0,17.36,7.36,15.36444444,4.094462114,0.02658,235.0,234.97342,59.46216444,124.059398,90.2,3173.0,3082.8,1075.466667,1988.294065,54.8,1687.0,1632.2,515.1411111,971.2994236,35.4,1858.53,6.0973,4.16563,6.09513,2.19498,2.19498,4.16563,6.0973,6.0973,6.09513,2,1,1,1373.7,1.73245,194.601,1416.62,817.702,0.0,0.0,0.0,119.649,0.0871,0.0502758,0.0,0.0,0.0,0.0,0.333333333,0.0,0.555555556,0.0,0.0,0.0,0.111111111,0.0,0.0,0,0.0,0,0.0,0,0.0,0,0.0,0.0,0,0,0.0,0,0,0,0,0,0,0
LAU,8,14,6,9.888888889,3.820994635,1.52,2.1,0.58,1.684444444,0.345919066,80,101,21,95.11111111,12.00833044,10.0,17.36,7.36,15.36444444,4.094462114,0.02658,235.0,234.97342,59.46216444,124.059398,90.2,3173.0,3082.8,1075.466667,1988.294065,54.8,1687.0,1632.2,515.1411111,971.2994236,35.4,1858.53,6.13122,4.19342,6.12351,2.19103,2.19103,4.19342,6.12351,5.83369,6.12351,2,1,1,1372.6,1.73384,193.882,1412.52,814.681,0.0,0.0,0.0,119.141,0.0868,0.0500624,0.0,0.0,0.0,0.0,0.333333333,0.0,0.555555556,0.0,0.0,0.0,0.111111111,0.0,0.0,0,0.0,0,0.0,0,0.0,0,0.0,0.0,0,0,0.0,0,0,0,0,0,0,0
LAU,8,14,6,9.888888889,3.820994635,1.52,2.1,0.58,1.684444444,0.345919066,80,101,21,95.11111111,12.00833044,10.0,17.36,7.36,15.36444444,4.094462114,0.02658,235.0,234.97342,59.46216444,124.059398,90.2,3173.0,3082.8,1075.466667,1988.294065,54.8,1687.0,1632.2,515.1411111,971.2994236,35.4,1858.53,6.14959,4.23727,5.85411,2.20989,2.20989,4.23727,6.14959,6.14959,5.85411,2,1,1,1372.36,1.73414,194.323,1415.98,816.532,0.0,0.0,0.0,120.356,0.0877,0.0505728,0.0,0.0,0.0,0.0,0.333333333,0.0,0.555555556,0.0,0.0,0.0,0.111111111,0.0,0.0,0,0.0,0,0.0,0,0.0,0,0.0,0.0,0,0,0.0,0,0,0,0,0,0,0
LAU,8,14,6,9.888888889,3.820994635,1.52,2.1,0.58,1.684444444,0.345919066,80,101,21,95.11111111,12.00833044,10.0,17.36,7.36,15.36444444,4.094462114,0.02658,235.0,234.97342,59.46216444,124.059398,90.2,3173.0,3082.8,1075.466667,1988.294065,54.8,1687.0,1632.2,515.1411111,971.2994236,35.4,1858.53,6.14091,4.21229,5.88749,2.20682,2.20682,4.21229,6.14091,5.78344,5.88749,2,1,1,1370.12,1.73697,193.354,1411.21,812.458,0.0,0.0,0.0,118.652,0.0866,0.049857,0.0,0.0,0.0,0.0,0.333333333,0.0,0.555555556,0.0,0.0,0.0,0.111111111,0.0,0.0,0,0.0,0,0.0,0,0.0,0,0.0,0.0,0,0,0.0,0,0,0,0,0,0,0
LAU,8,14,6,9.888888889,3.820994635,1.52,2.1,0.58,1.684444444,0.345919066,80,101,21,95.11111111,12.00833044,10.0,17.36,7.36,15.36444444,4.094462114,0.02658,235.0,234.97342,59.46216444,124.059398,90.2,3173.0,3082.8,1075.466667,1988.294065,54.8,1687.0,1632.2,515.1411111,971.2994236,35.4,1858.53,6.08409,4.19582,6.08409,2.18287,2.18287,4.19582,6.08409,6.08409,6.08409,2,1,1,1358.15,1.75228,189.783,1397.36,797.455,0.0,0.0,0.0,116.665,0.0859,0.0490218,0.0,0.0,0.0,0.0,0.333333333,0.0,0.555555556,0.0,0.0,0.0,0.111111111,0.0,0.0,0,0.0,0,0.0,0,0.0,0,0.0,0.0,0,0,0.0,0,0,0,0,0,0,0
LAU,8,14,6,9.888888889,3.820994635,1.52,2.1,0.58,1.684444444,0.345919066,80,101,21,95.11111111,12.00833044,10.0,17.36,7.36,15.36444444,4.094462114,0.02658,235.0,234.97342,59.46216444,124.059398,90.2,3173.0,3082.8,1075.466667,1988.294065,54.8,1687.0,1632.2,515.1411111,971.2994236,35.4,1858.53,6.03954,4.16857,6.03954,2.16502,2.16502,4.16857,6.03954,6.03954,6.03954,2,1,1,1351.72,1.76062,187.738,1388.89,788.863,0.0,0.0,0.0,114.896,0.085,0.0482785,0.0,0.0,0.0,0.0,0.333333333,0.0,0.555555556,0.0,0.0,0.0,0.111111111,0.0,0.0,0,0.0,0,0.0,0,0.0,0,0.0,0.0,0,0,0.0,0,0,0,0,0,0,0
LTA,8,14,6,9.833333333,3.689323937,1.52,2.1,0.58,1.67,0.31822424,80,101,21,94.83333333,12.50111106,10.0,17.36,7.36,15.25,4.302983461,0.02658,235.0,234.97342,64.18438667,132.9250288,90.2,3173.0,3082.8,1054.3,1934.463424,54.8,1687.0,1632.2,473.2783333,891.7012048,35.4,1858.53,11.41246,4.16219,11.41246,4.16219,4.16219,4.16219,11.41246,11.41246,11.41246,1,3,3,15002.7,1.26512,2522.81,1681.57,1329.18,525.597,350.336,276.918,3252.58,0.2168,0.171367,316.556,0.0211,0.0166782,0.0,0.5,0.0,0.25,0.0,0.25,0.0,0.0,0.0,0.0,0,0.0,0,0.0,0,0.0,0,0.0,0.0,0,0,0.0,0,0,0,0,0,0,3
FER,8,14,6,10.0,4.242640687,1.52,2.1,0.58,1.713333333,0.410121933,85,101,16,95.66666667,11.3137085,12.06,17.36,5.3,15.59333333,3.74766594,0.02658,150.0,149.97342,50.01772,106.0472223,90.2,3173.0,3082.8,1117.8,2179.868785,54.8,1687.0,1632.2,598.8666667,1154.139688,35.4,1486.0,5.8897,4.68428,5.38308,1.51311,3.23581,4.68428,5.8897,5.74474,5.38308,2,2,2,1952.36,1.83971,309.343,1584.46,861.25,0.0,0.0,0.0,166.536,0.0853,0.0463659,0.0,0.0,0.0,0.0,0.0,0.571428571,0.142857143,0.0,0.142857143,0.0,0.142857143,0.0,0.0,0,0.0,0,0.0,0,0.0,0,0.0,0.0,0,0,0.0,0,0,0,0,0,0,2
SOD,8,32,24,15.83333333,15.67198491,1.52,2.11,0.59,1.676666667,0.32829526,81,101,20,94.83333333,12.39399496,11.8,17.36,5.56,15.81166667,3.185513215,0.02658,60.0,59.97342,14.85105333,32.23703934,90.2,3093.0,3002.8,988.4666667,1814.049251,54.8,1211.4,1156.6,288.9183333,597.3312225,35.4,2174.09,5.84911,1.46531,5.84911,1.46531,1.46531,1.46531,5.84911,5.84911,5.84911,0,0,0,766.764,2.68101,0.0,0.0,0.0,102.274,1333.84,497.515,0.0,0.0,0.0,50.0697,0.0653,0.0243565,0.0,0.5,0.0,0.5,0.0,0.0,0.0,0.0,0.0,0.0,0,0.0,0,0.0,0,0.0,0,0.0,0.0,0,0,0.0,0,0,0,0,0,0,6
FAU,8,14,6,9.833333333,3.689323937,1.52,2.1,0.58,1.67,0.31822424,80,101,21,94.83333333,12.50111106,10.0,17.36,7.36,15.25,4.302983461,0.02658,235.0,234.97342,64.18438667,132.9250288,90.2,3173.0,3082.8,1054.3,1934.463424,54.8,1687.0,1632.2,473.2783333,891.7012048,35.4,1858.53,11.66329,7.45567,11.66325,7.45567,7.45567,7.45567,11.66325,11.66325,11.66323,1,3,3,15532.6,1.22196,2447.17,1575.51,1289.33,406.723,261.852,214.288,4440.76,0.2859,0.233968,212.796,0.0137,0.0112115,0.0,0.4,0.0,0.4,0.0,0.0,0.0,0.0,0.0,0.2,0,0.0,0,0.0,0,0.0,0,0.0,0.0,0,0,0.0,0,0,0,0,0,0,3
FAU,8,14,6,9.833333333,3.689323937,1.52,2.1,0.58,1.67,0.31822424,80,101,21,94.83333333,12.50111106,10.0,17.36,7.36,15.25,4.302983461,0.02658,235.0,234.97342,64.18438667,132.9250288,90.2,3173.0,3082.8,1054.3,1934.463424,54.8,1687.0,1632.2,473.2783333,891.7012048,35.4,1858.53,11.66614,7.30905,11.66607,7.30905,7.30905,7.30905,11.66607,11.66607,11.66607,1,3,3,15558.7,1.21991,2471.64,1588.59,1302.22,415.956,267.346,219.153,4414.01,0.2837,0.232559,220.934,0.0142,0.0116402,0.0,0.4,0.0,0.4,0.0,0.0,0.0,0.0,0.0,0.2,0,0.0,0,0.0,0,0.0,0,0.0,0.0,0,0,0.0,0,0,0,0,0,0,3
ABW,8,81,73,20.0,31.97603269,1.52,2.1,0.58,1.711428571,0.296153114,78,101,23,92.42857143,12.88668564,10.0,17.36,7.36,15.53142857,3.706365695,0.02658,235.0,234.97342,61.58661714,111.5099937,90.2,3173.0,3082.8,1153.114286,1647.784542,54.8,1687.0,1632.2,488.0957143,747.4913805,35.4,1858.53,2.17174,1.2141,1.75188,1.2141,1.03794,1.15158,1.75188,2.17174,1.81572,0,0,0,422.953,5.07949,0.0,0.0,0.0,0.0,0.0,0.0,0.0,0.0,0.0,0.0,0.0,0.0,0.0,0.333333333,0.0,0.333333333,0.0,0.333333333,0.0,0.0,0.0,0.0,0,0.0,0,0.0,0,0.0,0,0.0,0.0,0,0,0.0,0,0,0,0,0,0,5
OKO,8,14,6,10.0,4.242640687,1.52,2.1,0.58,1.713333333,0.410121933,85,101,16,95.66666667,11.3137085,12.06,17.36,5.3,15.59333333,3.74766594,0.02658,150.0,149.97342,50.01772,106.0472223,90.2,3173.0,3082.8,1117.8,2179.868785,54.8,1687.0,1632.2,598.8666667,1154.139688,35.4,1486.0,6.78274,5.91155,6.78274,1.46091,5.00047,5.91155,6.30208,6.78274,6.78274,2,2,2,3855.79,1.75956,594.615,1542.13,876.433,0.0,0.0,0.0,516.291,0.1339,0.0760988,0.0,0.0,0.0,0.0,0.0625,0.625,0.125,0.0,0.0,0.0,0.0625,0.0,0.125,0,0.0,0,0.0,0,0.0,0,0.0,0.0,0,0,0.0,0,0,0,0,0,0,2
SOD,8,14,6,9.833333333,3.689323937,1.52,2.1,0.58,1.67,0.31822424,80,101,21,94.83333333,12.50111106,10.0,17.36,7.36,15.25,4.302983461,0.02658,235.0,234.97342,64.18438667,132.9250288,90.2,3173.0,3082.8,1054.3,1934.463424,54.8,1687.0,1632.2,473.2783333,891.7012048,35.4,1858.53,5.91944,1.58005,5.91944,1.58005,1.58005,1.58005,5.91944,5.91944,5.91944,0,0,0,702.121,1.68954,0.0,0.0,0.0,95.342,1357.91,803.718,0.0,0.0,0.0,46.1294,0.0657,0.0388863,0.0,0.5,0.0,0.5,0.0,0.0,0.0,0.0,0.0,0.0,0,0.0,0,0.0,0,0.0,0,0.0,0.0,0,0,0.0,0,0,0,0,0,0,1
MTN,8,14,6,10.0,4.242640687,1.52,2.1,0.58,1.713333333,0.410121933,85,101,16,95.66666667,11.3137085,12.06,17.36,5.3,15.59333333,3.74766594,0.02658,150.0,149.97342,50.01772,106.0472223,90.2,3173.0,3082.8,1117.8,2179.868785,54.8,1687.0,1632.2,598.8666667,1154.139688,35.4,1486.0,7.0071,2.3761,7.0071,2.3761,2.3761,2.3761,7.0071,7.0071,7.0071,0,0,0,7256.31,1.86995,0.0,0.0,0.0,1076.77,1483.9,793.551,0.0,0.0,0.0,612.433,0.0844,0.0451348,0.0,0.0,0.666666667,0.333333333,0.0,0.0,0.0,0.0,0.0,0.0,0,0.0,0,0.0,0,0.0,0,0.0,0.0,0,0,0.0,0,0,0,0,0,0,1
MFI,8,14,6,10.0,4.242640687,1.52,2.1,0.58,1.713333333,0.410121933,85,101,16,95.66666667,11.3137085,12.06,17.36,5.3,15.59333333,3.74766594,0.02658,150.0,149.97342,50.01772,106.0472223,90.2,3173.0,3082.8,1117.8,2179.868785,54.8,1687.0,1632.2,598.8666667,1154.139688,35.4,1486.0,6.78231,5.32243,6.62298,5.12572,5.32243,5.12572,6.78231,6.62298,6.78231,1,3,3,5365.24,1.78521,818.257,1525.11,854.3,0.0,0.0,0.0,611.101,0.1139,0.0638019,0.0,0.0,0.0,0.0,0.03846153,0.423,0.308,0.0,0.0,0.0,0.23076,0.0,0.0,0,0.0,0,0.0,0,0.0,0,0.0,0.0,0,0,0.0,0,0,0,0,0,0,2
THO,8,14,6,9.833333333,3.689323937,1.52,2.1,0.58,1.67,0.31822424,80,101,21,94.83333333,12.50111106,10.0,17.36,7.36,15.25,4.302983461,0.02658,235.0,234.97342,64.18438667,132.9250288,90.2,3173.0,3082.8,1054.3,1934.463424,54.8,1687.0,1632.2,473.2783333,891.7012048,35.4,1858.53,4.65116,2.65455,4.65116,2.65455,2.39981,2.24878,4.65116,4.65116,3.54007,0,0,0,2257.27,1.75177,0.0,0.0,0.0,207.858,920.841,525.664,0.0,0.0,0.0,38.3735,0.017,0.00970448,0.0,0.5,0.0,0.0,0.0,0.5,0.0,0.0,0.0,0.0,0,0.0,0,0.0,0,0.0,0,0.0,0.0,0,0,0.0,0,0,0,0,0,0,0
SOD,4,14,10,8.333333333,4.136557882,1.52,2.1,0.58,1.618333333,0.304676513,77,101,24,94.33333333,13.72750685,4.85,17.36,12.51,14.39166667,6.626313287,0.02658,190.0,189.97342,56.68438667,114.4862214,90.2,3173.0,3082.8,1045.966667,1919.614506,54.8,1687.0,1632.2,577.7,1047.084431,35.4,1486.0,4.83238,0.96707,4.83238,0.96707,0.96707,0.96367,4.83238,4.83238,4.83238,0,0,0,557.787,1.80575,0.0,0.0,0.0,48.5162,869.797,481.683,0.0,0.0,0.0,15.4507,0.0277,0.0153399,0.0,0.5,0.0,0.5,0.0,0.0,0.0,0.0,0.0,0.0,0,0.0,0,0.0,0,0.0,0,0.0,0.0,0,0,0.0,0,0,0,0,0,0,0
SOD,4,14,10,8.333333333,4.136557882,1.52,2.1,0.58,1.618333333,0.304676513,77,101,24,94.33333333,13.72750685,4.85,17.36,12.51,14.39166667,6.626313287,0.02658,190.0,189.97342,56.68438667,114.4862214,90.2,3173.0,3082.8,1045.966667,1919.614506,54.8,1687.0,1632.2,577.7,1047.084431,35.4,1486.0,4.80124,0.94629,4.80124,0.94629,0.94629,0.94278,4.80124,4.80124,4.80124,0,0,0,555.047,1.81466,0.0,0.0,0.0,47.4355,854.621,470.953,0.0,0.0,0.0,15.0418,0.0271,0.0149339,0.0,0.5,0.0,0.5,0.0,0.0,0.0,0.0,0.0,0.0,0,0.0,0,0.0,0,0.0,0,0.0,0.0,0,0,0.0,0,0,0,0,0,0,0
NAT,8,14,6,9.866666667,3.763072453,1.52,2.1,0.58,1.678666667,0.334685353,80,101,21,95.0,12.19265001,10.0,17.36,7.36,15.31866667,4.17427667,0.02658,235.0,234.97342,61.35105333,127.5581437,90.2,3173.0,3082.8,1067.0,1963.904425,54.8,1687.0,1632.2,498.396,939.0837544,35.4,1858.53,3.44021,2.60345,3.44021,2.58587,2.60345,2.60345,3.44021,3.44021,3.44021,0,0,0,2243.18,1.76604,0.0,0.0,0.0,144.909,646.001,365.791,0.0,0.0,0.0,14.132,0.0063,0.0035673,0.0,0.5,0.0,0.0,0.0,0.25,0.25,0.0,0.0,0.0,0,0.0,0,0.0,0,0.0,0,0.0,0.0,0,0,0.0,0,0,0,0,0,0,0
NAT,8,14,6,9.866666667,3.763072453,1.52,2.1,0.58,1.678666667,0.334685353,80,101,21,95.0,12.19265001,10.0,17.36,7.36,15.31866667,4.17427667,0.02658,235.0,234.97342,61.35105333,127.5581437,90.2,3173.0,3082.8,1067.0,1963.904425,54.8,1687.0,1632.2,498.396,939.0837544,35.4,1858.53,3.44394,2.60462,3.44394,2.58816,2.60462,2.60462,3.44394,3.44394,3.44394,0,0,0,2246.57,1.76337,0.0,0.0,0.0,147.493,656.522,372.311,0.0,0.0,0.0,14.8274,0.0066,0.00374283,0.0,0.5,0.0,0.0,0.0,0.25,0.25,0.0,0.0,0.0,0,0.0,0,0.0,0,0.0,0,0.0,0.0,0,0,0.0,0,0,0,0,0,0,0
TON,8,14,6,10.0,4.242640687,1.52,2.1,0.58,1.713333333,0.410121933,85,101,16,95.66666667,11.3137085,12.06,17.36,5.3,15.59333333,3.74766594,0.02658,150.0,149.97342,50.01772,106.0472223,90.2,3173.0,3082.8,1117.8,2179.868785,54.8,1687.0,1632.2,598.8666667,1154.139688,35.4,1486.0,5.18769,4.64602,5.18769,1.69328,1.50744,4.64602,4.06763,5.18769,5.18769,2,1,1,1214.89,1.97098,132.134,1087.62,551.817,0.0,0.0,0.0,73.6223,0.0606,0.0307461,0.0,0.0,0.0,0.0,0.0,0.2,0.6,0.0,0.0,0.0,0.2,0.0,0.0,0,0.0,0,0.0,0,0.0,0,0.0,0.0,0,0,0.0,0,0,0,0,0,0,2
LTA,8,14,6,9.833333333,3.689323937,1.52,2.1,0.58,1.67,0.31822424,80,101,21,94.83333333,12.50111106,10.0,17.36,7.36,15.25,4.302983461,0.02658,235.0,234.97342,64.18438667,132.9250288,90.2,3173.0,3082.8,1054.3,1934.463424,54.8,1687.0,1632.2,473.2783333,891.7012048,35.4,1858.53,11.31058,4.21023,11.31054,4.21023,4.21022,4.21022,11.31054,11.31058,11.31058,1,3,3,14570.4,1.30265,2456.88,1686.21,1294.44,450.062,308.888,237.122,3157.41,0.2167,0.166353,253.525,0.0174,0.0133573,0.0,0.5,0.0,0.25,0.0,0.25,0.0,0.0,0.0,0.0,0,0.0,0,0.0,0,0.0,0,0.0,0.0,0,0,0.0,0,0,0,0,0,0,3
CAN,8,14,6,9.833333333,3.689323937,1.52,2.1,0.58,1.67,0.31822424,80,101,21,94.83333333,12.50111106,10.0,17.36,7.36,15.25,4.302983461,0.02658,235.0,234.97342,64.18438667,132.9250288,90.2,3173.0,3082.8,1054.3,1934.463424,54.8,1687.0,1632.2,473.2783333,891.7012048,35.4,1858.53,6.26218,5.90152,6.26218,1.59481,1.59481,5.90152,6.26217,6.26218,6.26218,1,1,1,721.701,1.6437,65.9022,913.151,555.545,36.5365,506.255,307.997,50.3748,0.0698,0.0424651,9.88731,0.0137,0.00833484,0.0,0.25,0.0,0.5,0.0,0.0,0.0,0.0,0.0,0.25,0,0.0,0,0.0,0,0.0,0,0.0,0.0,0,0,0.0,0,0,0,0,0,0,0
GOO,8,14,6,9.916666667,3.904210182,1.52,2.1,0.58,1.691666667,0.36046795,80,101,21,95.25,11.80012106,10.0,17.36,7.36,15.42166667,4.000442118,0.02658,235.0,234.97342,57.10105333,119.7129726,90.2,3173.0,3082.8,1086.05,2024.567005,54.8,1687.0,1632.2,536.0725,1012.900745,35.4,1858.53,4.41376,2.9202,4.40472,2.84997,2.70832,2.9202,4.39647,4.0674,4.40472,2,2,2,907.308,1.75135,146.201,1611.37,920.072,0.0,0.0,0.0,38.3791,0.0423,0.0241528,0.0,0.0,0.0,0.0,0.333333333,0.0,0.222222222,0.0,0.444444444,0.0,0.0,0.0,0.0,0,0.0,0,0.0,0,0.0,0,0.0,0.0,0,0,0.0,0,0,0,0,0,0,0
RHO,3,15,12,8.135802469,4.544239526,1.52,1.82,0.3,1.581481481,0.157534259,12,101,89,90.32098765,29.7528571,4.85,17.36,12.51,15.18839506,6.031287602,0.02658,190.0,189.97342,33.4470884,93.03562018,90.2,2742.0,2651.8,645.3012346,1296.873319,54.8,1560.0,1505.2,341.304321,711.6907764,35.4,1182.0,4.4767,2.19192,4.37636,2.19192,2.19192,2.19192,4.37636,4.4767,4.37636,0,0,0,2617.23,1.70859,0.0,0.0,0.0,248.459,949.321,555.616,0.0,0.0,0.0,54.7001,0.0209,0.0122323,0.0,0.5,0.0,0.25,0.0,0.25,0.0,0.0,0.0,0.0,0,0.0,0,0.0,0,0.0,0,0.0,0.0,0,0,0.0,0,0,0,0,0,0,5
MFI,8,14,6,10.0,4.242640687,1.52,2.1,0.58,1.713333333,0.410121933,85,101,16,95.66666667,11.3137085,12.06,17.36,5.3,15.59333333,3.74766594,0.02658,150.0,149.97342,50.01772,106.0472223,90.2,3173.0,3082.8,1117.8,2179.868785,54.8,1687.0,1632.2,598.8666667,1154.139688,35.4,1486.0,6.84204,5.06327,6.79161,5.06327,4.77241,4.77241,6.79161,6.84204,6.84204,1,3,3,5324.47,1.79888,802.182,1506.6,837.518,0.0,0.0,0.0,561.199,0.1054,0.0585919,0.0,0.0,0.0,0.0,0.03846153,0.423,0.308,0.0,0.0,0.0,0.23076,0.0,0.0,0,0.0,0,0.0,0,0.0,0,0.0,0.0,0,0,0.0,0,0,0,0,0,0,2
MFI,8,14,6,10.0,4.242640687,1.52,2.1,0.58,1.713333333,0.410121933,85,101,16,95.66666667,11.3137085,12.06,17.36,5.3,15.59333333,3.74766594,0.02658,150.0,149.97342,50.01772,106.0472223,90.2,3173.0,3082.8,1117.8,2179.868785,54.8,1687.0,1632.2,598.8666667,1154.139688,35.4,1486.0,6.55732,4.89596,6.53314,4.59072,4.89596,4.59072,6.55732,6.53314,6.55732,1,3,3,5346.98,1.79131,821.182,1535.79,857.354,0.0,0.0,0.0,547.531,0.1024,0.0571649,0.0,0.0,0.0,0.0,0.03846153,0.423,0.308,0.0,0.0,0.0,0.23076,0.0,0.0,0,0.0,0,0.0,0,0.0,0,0.0,0.0,0,0,0.0,0,0,0,0,0,0,2
CAN,8,15,7,9.647058824,4.949747468,1.52,1.8,0.28,1.585882353,0.197989899,90,101,11,98.41176471,7.778174593,17.02,17.36,0.34,17.28,0.240416306,0.02658,0.236,0.20942,0.075855294,0.148082302,90.2,550.0,459.8,198.3882353,325.127698,54.8,317.3,262.5,116.5647059,185.6155301,35.4,232.7,3.87618,3.10513,3.87618,0.79411,3.10513,3.10513,3.87618,3.87618,3.87618,1,2,2,730.794,1.50823,121.375,1660.87,1101.2,0.0,0.0,0.0,23.4585,0.0321,0.0212832,0.0,0.0,0.0,0.0,0.25,0.0,0.5,0.0,0.0,0.0,0.0,0.0,0.25,0,0.0,0,0.0,0,0.0,0,0.0,0.0,0,0,0.0,0,0,0,0,0,0,7
ANA,8,14,6,9.888888889,3.820994635,1.52,2.1,0.58,1.684444444,0.345919066,80,101,21,95.11111111,12.00833044,10.0,17.36,7.36,15.36444444,4.094462114,0.02658,235.0,234.97342,59.46216444,124.059398,90.2,3173.0,3082.8,1075.466667,1988.294065,54.8,1687.0,1632.2,515.1411111,971.2994236,35.4,1858.53,3.9903,2.19538,3.47804,2.19538,2.17701,2.15212,3.47804,3.9903,3.9895,0,0,0,2542.33,1.87218,0.0,0.0,0.0,195.005,767.031,409.699,0.0,0.0,0.0,36.8638,0.0145,0.00774497,0.0,0.333333333,0.0,0.333333333,0.0,0.333333333,0.0,0.0,0.0,0.0,0,0.0,0,0.0,0,0.0,0,0.0,0.0,0,0,0.0,0,0,0,0,0,0,0
SFO,8,15,7,10.0,4.082482905,1.52,1.84,0.32,1.62,0.200665559,80,101,21,95.66666667,11.4212278,10.0,17.36,7.36,16.07666667,3.847229884,0.02658,235.0,234.97342,39.22372,123.8198386,90.2,2792.0,2701.8,617.1333333,1395.849425,54.8,933.47,878.67,244.995,456.0418076,35.4,1858.53,7.64544,6.87339,7.63485,1.81693,3.20218,6.87339,7.55455,7.64544,7.63485,2,2,2,4226.72,1.53315,787.85,1863.97,1215.78,0.0,0.0,0.0,750.665,0.1776,0.11584,0.0,0.0,0.0,0.0,0.5,0.0,0.3,0.0,0.1,0.0,0.0,0.0,0.1,0,0.0,0,0.0,0,0.0,0,0.0,0.0,0,0,0.0,0,0,0,0,0,0,4
SFO,8,15,7,10.0,4.082482905,1.52,1.84,0.32,1.62,0.200665559,80,101,21,95.66666667,11.4212278,10.0,17.36,7.36,16.07666667,3.847229884,0.02658,235.0,234.97342,39.22372,123.8198386,90.2,2792.0,2701.8,617.1333333,1395.849425,54.8,933.47,878.67,244.995,456.0418076,35.4,1858.53,7.84951,6.87935,7.75163,1.74387,3.54274,6.87935,7.84678,7.84951,7.75163,2,2,2,4311.34,1.50306,832.298,1930.49,1284.37,0.0,0.0,0.0,810.964,0.1881,0.125145,0.0,0.0,0.0,0.0,0.5,0.0,0.3,0.0,0.1,0.0,0.0,0.0,0.1,0,0.0,0,0.0,0,0.0,0,0.0,0.0,0,0,0.0,0,0,0,0,0,0,4
BCT,8,15,7,9.4,4.949747468,1.52,1.8,0.28,1.576,0.197989899,90,101,11,98.8,7.778174593,17.02,17.36,0.34,17.292,0.240416306,0.02658,0.236,0.20942,0.068464,0.148082302,90.2,550.0,459.8,182.16,325.127698,54.8,317.3,262.5,107.3,185.6155301,35.4,232.7,3.52773,3.11506,3.52773,3.11506,2.36221,2.64549,3.52773,3.52773,3.52773,2,1,1,493.075,1.27933,57.5454,1167.07,912.252,0.558389,11.3246,8.852,10.0587,0.0204,0.0159459,0.0493075,0.0001,7.8166e-05,0.0,0.333333333,0.0,0.333333333,0.0,0.333333333,0.0,0.0,0.0,0.0,0,0.0,0,0.0,0,0.0,0,0.0,0.0,0,0,0.0,0,0,0,0,0,0,7
STI,8,14,6,10.0,4.242640687,1.52,2.1,0.58,1.713333333,0.410121933,85,101,16,95.66666667,11.3137085,12.06,17.36,5.3,15.59333333,3.74766594,0.02658,150.0,149.97342,50.01772,106.0472223,90.2,3173.0,3082.8,1117.8,2179.868785,54.8,1687.0,1632.2,598.8666667,1154.139688,35.4,1486.0,6.07447,4.73118,6.07447,4.73118,1.71199,2.86787,6.07447,6.07447,6.07447,2,2,2,4407.12,1.62999,820.302,1861.31,1141.91,0.0,0.0,0.0,533.261,0.121,0.0742334,0.0,0.0,0.0,0.0,0.285714286,0.142857143,0.142857143,0.0,0.285714286,0.0,0.142857143,0.0,0.0,0,0.0,0,0.0,0,0.0,0,0.0,0.0,0,0,0.0,0,0,0,0,0,0,2
TON,8,14,6,10.0,4.242640687,1.52,2.1,0.58,1.713333333,0.410121933,85,101,16,95.66666667,11.3137085,12.06,17.36,5.3,15.59333333,3.74766594,0.02658,150.0,149.97342,50.01772,106.0472223,90.2,3173.0,3082.8,1117.8,2179.868785,54.8,1687.0,1632.2,598.8666667,1154.139688,35.4,1486.0,5.39971,4.88381,5.39971,1.73935,1.37352,4.88381,5.36688,5.39971,5.39971,2,1,1,1212.03,1.97563,122.378,1009.7,511.076,0.0,0.0,0.0,71.1463,0.0587,0.0297121,0.0,0.0,0.0,0.0,0.0,0.2,0.6,0.0,0.0,0.0,0.2,0.0,0.0,0,0.0,0,0.0,0,0.0,0,0.0,0.0,0,0,0.0,0,0,0,0,0,0,2
TON,8,14,6,10.0,4.242640687,1.52,2.1,0.58,1.713333333,0.410121933,85,101,16,95.66666667,11.3137085,12.06,17.36,5.3,15.59333333,3.74766594,0.02658,150.0,149.97342,50.01772,106.0472223,90.2,3173.0,3082.8,1117.8,2179.868785,54.8,1687.0,1632.2,598.8666667,1154.139688,35.4,1486.0,5.33306,4.85463,5.33306,1.60515,1.26493,4.85463,4.86168,5.33306,5.33306,2,1,1,1185.28,2.02023,116.107,979.577,484.885,0.0,0.0,0.0,66.8495,0.0564,0.0279177,0.0,0.0,0.0,0.0,0.0,0.2,0.6,0.0,0.0,0.0,0.2,0.0,0.0,0,0.0,0,0.0,0,0.0,0,0.0,0.0,0,0,0.0,0,0,0,0,0,0,2
KFI,8,14,6,9.986206897,4.242640687,1.52,2.1,0.58,1.712,0.410121933,85,101,16,95.70344828,11.3137085,12.06,17.36,5.3,15.60551724,3.74766594,0.02658,150.0,149.97342,49.67295352,106.0472223,90.2,3173.0,3082.8,1110.713103,2179.868785,54.8,1687.0,1632.2,595.1144828,1154.139688,35.4,1486.0,6.11855,3.71158,6.11855,3.71158,3.71158,3.71158,6.11855,6.11855,6.11855,1,3,3,6383.31,1.50881,1513.8,2371.5,1571.77,29.9165,46.8668,31.062,756.422,0.1185,0.0785385,1.91499,0.0003,0.000198832,0.0,0.4,0.0,0.2,0.0,0.4,0.0,0.0,0.0,0.0,0,0.0,0,0.0,0,0.0,0,0.0,0.0,0,0,0.0,0,0,0,0,0,0,2
POR,8,15,7,9.92,4.094283563,1.52,1.84,0.32,1.616,0.201311489,80,101,21,95.88,11.44437347,10.0,17.36,7.36,16.128,3.838808066,0.02658,235.0,234.97342,37.6558344,123.4946156,90.2,2792.0,2701.8,596.056,1394.517572,54.8,933.47,878.67,237.3872,456.1726444,35.4,1858.53,5.74796,3.75427,5.74796,3.75427,3.75427,3.19253,5.74796,5.74796,5.08765,1,3,3,3786.95,1.76731,720.511,1902.61,1076.56,0.0,0.0,0.0,325.678,0.086,0.0486615,0.0,0.0,0.0,0.0,0.416666667,0.0,0.25,0.0,0.333333333,0.0,0.0,0.0,0.0,0,0.0,0,0.0,0,0.0,0,0.0,0.0,0,0,0.0,0,0,0,0,0,0,4
POR,8,15,7,10.0,4.082482905,1.52,1.84,0.32,1.62,0.200665559,80,101,21,95.66666667,11.4212278,10.0,17.36,7.36,16.07666667,3.847229884,0.02658,235.0,234.97342,39.22372,123.8198386,90.2,2792.0,2701.8,617.1333333,1395.849425,54.8,933.47,878.67,244.995,456.0418076,35.4,1858.53,5.62389,3.53884,5.58411,3.53884,3.53884,3.2434,5.62389,5.58411,5.27927,1,3,3,3663.39,1.76891,690.368,1884.51,1065.35,0.0,0.0,0.0,313.952,0.0857,0.048448,0.0,0.0,0.0,0.0,0.416666667,0.0,0.25,0.0,0.333333333,0.0,0.0,0.0,0.0,0,0.0,0,0.0,0,0.0,0,0.0,0.0,0,0,0.0,0,0,0,0,0,0,4
MFI,8,14,6,10.0,4.242640687,1.52,2.1,0.58,1.713333333,0.410121933,85,101,16,95.66666667,11.3137085,12.06,17.36,5.3,15.59333333,3.74766594,0.02658,150.0,149.97342,50.01772,106.0472223,90.2,3173.0,3082.8,1117.8,2179.868785,54.8,1687.0,1632.2,598.8666667,1154.139688,35.4,1486.0,6.86476,5.22894,6.86476,5.06896,5.22894,5.06896,6.86476,6.86476,6.86476,1,3,3,5344.59,1.79211,809.859,1515.29,845.533,0.0,0.0,0.0,592.18,0.1108,0.0618265,0.0,0.0,0.0,0.0,0.03846153,0.423,0.308,0.0,0.0,0.0,0.23076,0.0,0.0,0,0.0,0,0.0,0,0.0,0,0.0,0.0,0,0,0.0,0,0,0,0,0,0,2
FAU,8,14,6,10.0,4.242640687,1.52,2.1,0.58,1.713333333,0.410121933,85,101,16,95.66666667,11.3137085,12.06,17.36,5.3,15.59333333,3.74766594,0.02658,150.0,149.97342,50.01772,106.0472223,90.2,3173.0,3082.8,1117.8,2179.868785,54.8,1687.0,1632.2,598.8666667,1154.139688,35.4,1486.0,10.9178,7.16529,10.9178,7.16529,7.16529,7.16529,10.9178,10.9178,10.9178,1,3,3,14307.7,1.33888,2326.87,1626.31,1214.68,341.647,238.786,178.348,3838.75,0.2683,0.200392,165.969,0.0116,0.00866399,0.0,0.4,0.0,0.4,0.0,0.0,0.0,0.0,0.0,0.2,0,0.0,0,0.0,0,0.0,0,0.0,0.0,0,0,0.0,0,0,0,0,0,0,3
MFI,8,14,6,10.0,4.242640687,1.52,2.1,0.58,1.713333333,0.410121933,85,101,16,95.66666667,11.3137085,12.06,17.36,5.3,15.59333333,3.74766594,0.02658,150.0,149.97342,50.01772,106.0472223,90.2,3173.0,3082.8,1117.8,2179.868785,54.8,1687.0,1632.2,598.8666667,1154.139688,35.4,1486.0,6.6825,5.46868,6.6825,5.03717,5.46868,5.03717,6.6825,6.6825,6.6825,1,3,3,5400.38,1.7736,808.248,1496.65,843.85,0.188029,0.348177,0.196311,590.262,0.1093,0.0616262,0.0,0.0,0.0,0.0,0.03846153,0.423,0.308,0.0,0.0,0.0,0.23076,0.0,0.0,0,0.0,0,0.0,0,0.0,0,0.0,0.0,0,0,0.0,0,0,0,0,0,0,2
MFI,8,14,6,10.0,4.242640687,1.52,2.1,0.58,1.713333333,0.410121933,85,101,16,95.66666667,11.3137085,12.06,17.36,5.3,15.59333333,3.74766594,0.02658,150.0,149.97342,50.01772,106.0472223,90.2,3173.0,3082.8,1117.8,2179.868785,54.8,1687.0,1632.2,598.8666667,1154.139688,35.4,1486.0,6.52398,5.12078,6.44296,5.11604,5.12078,5.11604,6.52398,6.44296,6.52398,1,3,3,5388.31,1.77757,803.369,1490.95,838.756,0.442533,0.821283,0.462026,577.087,0.1071,0.0602508,0.0,0.0,0.0,0.0,0.03846153,0.423,0.308,0.0,0.0,0.0,0.23076,0.0,0.0,0,0.0,0,0.0,0,0.0,0,0.0,0.0,0,0,0.0,0,0,0,0,0,0,2
MFI,8,14,6,10.0,4.242640687,1.52,2.1,0.58,1.713333333,0.410121933,85,101,16,95.66666667,11.3137085,12.06,17.36,5.3,15.59333333,3.74766594,0.02658,150.0,149.97342,50.01772,106.0472223,90.2,3173.0,3082.8,1117.8,2179.868785,54.8,1687.0,1632.2,598.8666667,1154.139688,35.4,1486.0,6.9006,5.21711,6.71497,5.21711,5.07308,5.07308,6.71497,6.9006,6.74977,1,3,3,5391.95,1.77637,805.576,1494.04,841.061,0.841382,1.56044,0.878444,601.202,0.1115,0.0627685,0.0,0.0,0.0,0.0,0.03846153,0.423,0.308,0.0,0.0,0.0,0.23076,0.0,0.0,0,0.0,0,0.0,0,0.0,0,0.0,0.0,0,0,0.0,0,0,0,0,0,0,2
MFI,8,14,6,10.0,4.242640687,1.52,2.1,0.58,1.713333333,0.410121933,85,101,16,95.66666667,11.3137085,12.06,17.36,5.3,15.59333333,3.74766594,0.02658,150.0,149.97342,50.01772,106.0472223,90.2,3173.0,3082.8,1117.8,2179.868785,54.8,1687.0,1632.2,598.8666667,1154.139688,35.4,1486.0,6.98772,5.12437,6.98772,5.12437,5.09812,5.09812,6.98772,6.93021,6.98772,1,3,3,5393.37,1.7759,813.118,1507.62,848.935,0.515655,0.95609,0.538369,612.687,0.1136,0.0639676,0.0,0.0,0.0,0.0,0.03846153,0.423,0.308,0.0,0.0,0.0,0.23076,0.0,0.0,0,0.0,0,0.0,0,0.0,0,0.0,0.0,0,0,0.0,0,0,0,0,0,0,2
MFI,8,14,6,10.0,4.242640687,1.52,2.1,0.58,1.713333333,0.410121933,85,101,16,95.66666667,11.3137085,12.06,17.36,5.3,15.59333333,3.74766594,0.02658,150.0,149.97342,50.01772,106.0472223,90.2,3173.0,3082.8,1117.8,2179.868785,54.8,1687.0,1632.2,598.8666667,1154.139688,35.4,1486.0,6.98351,5.3605,6.98351,5.07512,5.3605,5.07511,6.98351,6.98351,6.98351,1,3,3,5384.69,1.77876,804.093,1493.29,839.513,0.364662,0.67722,0.380725,600.393,0.1115,0.062684,0.0,0.0,0.0,0.0,0.03846153,0.423,0.308,0.0,0.0,0.0,0.23076,0.0,0.0,0,0.0,0,0.0,0,0.0,0,0.0,0.0,0,0,0.0,0,0,0,0,0,0,2
MFI,8,14,6,10.0,4.242640687,1.52,2.1,0.58,1.713333333,0.410121933,85,101,16,95.66666667,11.3137085,12.06,17.36,5.3,15.59333333,3.74766594,0.02658,150.0,149.97342,50.01772,106.0472223,90.2,3173.0,3082.8,1117.8,2179.868785,54.8,1687.0,1632.2,598.8666667,1154.139688,35.4,1486.0,6.82944,5.39603,6.75387,4.92846,5.39603,4.92846,6.82944,6.75387,6.82944,1,3,3,5385.11,1.77863,792.785,1472.18,827.706,0.276345,0.513166,0.288518,583.207,0.1083,0.0608897,0.0,0.0,0.0,0.0,0.03846153,0.423,0.308,0.0,0.0,0.0,0.23076,0.0,0.0,0,0.0,0,0.0,0,0.0,0,0.0,0.0,0,0,0.0,0,0,0,0,0,0,2
BIK,3,14,11,9.090909091,4.2604595,1.52,2.1,0.58,1.681818182,0.310151478,12,101,89,88.09090909,34.25616512,10.0,17.36,7.36,15.33272727,3.741145506,0.02658,235.0,234.97342,56.38055091,109.9117625,90.2,3173.0,3082.8,1034.945455,1770.784489,54.8,1687.0,1632.2,467.7054545,854.7833861,35.4,1858.53,2.14691,1.55626,1.8645,1.04046,1.55626,0.64231,2.14691,1.8645,2.02878,0,0,0,294.368,2.27997,0.0,0.0,0.0,0.0,0.0,0.0,0.0,0.0,0.0,0.0,0.0,0.0,0.0,0.0,0.333333333,0.333333333,0.0,0.333333333,0.0,0.0,0.0,0.0,0,0.0,0,0.0,0,0.0,0,0.0,0.0,0,0,0.0,0,0,0,0,0,0,5
BIK,3,14,11,9.090909091,4.2604595,1.52,2.1,0.58,1.681818182,0.310151478,12,101,89,88.09090909,34.25616512,10.0,17.36,7.36,15.33272727,3.741145506,0.02658,235.0,234.97342,56.38055091,109.9117625,90.2,3173.0,3082.8,1034.945455,1770.784489,54.8,1687.0,1632.2,467.7054545,854.7833861,35.4,1858.53,2.07568,1.54082,1.82214,0.988,1.54082,0.64741,2.00678,1.82214,2.0396,0,0,0,288.735,2.32445,0.0,0.0,0.0,0.0,0.0,0.0,0.0,0.0,0.0,0.0,0.0,0.0,0.0,0.0,0.333333333,0.333333333,0.0,0.333333333,0.0,0.0,0.0,0.0,0,0.0,0,0.0,0,0.0,0,0.0,0.0,0,0,0.0,0,0,0,0,0,0,5
BIK,3,14,11,9.090909091,4.2604595,1.52,2.1,0.58,1.681818182,0.310151478,12,101,89,88.09090909,34.25616512,10.0,17.36,7.36,15.33272727,3.741145506,0.02658,235.0,234.97342,56.38055091,109.9117625,90.2,3173.0,3082.8,1034.945455,1770.784489,54.8,1687.0,1632.2,467.7054545,854.7833861,35.4,1858.53,1.99424,1.28058,1.84177,0.97113,1.28058,0.62961,1.98663,1.84177,1.79611,0,0,0,282.707,2.37401,0.0,0.0,0.0,0.0,0.0,0.0,0.0,0.0,0.0,0.0,0.0,0.0,0.0,0.0,0.333333333,0.333333333,0.0,0.333333333,0.0,0.0,0.0,0.0,0,0.0,0,0.0,0,0.0,0,0.0,0.0,0,0,0.0,0,0,0,0,0,0,5
BIK,3,14,11,9.090909091,4.2604595,1.52,2.1,0.58,1.681818182,0.310151478,12,101,89,88.09090909,34.25616512,10.0,17.36,7.36,15.33272727,3.741145506,0.02658,235.0,234.97342,56.38055091,109.9117625,90.2,3173.0,3082.8,1034.945455,1770.784489,54.8,1687.0,1632.2,467.7054545,854.7833861,35.4,1858.53,1.85265,1.13029,1.85265,0.95803,1.13029,0.63002,1.84024,1.85265,1.85265,0,0,0,273.425,2.4546,0.0,0.0,0.0,0.0,0.0,0.0,0.0,0.0,0.0,0.0,0.0,0.0,0.0,0.0,0.333333333,0.333333333,0.0,0.333333333,0.0,0.0,0.0,0.0,0,0.0,0,0.0,0,0.0,0,0.0,0.0,0,0,0.0,0,0,0,0,0,0,5
BIK,3,14,11,9.090909091,4.2604595,1.52,2.1,0.58,1.681818182,0.310151478,12,101,89,88.09090909,34.25616512,10.0,17.36,7.36,15.33272727,3.741145506,0.02658,235.0,234.97342,56.38055091,109.9117625,90.2,3173.0,3082.8,1034.945455,1770.784489,54.8,1687.0,1632.2,467.7054545,854.7833861,35.4,1858.53,1.81335,1.14255,1.81335,0.95688,1.14255,0.61725,1.80745,1.81335,1.81335,0,0,0,270.267,2.48329,0.0,0.0,0.0,0.0,0.0,0.0,0.0,0.0,0.0,0.0,0.0,0.0,0.0,0.0,0.333333333,0.333333333,0.0,0.333333333,0.0,0.0,0.0,0.0,0,0.0,0,0.0,0,0.0,0,0.0,0.0,0,0,0.0,0,0,0,0,0,0,5
TON,8,14,6,10.0,4.242640687,1.52,2.1,0.58,1.713333333,0.410121933,85,101,16,95.66666667,11.3137085,12.06,17.36,5.3,15.59333333,3.74766594,0.02658,150.0,149.97342,50.01772,106.0472223,90.2,3173.0,3082.8,1117.8,2179.868785,54.8,1687.0,1632.2,598.8666667,1154.139688,35.4,1486.0,5.47023,5.00899,5.47023,1.72727,1.30895,5.00899,4.99924,3.55453,5.47023,2,1,1,1214.65,1.97137,126.721,1043.27,529.212,0.0,0.0,0.0,76.037,0.0626,0.0317546,0.0,0.0,0.0,0.0,0.0,0.2,0.6,0.0,0.0,0.0,0.2,0.0,0.0,0,0.0,0,0.0,0,0.0,0,0.0,0.0,0,0,0.0,0,0,0,0,0,0,2
TON,8,14,6,10.0,4.242640687,1.52,2.1,0.58,1.713333333,0.410121933,85,101,16,95.66666667,11.3137085,12.06,17.36,5.3,15.59333333,3.74766594,0.02658,150.0,149.97342,50.01772,106.0472223,90.2,3173.0,3082.8,1117.8,2179.868785,54.8,1687.0,1632.2,598.8666667,1154.139688,35.4,1486.0,5.47868,5.04046,5.47868,1.6604,1.36935,5.04046,5.03556,5.47868,5.47868,2,1,1,1222.62,1.95851,125.781,1028.78,525.286,0.0,0.0,0.0,75.9249,0.0621,0.0317077,0.0,0.0,0.0,0.0,0.0,0.2,0.6,0.0,0.0,0.0,0.2,0.0,0.0,0,0.0,0,0.0,0,0.0,0,0.0,0.0,0,0,0.0,0,0,0,0,0,0,2
FER,8,14,6,10.0,4.242640687,1.52,2.1,0.58,1.713333333,0.410121933,85,101,16,95.66666667,11.3137085,12.06,17.36,5.3,15.59333333,3.74766594,0.02658,150.0,149.97342,50.01772,106.0472223,90.2,3173.0,3082.8,1117.8,2179.868785,54.8,1687.0,1632.2,598.8666667,1154.139688,35.4,1486.0,5.41634,4.67985,5.25635,1.31127,3.36836,4.67985,5.41634,5.41634,5.25635,2,2,2,1874.59,1.91604,289.661,1545.2,806.455,0.0,0.0,0.0,145.093,0.0774,0.0403958,0.0,0.0,0.0,0.0,0.0,0.571428571,0.142857143,0.0,0.142857143,0.0,0.142857143,0.0,0.0,0,0.0,0,0.0,0,0.0,0,0.0,0.0,0,0,0.0,0,0,0,0,0,0,2
MFI,8,14,6,10.0,4.242640687,1.52,2.1,0.58,1.713333333,0.410121933,85,101,16,95.66666667,11.3137085,12.06,17.36,5.3,15.59333333,3.74766594,0.02658,150.0,149.97342,50.01772,106.0472223,90.2,3173.0,3082.8,1117.8,2179.868785,54.8,1687.0,1632.2,598.8666667,1154.139688,35.4,1486.0,6.87191,5.2415,6.65866,5.15398,5.2415,5.15398,6.87191,6.65866,6.87191,1,3,3,5411.71,1.76988,824.579,1523.69,860.901,0.0,0.0,0.0,646.699,0.1195,0.0675185,0.0,0.0,0.0,0.0,0.03846153,0.423,0.308,0.0,0.0,0.0,0.23076,0.0,0.0,0,0.0,0,0.0,0,0.0,0,0.0,0.0,0,0,0.0,0,0,0,0,0,0,2
STI,8,14,6,10.0,4.242640687,1.52,2.1,0.58,1.713333333,0.410121933,85,101,16,95.66666667,11.3137085,12.06,17.36,5.3,15.59333333,3.74766594,0.02658,150.0,149.97342,50.01772,106.0472223,90.2,3173.0,3082.8,1117.8,2179.868785,54.8,1687.0,1632.2,598.8666667,1154.139688,35.4,1486.0,6.13692,4.83301,6.13692,4.83301,1.7263,2.9101,6.13692,6.13692,6.13692,2,2,2,4426.18,1.62297,825.203,1864.37,1148.74,0.0,0.0,0.0,547.075,0.1236,0.0761565,0.0,0.0,0.0,0.0,0.285714286,0.142857143,0.142857143,0.0,0.285714286,0.0,0.142857143,0.0,0.0,0,0.0,0,0.0,0,0.0,0,0.0,0.0,0,0,0.0,0,0,0,0,0,0,2
STI,8,14,6,10.0,4.242640687,1.52,2.1,0.58,1.713333333,0.410121933,85,101,16,95.66666667,11.3137085,12.06,17.36,5.3,15.59333333,3.74766594,0.02658,150.0,149.97342,50.01772,106.0472223,90.2,3173.0,3082.8,1117.8,2179.868785,54.8,1687.0,1632.2,598.8666667,1154.139688,35.4,1486.0,6.11639,4.89251,6.11639,4.89251,1.76544,2.92103,6.11639,6.11639,6.11639,2,2,2,4424.14,1.62372,827.413,1870.23,1151.81,0.697036,1.57553,0.97032,545.938,0.1234,0.0759982,0.0,0.0,0.0,0.0,0.285714286,0.142857143,0.142857143,0.0,0.285714286,0.0,0.142857143,0.0,0.0,0,0.0,0,0.0,0,0.0,0,0.0,0.0,0,0,0.0,0,0,0,0,0,0,2
STI,8,14,6,10.0,4.242640687,1.52,2.1,0.58,1.713333333,0.410121933,85,101,16,95.66666667,11.3137085,12.06,17.36,5.3,15.59333333,3.74766594,0.02658,150.0,149.97342,50.01772,106.0472223,90.2,3173.0,3082.8,1117.8,2179.868785,54.8,1687.0,1632.2,598.8666667,1154.139688,35.4,1486.0,6.10669,4.89851,6.10669,4.89851,1.75054,2.86556,6.10669,6.10669,6.10669,2,2,2,4419.29,1.6255,814.833,1843.81,1134.3,0.000949641,0.00214885,0.00132196,524.128,0.1186,0.0729621,0.0,0.0,0.0,0.0,0.285714286,0.142857143,0.142857143,0.0,0.285714286,0.0,0.142857143,0.0,0.0,0,0.0,0,0.0,0,0.0,0,0.0,0.0,0,0,0.0,0,0,0,0,0,0,2
STI,8,14,6,10.0,4.242640687,1.52,2.1,0.58,1.713333333,0.410121933,85,101,16,95.66666667,11.3137085,12.06,17.36,5.3,15.59333333,3.74766594,0.02658,150.0,149.97342,50.01772,106.0472223,90.2,3173.0,3082.8,1117.8,2179.868785,54.8,1687.0,1632.2,598.8666667,1154.139688,35.4,1486.0,6.08319,4.79597,6.08319,4.79597,1.73823,2.86052,6.08319,6.08319,6.08319,2,2,2,4408.54,1.62947,813.967,1846.34,1133.1,0.173784,0.394199,0.241919,532.992,0.1209,0.074196,0.0,0.0,0.0,0.0,0.285714286,0.142857143,0.142857143,0.0,0.285714286,0.0,0.142857143,0.0,0.0,0,0.0,0,0.0,0,0.0,0,0.0,0.0,0,0,0.0,0,0,0,0,0,0,2
CHI,4,14,10,9.0,4.263087267,1.52,2.1,0.58,1.652727273,0.351901666,77,101,24,95.18181818,12.70398773,4.85,17.36,12.51,15.01818182,5.642075628,0.02658,190.0,189.97342,51.38175909,110.0513519,90.2,3173.0,3082.8,1031.909091,2006.070239,54.8,1687.0,1632.2,562.5909091,1079.323186,35.4,1486.0,3.61393,3.24903,3.61393,1.64996,3.24903,1.06032,3.54324,3.61393,3.61393,4,1,1,1335.47,1.98169,86.6528,648.856,327.425,0.0,0.0,0.0,13.7554,0.0103,0.00519758,0.0,0.0,0.0,0.0,0.25,0.125,0.375,0.0,0.0,0.125,0.125,0.0,0.0,0,0.0,0,0.0,0,0.0,0,0.0,0.0,0,0,0.0,0,0,0,0,0,0,0
AVE,8,15,7,10.0,4.082482905,1.52,1.84,0.32,1.62,0.200665559,80,101,21,95.66666667,11.4212278,10.0,17.36,7.36,16.07666667,3.847229884,0.02658,235.0,234.97342,39.22372,123.8198386,90.2,2792.0,2701.8,617.1333333,1395.849425,54.8,933.47,878.67,244.995,456.0418076,35.4,1858.53,6.61507,2.89227,6.50402,2.89227,2.89227,2.10614,6.50402,6.50402,6.61507,3,2,2,8627.02,1.69009,652.004,755.77,447.178,865.265,1002.97,593.443,395.98,0.0459,0.0271583,526.248,0.061,0.0360928,0.0,0.384615385,0.0,0.461538462,0.0,0.153846154,0.0,0.0,0.0,0.0,0,0.0,0,0.0,0,0.0,0,0.0,0.0,0,0,0.0,0,0,0,0,0,0,4
LTA,8,14,6,10.0,4.242640687,1.52,2.1,0.58,1.713333333,0.410121933,85,101,16,95.66666667,11.3137085,12.06,17.36,5.3,15.59333333,3.74766594,0.02658,150.0,149.97342,50.01772,106.0472223,90.2,3173.0,3082.8,1117.8,2179.868785,54.8,1687.0,1632.2,598.8666667,1154.139688,35.4,1486.0,10.8156,3.88419,10.8156,3.88419,3.88419,3.88419,10.8156,10.8156,10.8156,1,3,3,1655.3,1.44658,273.228,1650.62,1141.05,52.7364,318.591,220.238,329.571,0.1991,0.137635,27.6435,0.0167,0.0115445,0.0,0.5,0.0,0.25,0.0,0.25,0.0,0.0,0.0,0.0,0,0.0,0,0.0,0,0.0,0,0.0,0.0,0,0,0.0,0,0,0,0,0,0,2
SOD,8,14,6,9.833333333,3.689323937,1.52,2.1,0.58,1.67,0.31822424,80,101,21,94.83333333,12.50111106,10.0,17.36,7.36,15.25,4.302983461,0.02658,235.0,234.97342,64.18438667,132.9250288,90.2,3173.0,3082.8,1054.3,1934.463424,54.8,1687.0,1632.2,473.2783333,891.7012048,35.4,1858.53,6.35978,2.01654,6.35978,2.01654,2.01654,2.01654,6.35978,6.35978,6.35978,0,0,0,757.094,1.56686,0.0,0.0,0.0,125.357,1655.77,1056.74,0.0,0.0,0.0,66.8514,0.0883,0.0563547,0.0,0.5,0.0,0.5,0.0,0.0,0.0,0.0,0.0,0.0,0,0.0,0,0.0,0,0.0,0,0.0,0.0,0,0,0.0,0,0,0,0,0,0,1
SOD,8,14,6,9.833333333,3.689323937,1.52,2.1,0.58,1.67,0.31822424,80,101,21,94.83333333,12.50111106,10.0,17.36,7.36,15.25,4.302983461,0.02658,235.0,234.97342,64.18438667,132.9250288,90.2,3173.0,3082.8,1054.3,1934.463424,54.8,1687.0,1632.2,473.2783333,891.7012048,35.4,1858.53,6.36116,2.0077,6.36116,2.0077,2.0077,2.0077,6.36116,6.36116,6.36116,0,0,0,757.603,1.56581,0.0,0.0,0.0,125.075,1650.93,1054.36,0.0,0.0,0.0,66.5933,0.0879,0.0561371,0.0,0.5,0.0,0.5,0.0,0.0,0.0,0.0,0.0,0.0,0,0.0,0,0.0,0,0.0,0,0.0,0.0,0,0,0.0,0,0,0,0,0,0,1
SOD,8,14,6,9.833333333,3.689323937,1.52,2.1,0.58,1.67,0.31822424,80,101,21,94.83333333,12.50111106,10.0,17.36,7.36,15.25,4.302983461,0.02658,235.0,234.97342,64.18438667,132.9250288,90.2,3173.0,3082.8,1054.3,1934.463424,54.8,1687.0,1632.2,473.2783333,891.7012048,35.4,1858.53,6.36098,2.01701,6.36098,2.01701,2.01701,2.01701,6.36098,6.36097,6.36098,0,0,0,758.351,1.56427,0.0,0.0,0.0,125.64,1656.76,1059.13,0.0,0.0,0.0,67.1141,0.0885,0.0565761,0.0,0.5,0.0,0.5,0.0,0.0,0.0,0.0,0.0,0.0,0,0.0,0,0.0,0,0.0,0,0.0,0.0,0,0,0.0,0,0,0,0,0,0,1
SOD,8,14,6,9.833333333,3.689323937,1.52,2.1,0.58,1.67,0.31822424,80,101,21,94.83333333,12.50111106,10.0,17.36,7.36,15.25,4.302983461,0.02658,235.0,234.97342,64.18438667,132.9250288,90.2,3173.0,3082.8,1054.3,1934.463424,54.8,1687.0,1632.2,473.2783333,891.7012048,35.4,1858.53,6.36109,2.03374,6.36109,2.03374,2.03374,2.03374,6.36109,6.36109,6.36109,0,0,0,759.1,1.56272,0.0,0.0,0.0,126.519,1666.69,1066.53,0.0,0.0,0.0,67.408,0.0888,0.0568239,0.0,0.5,0.0,0.5,0.0,0.0,0.0,0.0,0.0,0.0,0,0.0,0,0.0,0,0.0,0,0.0,0.0,0,0,0.0,0,0,0,0,0,0,1
SOD,8,14,6,9.833333333,3.689323937,1.52,2.1,0.58,1.67,0.31822424,80,101,21,94.83333333,12.50111106,10.0,17.36,7.36,15.25,4.302983461,0.02658,235.0,234.97342,64.18438667,132.9250288,90.2,3173.0,3082.8,1054.3,1934.463424,54.8,1687.0,1632.2,473.2783333,891.7012048,35.4,1858.53,6.36623,2.04286,6.36623,2.04286,2.04286,2.04286,6.36623,6.36623,6.36623,0,0,0,759.849,1.56118,0.0,0.0,0.0,127.059,1672.16,1071.09,0.0,0.0,0.0,67.8545,0.0893,0.0572002,0.0,0.5,0.0,0.5,0.0,0.0,0.0,0.0,0.0,0.0,0,0.0,0,0.0,0,0.0,0,0.0,0.0,0,0,0.0,0,0,0,0,0,0,1
SOD,8,14,6,9.833333333,3.689323937,1.52,2.1,0.58,1.67,0.31822424,80,101,21,94.83333333,12.50111106,10.0,17.36,7.36,15.25,4.302983461,0.02658,235.0,234.97342,64.18438667,132.9250288,90.2,3173.0,3082.8,1054.3,1934.463424,54.8,1687.0,1632.2,473.2783333,891.7012048,35.4,1858.53,6.36828,2.04553,6.36828,2.04553,2.04553,2.04553,6.36828,6.36828,6.36828,0,0,0,760.698,1.55944,0.0,0.0,0.0,127.414,1674.96,1074.08,0.0,0.0,0.0,68.2347,0.0897,0.0575207,0.0,0.5,0.0,0.5,0.0,0.0,0.0,0.0,0.0,0.0,0,0.0,0,0.0,0,0.0,0,0.0,0.0,0,0,0.0,0,0,0,0,0,0,1
SOD,8,14,6,9.833333333,3.689323937,1.52,2.1,0.58,1.67,0.31822424,80,101,21,94.83333333,12.50111106,10.0,17.36,7.36,15.25,4.302983461,0.02658,235.0,234.97342,64.18438667,132.9250288,90.2,3173.0,3082.8,1054.3,1934.463424,54.8,1687.0,1632.2,473.2783333,891.7012048,35.4,1858.53,6.36642,2.06143,6.36642,2.06143,2.06143,2.06143,6.36642,6.36642,6.36642,0,0,0,761.524,1.55775,0.0,0.0,0.0,128.201,1683.47,1080.71,0.0,0.0,0.0,68.6894,0.0902,0.0579041,0.0,0.5,0.0,0.5,0.0,0.0,0.0,0.0,0.0,0.0,0,0.0,0,0.0,0,0.0,0,0.0,0.0,0,0,0.0,0,0,0,0,0,0,1
SOD,8,14,6,9.833333333,3.689323937,1.52,2.1,0.58,1.67,0.31822424,80,101,21,94.83333333,12.50111106,10.0,17.36,7.36,15.25,4.302983461,0.02658,235.0,234.97342,64.18438667,132.9250288,90.2,3173.0,3082.8,1054.3,1934.463424,54.8,1687.0,1632.2,473.2783333,891.7012048,35.4,1858.53,6.36719,2.07885,6.36719,2.07885,2.07885,2.07885,6.36719,6.36719,6.36719,0,0,0,762.35,1.55606,0.0,0.0,0.0,129.134,1693.9,1088.58,0.0,0.0,0.0,69.755,0.0915,0.0588023,0.0,0.5,0.0,0.5,0.0,0.0,0.0,0.0,0.0,0.0,0,0.0,0,0.0,0,0.0,0,0.0,0.0,0,0,0.0,0,0,0,0,0,0,1
SOD,8,14,6,9.833333333,3.689323937,1.52,2.1,0.58,1.67,0.31822424,80,101,21,94.83333333,12.50111106,10.0,17.36,7.36,15.25,4.302983461,0.02658,235.0,234.97342,64.18438667,132.9250288,90.2,3173.0,3082.8,1054.3,1934.463424,54.8,1687.0,1632.2,473.2783333,891.7012048,35.4,1858.53,6.36382,2.09371,6.36382,2.09371,2.09371,2.09371,6.36382,6.36382,6.36382,0,0,0,763.126,1.55448,0.0,0.0,0.0,130.001,1703.53,1095.89,0.0,0.0,0.0,70.3602,0.0922,0.0593125,0.0,0.5,0.0,0.5,0.0,0.0,0.0,0.0,0.0,0.0,0,0.0,0,0.0,0,0.0,0,0.0,0.0,0,0,0.0,0,0,0,0,0,0,1
SOD,8,14,6,9.833333333,3.689323937,1.52,2.1,0.58,1.67,0.31822424,80,101,21,94.83333333,12.50111106,10.0,17.36,7.36,15.25,4.302983461,0.02658,235.0,234.97342,64.18438667,132.9250288,90.2,3173.0,3082.8,1054.3,1934.463424,54.8,1687.0,1632.2,473.2783333,891.7012048,35.4,1858.53,6.36475,2.10035,6.36475,2.10035,2.10035,2.10035,6.36475,6.36475,6.36475,0,0,0,764.103,1.55249,0.0,0.0,0.0,130.519,1708.13,1100.25,0.0,0.0,0.0,70.6796,0.0925,0.0595817,0.0,0.5,0.0,0.5,0.0,0.0,0.0,0.0,0.0,0.0,0,0.0,0,0.0,0,0.0,0,0.0,0.0,0,0,0.0,0,0,0,0,0,0,1
SOD,8,14,6,9.833333333,3.689323937,1.52,2.1,0.58,1.67,0.31822424,80,101,21,94.83333333,12.50111106,10.0,17.36,7.36,15.25,4.302983461,0.02658,235.0,234.97342,64.18438667,132.9250288,90.2,3173.0,3082.8,1054.3,1934.463424,54.8,1687.0,1632.2,473.2783333,891.7012048,35.4,1858.53,6.36816,2.13469,6.36816,2.13469,2.13469,2.13469,6.36816,6.36816,6.36816,0,0,0,765.182,1.5503,0.0,0.0,0.0,132.112,1726.54,1113.68,0.0,0.0,0.0,71.6976,0.0937,0.0604399,0.0,0.5,0.0,0.5,0.0,0.0,0.0,0.0,0.0,0.0,0,0.0,0,0.0,0,0.0,0,0.0,0.0,0,0,0.0,0,0,0,0,0,0,1
SOD,8,14,6,9.833333333,3.689323937,1.52,2.1,0.58,1.67,0.31822424,80,101,21,94.83333333,12.50111106,10.0,17.36,7.36,15.25,4.302983461,0.02658,235.0,234.97342,64.18438667,132.9250288,90.2,3173.0,3082.8,1054.3,1934.463424,54.8,1687.0,1632.2,473.2783333,891.7012048,35.4,1858.53,6.37165,2.15531,6.37165,2.15531,2.15531,2.15531,6.37165,6.37165,6.37165,0,0,0,766.312,1.54801,0.0,0.0,0.0,133.262,1739.01,1123.38,0.0,0.0,0.0,72.7996,0.095,0.0613689,0.0,0.5,0.0,0.5,0.0,0.0,0.0,0.0,0.0,0.0,0,0.0,0,0.0,0,0.0,0,0.0,0.0,0,0,0.0,0,0,0,0,0,0,1
SOD,8,14,6,9.833333333,3.689323937,1.52,2.1,0.58,1.67,0.31822424,80,101,21,94.83333333,12.50111106,10.0,17.36,7.36,15.25,4.302983461,0.02658,235.0,234.97342,64.18438667,132.9250288,90.2,3173.0,3082.8,1054.3,1934.463424,54.8,1687.0,1632.2,473.2783333,891.7012048,35.4,1858.53,6.36511,2.18207,6.36511,2.18207,2.18207,2.18207,6.36511,6.36511,6.36511,0,0,0,767.443,1.54573,0.0,0.0,0.0,134.398,1751.24,1132.95,0.0,0.0,0.0,73.2908,0.0955,0.061783,0.0,0.5,0.0,0.5,0.0,0.0,0.0,0.0,0.0,0.0,0,0.0,0,0.0,0,0.0,0,0.0,0.0,0,0,0.0,0,0,0,0,0,0,1
SOD,8,14,6,9.833333333,3.689323937,1.52,2.1,0.58,1.67,0.31822424,80,101,21,94.83333333,12.50111106,10.0,17.36,7.36,15.25,4.302983461,0.02658,235.0,234.97342,64.18438667,132.9250288,90.2,3173.0,3082.8,1054.3,1934.463424,54.8,1687.0,1632.2,473.2783333,891.7012048,35.4,1858.53,6.36531,2.20207,6.36531,2.20207,2.20207,2.20207,6.36531,6.36531,6.36531,0,0,0,768.752,1.5431,0.0,0.0,0.0,135.503,1762.64,1142.27,0.0,0.0,0.0,73.4158,0.0955,0.0618883,0.0,0.5,0.0,0.5,0.0,0.0,0.0,0.0,0.0,0.0,0,0.0,0,0.0,0,0.0,0,0.0,0.0,0,0,0.0,0,0,0,0,0,0,1
SOD,8,14,6,9.833333333,3.689323937,1.52,2.1,0.58,1.67,0.31822424,80,101,21,94.83333333,12.50111106,10.0,17.36,7.36,15.25,4.302983461,0.02658,235.0,234.97342,64.18438667,132.9250288,90.2,3173.0,3082.8,1054.3,1934.463424,54.8,1687.0,1632.2,473.2783333,891.7012048,35.4,1858.53,6.37074,2.24355,6.37074,2.24355,2.24355,2.24355,6.37074,6.37074,6.37074,0,0,0,769.961,1.54068,0.0,0.0,0.0,137.217,1782.14,1156.72,0.0,0.0,0.0,74.6862,0.097,0.0629592,0.0,0.5,0.0,0.5,0.0,0.0,0.0,0.0,0.0,0.0,0,0.0,0,0.0,0,0.0,0,0.0,0.0,0,0,0.0,0,0,0,0,0,0,1
SOD,8,14,6,9.833333333,3.689323937,1.52,2.1,0.58,1.67,0.31822424,80,101,21,94.83333333,12.50111106,10.0,17.36,7.36,15.25,4.302983461,0.02658,235.0,234.97342,64.18438667,132.9250288,90.2,3173.0,3082.8,1054.3,1934.463424,54.8,1687.0,1632.2,473.2783333,891.7012048,35.4,1858.53,6.37206,2.26557,6.37206,2.26557,2.26557,2.26557,6.37206,6.37206,6.37206,0,0,0,771.549,1.53751,0.0,0.0,0.0,138.311,1792.64,1165.94,0.0,0.0,0.0,75.4575,0.0978,0.0636095,0.0,0.5,0.0,0.5,0.0,0.0,0.0,0.0,0.0,0.0,0,0.0,0,0.0,0,0.0,0,0.0,0.0,0,0,0.0,0,0,0,0,0,0,1
SOD,8,14,6,9.833333333,3.689323937,1.52,2.1,0.58,1.67,0.31822424,80,101,21,94.83333333,12.50111106,10.0,17.36,7.36,15.25,4.302983461,0.02658,235.0,234.97342,64.18438667,132.9250288,90.2,3173.0,3082.8,1054.3,1934.463424,54.8,1687.0,1632.2,473.2783333,891.7012048,35.4,1858.53,6.3715,2.3111,6.3715,2.3111,2.3111,2.3111,6.3715,6.3715,6.3715,0,0,0,773.191,1.53424,0.0,0.0,0.0,140.132,1812.38,1181.29,0.0,0.0,0.0,76.3913,0.0988,0.0643966,0.0,0.5,0.0,0.5,0.0,0.0,0.0,0.0,0.0,0.0,0,0.0,0,0.0,0,0.0,0,0.0,0.0,0,0,0.0,0,0,0,0,0,0,1
SOD,8,14,6,9.833333333,3.689323937,1.52,2.1,0.58,1.67,0.31822424,80,101,21,94.83333333,12.50111106,10.0,17.36,7.36,15.25,4.302983461,0.02658,235.0,234.97342,64.18438667,132.9250288,90.2,3173.0,3082.8,1054.3,1934.463424,54.8,1687.0,1632.2,473.2783333,891.7012048,35.4,1858.53,6.37183,2.33729,6.37183,2.33729,2.33729,2.33729,6.37183,6.37183,6.37183,0,0,0,774.152,1.53234,0.0,0.0,0.0,141.149,1823.27,1189.86,0.0,0.0,0.0,76.5636,0.0989,0.0645419,0.0,0.5,0.0,0.5,0.0,0.0,0.0,0.0,0.0,0.0,0,0.0,0,0.0,0,0.0,0,0.0,0.0,0,0,0.0,0,0,0,0,0,0,1
SOD,8,14,6,9.833333333,3.689323937,1.52,2.1,0.58,1.67,0.31822424,80,101,21,94.83333333,12.50111106,10.0,17.36,7.36,15.25,4.302983461,0.02658,235.0,234.97342,64.18438667,132.9250288,90.2,3173.0,3082.8,1054.3,1934.463424,54.8,1687.0,1632.2,473.2783333,891.7012048,35.4,1858.53,6.37597,2.34741,6.37597,2.34741,2.34741,2.34741,6.37597,6.37597,6.37597,0,0,0,774.582,1.53149,0.0,0.0,0.0,141.62,1828.34,1193.83,0.0,0.0,0.0,76.9934,0.0994,0.0649042,0.0,0.5,0.0,0.5,0.0,0.0,0.0,0.0,0.0,0.0,0,0.0,0,0.0,0,0.0,0,0.0,0.0,0,0,0.0,0,0,0,0,0,0,1
SOD,8,14,6,9.833333333,3.689323937,1.52,2.1,0.58,1.67,0.31822424,80,101,21,94.83333333,12.50111106,10.0,17.36,7.36,15.25,4.302983461,0.02658,235.0,234.97342,64.18438667,132.9250288,90.2,3173.0,3082.8,1054.3,1934.463424,54.8,1687.0,1632.2,473.2783333,891.7012048,35.4,1858.53,6.37444,2.34794,6.37444,2.34794,2.34794,2.34794,6.37444,6.37444,6.37444,0,0,0,774.885,1.53089,0.0,0.0,0.0,141.694,1828.58,1194.46,0.0,0.0,0.0,76.9461,0.0993,0.0648643,0.0,0.5,0.0,0.5,0.0,0.0,0.0,0.0,0.0,0.0,0,0.0,0,0.0,0,0.0,0,0.0,0.0,0,0,0.0,0,0,0,0,0,0,1
SOD,8,14,6,9.833333333,3.689323937,1.52,2.1,0.58,1.67,0.31822424,80,101,21,94.83333333,12.50111106,10.0,17.36,7.36,15.25,4.302983461,0.02658,235.0,234.97342,64.18438667,132.9250288,90.2,3173.0,3082.8,1054.3,1934.463424,54.8,1687.0,1632.2,473.2783333,891.7012048,35.4,1858.53,6.37417,2.34634,6.37417,2.34634,2.34634,2.34634,6.37417,6.37417,6.37417,0,0,0,775.113,1.53044,0.0,0.0,0.0,141.727,1828.47,1194.74,0.0,0.0,0.0,76.8912,0.0992,0.0648181,0.0,0.5,0.0,0.5,0.0,0.0,0.0,0.0,0.0,0.0,0,0.0,0,0.0,0,0.0,0,0.0,0.0,0,0,0.0,0,0,0,0,0,0,1
SOD,8,14,6,9.833333333,3.689323937,1.52,2.1,0.58,1.67,0.31822424,80,101,21,94.83333333,12.50111106,10.0,17.36,7.36,15.25,4.302983461,0.02658,235.0,234.97342,64.18438667,132.9250288,90.2,3173.0,3082.8,1054.3,1934.463424,54.8,1687.0,1632.2,473.2783333,891.7012048,35.4,1858.53,6.37606,2.34583,6.37606,2.34583,2.34583,2.34583,6.37606,6.37606,6.37606,0,0,0,775.265,1.53014,0.0,0.0,0.0,141.703,1827.81,1194.54,0.0,0.0,0.0,76.9838,0.0993,0.0648961,0.0,0.5,0.0,0.5,0.0,0.0,0.0,0.0,0.0,0.0,0,0.0,0,0.0,0,0.0,0,0.0,0.0,0,0,0.0,0,0,0,0,0,0,1
SOD,8,14,6,9.833333333,3.689323937,1.52,2.1,0.58,1.67,0.31822424,80,101,21,94.83333333,12.50111106,10.0,17.36,7.36,15.25,4.302983461,0.02658,235.0,234.97342,64.18438667,132.9250288,90.2,3173.0,3082.8,1054.3,1934.463424,54.8,1687.0,1632.2,473.2783333,891.7012048,35.4,1858.53,6.382,2.35382,6.382,2.35382,2.35382,2.35382,6.382,6.382,6.382,0,0,0,775.493,1.52969,0.0,0.0,0.0,142.036,1831.56,1197.34,0.0,0.0,0.0,77.2391,0.0996,0.0651113,0.0,0.5,0.0,0.5,0.0,0.0,0.0,0.0,0.0,0.0,0,0.0,0,0.0,0,0.0,0,0.0,0.0,0,0,0.0,0,0,0,0,0,0,1
SOD,8,14,6,9.833333333,3.689323937,1.52,2.1,0.58,1.67,0.31822424,80,101,21,94.83333333,12.50111106,10.0,17.36,7.36,15.25,4.302983461,0.02658,235.0,234.97342,64.18438667,132.9250288,90.2,3173.0,3082.8,1054.3,1934.463424,54.8,1687.0,1632.2,473.2783333,891.7012048,35.4,1858.53,6.37996,2.36354,6.37996,2.36354,2.36354,2.36354,6.37996,6.37996,6.37996,0,0,0,775.67,1.52934,0.0,0.0,0.0,142.477,1836.82,1201.05,0.0,0.0,0.0,77.4119,0.0998,0.065257,0.0,0.5,0.0,0.5,0.0,0.0,0.0,0.0,0.0,0.0,0,0.0,0,0.0,0,0.0,0,0.0,0.0,0,0,0.0,0,0,0,0,0,0,1
SOD,8,14,6,9.833333333,3.689323937,1.52,2.1,0.58,1.67,0.31822424,80,101,21,94.83333333,12.50111106,10.0,17.36,7.36,15.25,4.302983461,0.02658,235.0,234.97342,64.18438667,132.9250288,90.2,3173.0,3082.8,1054.3,1934.463424,54.8,1687.0,1632.2,473.2783333,891.7012048,35.4,1858.53,6.3868,2.36875,6.3868,2.36875,2.36875,2.36875,6.3868,6.3868,6.3868,0,0,0,775.822,1.52904,0.0,0.0,0.0,142.647,1838.66,1202.49,0.0,0.0,0.0,77.3495,0.0997,0.0652044,0.0,0.5,0.0,0.5,0.0,0.0,0.0,0.0,0.0,0.0,0,0.0,0,0.0,0,0.0,0,0.0,0.0,0,0,0.0,0,0,0,0,0,0,1
SOD,8,14,6,9.833333333,3.689323937,1.52,2.1,0.58,1.67,0.31822424,80,101,21,94.83333333,12.50111106,10.0,17.36,7.36,15.25,4.302983461,0.02658,235.0,234.97342,64.18438667,132.9250288,90.2,3173.0,3082.8,1054.3,1934.463424,54.8,1687.0,1632.2,473.2783333,891.7012048,35.4,1858.53,6.38621,2.3638,6.38621,2.3638,2.3638,2.3638,6.38621,6.38621,6.38621,0,0,0,775.974,1.52874,0.0,0.0,0.0,142.521,1836.67,1201.43,0.0,0.0,0.0,77.3646,0.0997,0.0652171,0.0,0.5,0.0,0.5,0.0,0.0,0.0,0.0,0.0,0.0,0,0.0,0,0.0,0,0.0,0,0.0,0.0,0,0,0.0,0,0,0,0,0,0,1
SOD,8,14,6,9.833333333,3.689323937,1.52,2.1,0.58,1.67,0.31822424,80,101,21,94.83333333,12.50111106,10.0,17.36,7.36,15.25,4.302983461,0.02658,235.0,234.97342,64.18438667,132.9250288,90.2,3173.0,3082.8,1054.3,1934.463424,54.8,1687.0,1632.2,473.2783333,891.7012048,35.4,1858.53,6.39644,2.39265,6.39644,2.39265,2.39265,2.39265,6.39644,6.39644,6.39644,0,0,0,776.076,1.52854,0.0,0.0,0.0,143.444,1848.33,1209.21,0.0,0.0,0.0,78.1508,0.1007,0.0658799,0.0,0.5,0.0,0.5,0.0,0.0,0.0,0.0,0.0,0.0,0,0.0,0,0.0,0,0.0,0,0.0,0.0,0,0,0.0,0,0,0,0,0,0,1
SOD,8,14,6,9.833333333,3.689323937,1.52,2.1,0.58,1.67,0.31822424,80,101,21,94.83333333,12.50111106,10.0,17.36,7.36,15.25,4.302983461,0.02658,235.0,234.97342,64.18438667,132.9250288,90.2,3173.0,3082.8,1054.3,1934.463424,54.8,1687.0,1632.2,473.2783333,891.7012048,35.4,1858.53,6.39022,2.39665,6.39022,2.39665,2.39665,2.39665,6.39022,6.39022,6.39022,0,0,0,776.202,1.52829,0.0,0.0,0.0,143.54,1849.26,1210.02,0.0,0.0,0.0,78.0083,0.1005,0.0657598,0.0,0.5,0.0,0.5,0.0,0.0,0.0,0.0,0.0,0.0,0,0.0,0,0.0,0,0.0,0,0.0,0.0,0,0,0.0,0,0,0,0,0,0,1
SOD,8,14,6,9.833333333,3.689323937,1.52,2.1,0.58,1.67,0.31822424,80,101,21,94.83333333,12.50111106,10.0,17.36,7.36,15.25,4.302983461,0.02658,235.0,234.97342,64.18438667,132.9250288,90.2,3173.0,3082.8,1054.3,1934.463424,54.8,1687.0,1632.2,473.2783333,891.7012048,35.4,1858.53,6.38816,2.38319,6.38816,2.38319,2.38319,2.38319,6.38816,6.38816,6.38816,0,0,0,776.278,1.52814,0.0,0.0,0.0,143.196,1844.65,1207.12,0.0,0.0,0.0,77.7055,0.1001,0.0655044,0.0,0.5,0.0,0.5,0.0,0.0,0.0,0.0,0.0,0.0,0,0.0,0,0.0,0,0.0,0,0.0,0.0,0,0,0.0,0,0,0,0,0,0,1
SOD,8,14,6,9.833333333,3.689323937,1.52,2.1,0.58,1.67,0.31822424,80,101,21,94.83333333,12.50111106,10.0,17.36,7.36,15.25,4.302983461,0.02658,235.0,234.97342,64.18438667,132.9250288,90.2,3173.0,3082.8,1054.3,1934.463424,54.8,1687.0,1632.2,473.2783333,891.7012048,35.4,1858.53,6.39499,2.39175,6.39499,2.39175,2.39175,2.39175,6.39499,6.39499,6.39499,0,0,0,776.38,1.52794,0.0,0.0,0.0,143.491,1848.2,1209.6,0.0,0.0,0.0,78.2591,0.1008,0.0659711,0.0,0.5,0.0,0.5,0.0,0.0,0.0,0.0,0.0,0.0,0,0.0,0,0.0,0,0.0,0,0.0,0.0,0,0,0.0,0,0,0,0,0,0,1
SOD,8,14,6,9.833333333,3.689323937,1.52,2.1,0.58,1.67,0.31822424,80,101,21,94.83333333,12.50111106,10.0,17.36,7.36,15.25,4.302983461,0.02658,235.0,234.97342,64.18438667,132.9250288,90.2,3173.0,3082.8,1054.3,1934.463424,54.8,1687.0,1632.2,473.2783333,891.7012048,35.4,1858.53,6.39227,2.41148,6.39227,2.41148,2.41148,2.41148,6.39227,6.39227,6.39227,0,0,0,776.481,1.52774,0.0,0.0,0.0,143.889,1853.09,1212.96,0.0,0.0,0.0,78.2693,0.1008,0.0659797,0.0,0.5,0.0,0.5,0.0,0.0,0.0,0.0,0.0,0.0,0,0.0,0,0.0,0,0.0,0,0.0,0.0,0,0,0.0,0,0,0,0,0,0,1
NAT,8,14,6,9.866666667,3.763072453,1.52,2.1,0.58,1.678666667,0.334685353,80,101,21,95.0,12.19265001,10.0,17.36,7.36,15.31866667,4.17427667,0.02658,235.0,234.97342,61.35105333,127.5581437,90.2,3173.0,3082.8,1067.0,1963.904425,54.8,1687.0,1632.2,498.396,939.0837544,35.4,1858.53,4.51014,4.00932,4.51014,3.14748,3.14748,4.00932,4.51014,4.51014,4.51014,1,3,3,2630.59,1.50595,625.503,2377.8,1578.94,0.0,0.0,0.0,215.708,0.082,0.0544506,0.0,0.0,0.0,0.0,0.5,0.0,0.0,0.0,0.25,0.25,0.0,0.0,0.0,0,0.0,0,0.0,0,0.0,0,0.0,0.0,0,0,0.0,0,0,0,0,0,0,0
NAT,8,14,6,9.866666667,3.763072453,1.52,2.1,0.58,1.678666667,0.334685353,80,101,21,95.0,12.19265001,10.0,17.36,7.36,15.31866667,4.17427667,0.02658,235.0,234.97342,61.35105333,127.5581437,90.2,3173.0,3082.8,1067.0,1963.904425,54.8,1687.0,1632.2,498.396,939.0837544,35.4,1858.53,4.72221,3.97735,4.72221,2.94946,2.94946,3.97735,4.72221,4.72221,4.72221,1,3,3,2599.42,1.52401,576.306,2217.05,1454.75,0.0,0.0,0.0,205.094,0.0789,0.0517714,0.0,0.0,0.0,0.0,0.5,0.0,0.0,0.0,0.25,0.25,0.0,0.0,0.0,0,0.0,0,0.0,0,0.0,0,0.0,0.0,0,0,0.0,0,0,0,0,0,0,0
NAT,8,14,6,9.866666667,3.763072453,1.52,2.1,0.58,1.678666667,0.334685353,80,101,21,95.0,12.19265001,10.0,17.36,7.36,15.31866667,4.17427667,0.02658,235.0,234.97342,61.35105333,127.5581437,90.2,3173.0,3082.8,1067.0,1963.904425,54.8,1687.0,1632.2,498.396,939.0837544,35.4,1858.53,4.57347,3.79689,4.57347,2.84936,2.84936,3.79689,4.57347,4.57347,4.57347,1,3,3,2525.11,1.56886,517.953,2051.21,1307.45,0.0,0.0,0.0,174.737,0.0692,0.0441085,0.0,0.0,0.0,0.0,0.5,0.0,0.0,0.0,0.25,0.25,0.0,0.0,0.0,0,0.0,0,0.0,0,0.0,0,0.0,0.0,0,0,0.0,0,0,0,0,0,0,0
NAT,8,14,6,9.866666667,3.763072453,1.52,2.1,0.58,1.678666667,0.334685353,80,101,21,95.0,12.19265001,10.0,17.36,7.36,15.31866667,4.17427667,0.02658,235.0,234.97342,61.35105333,127.5581437,90.2,3173.0,3082.8,1067.0,1963.904425,54.8,1687.0,1632.2,498.396,939.0837544,35.4,1858.53,4.64436,3.96569,4.64436,3.00746,3.00746,3.96569,4.64436,4.64436,4.64436,1,3,3,2614.97,1.51495,596.667,2281.74,1506.15,0.0,0.0,0.0,205.013,0.0784,0.0517509,0.0,0.0,0.0,0.0,0.5,0.0,0.0,0.0,0.25,0.25,0.0,0.0,0.0,0,0.0,0,0.0,0,0.0,0,0.0,0.0,0,0,0.0,0,0,0,0,0,0,0
NAT,8,14,6,9.866666667,3.763072453,1.52,2.1,0.58,1.678666667,0.334685353,80,101,21,95.0,12.19265001,10.0,17.36,7.36,15.31866667,4.17427667,0.02658,235.0,234.97342,61.35105333,127.5581437,90.2,3173.0,3082.8,1067.0,1963.904425,54.8,1687.0,1632.2,498.396,939.0837544,35.4,1858.53,4.03642,3.14257,4.03642,2.66868,2.66868,3.14257,4.03642,4.03642,4.03642,8,1,1,2354.04,1.68287,376.21,1598.15,949.655,0.0,0.0,0.0,74.6229,0.0317,0.0188368,0.0,0.0,0.0,0.0,0.5,0.0,0.0,0.0,0.25,0.25,0.0,0.0,0.0,0,0.0,0,0.0,0,0.0,0,0.0,0.0,0,0,0.0,0,0,0,0,0,0,0
JOZ,4,14,10,9.333333333,4.303314829,1.52,2.1,0.58,1.675333333,0.369641969,77,101,24,95.13333333,12.26859888,4.85,17.36,12.51,15.11266667,5.178782747,0.02658,190.0,189.97342,52.68438667,108.3111119,90.2,3173.0,3082.8,1089.066667,2043.983289,54.8,1687.0,1632.2,590.4,1094.108211,35.4,1486.0,3.85952,3.33723,3.85952,3.12009,3.12009,3.33723,3.85952,3.85952,3.85952,1,3,3,1178.17,1.58614,219.62,1864.07,1175.23,0.0,0.0,0.0,45.7131,0.0388,0.0244619,0.0,0.0,0.0,0.2,0.2,0.0,0.0,0.0,0.6,0.0,0.0,0.0,0.0,0,0.0,0,0.0,0,0.0,0,0.0,0.0,0,0,0.0,0,0,0,0,0,0,0
JOZ,4,14,10,9.333333333,4.303314829,1.52,2.1,0.58,1.675333333,0.369641969,77,101,24,95.13333333,12.26859888,4.85,17.36,12.51,15.11266667,5.178782747,0.02658,190.0,189.97342,52.68438667,108.3111119,90.2,3173.0,3082.8,1089.066667,2043.983289,54.8,1687.0,1632.2,590.4,1094.108211,35.4,1486.0,4.61718,2.94003,4.61718,2.94003,2.79648,2.79648,4.61718,4.61718,4.61718,2,1,1,2343.01,1.59517,398.818,1702.16,1067.07,0.0,0.0,0.0,96.0632,0.041,0.0257026,0.0,0.0,0.0,0.2,0.2,0.0,0.0,0.0,0.6,0.0,0.0,0.0,0.0,0,0.0,0,0.0,0,0.0,0,0.0,0.0,0,0,0.0,0,0,0,0,0,0,0
LTA,8,14,6,9.833333333,3.689323937,1.52,2.1,0.58,1.67,0.31822424,80,101,21,94.83333333,12.50111106,10.0,17.36,7.36,15.25,4.302983461,0.02658,235.0,234.97342,64.18438667,132.9250288,90.2,3173.0,3082.8,1054.3,1934.463424,54.8,1687.0,1632.2,473.2783333,891.7012048,35.4,1858.53,11.41246,4.16219,11.41246,4.16219,4.16219,4.16219,11.41246,11.41246,11.41246,1,3,3,15002.7,1.26512,2523.0,1681.7,1329.28,525.524,350.287,276.88,3255.58,0.217,0.171525,316.556,0.0211,0.0166782,0.0,0.5,0.0,0.25,0.0,0.25,0.0,0.0,0.0,0.0,0,0.0,0,0.0,0,0.0,0,0.0,0.0,0,0,0.0,0,0,0,0,0,0,3
NAT,8,14,6,9.866666667,3.763072453,1.52,2.1,0.58,1.678666667,0.334685353,80,101,21,95.0,12.19265001,10.0,17.36,7.36,15.31866667,4.17427667,0.02658,235.0,234.97342,61.35105333,127.5581437,90.2,3173.0,3082.8,1067.0,1963.904425,54.8,1687.0,1632.2,498.396,939.0837544,35.4,1858.53,4.38805,3.55247,4.38805,2.79162,2.79162,3.55247,4.38805,4.38805,4.38805,8,1,1,2478.23,1.59854,485.719,1959.95,1226.09,0.0,0.0,0.0,140.515,0.0567,0.0354699,0.0,0.0,0.0,0.0,0.5,0.0,0.0,0.0,0.25,0.25,0.0,0.0,0.0,0,0.0,0,0.0,0,0.0,0,0.0,0.0,0,0,0.0,0,0,0,0,0,0,0
NAT,8,14,6,9.866666667,3.763072453,1.52,2.1,0.58,1.678666667,0.334685353,80,101,21,95.0,12.19265001,10.0,17.36,7.36,15.31866667,4.17427667,0.02658,235.0,234.97342,61.35105333,127.5581437,90.2,3173.0,3082.8,1067.0,1963.904425,54.8,1687.0,1632.2,498.396,939.0837544,35.4,1858.53,4.3319,3.52559,4.3319,2.7897,2.7897,3.52559,4.3319,4.3319,4.3319,8,1,1,2468.57,1.60479,481.73,1951.45,1216.02,0.0,0.0,0.0,131.822,0.0534,0.0332754,0.0,0.0,0.0,0.0,0.5,0.0,0.0,0.0,0.25,0.25,0.0,0.0,0.0,0,0.0,0,0.0,0,0.0,0,0.0,0.0,0,0,0.0,0,0,0,0,0,0,0
NAT,8,14,6,9.866666667,3.763072453,1.52,2.1,0.58,1.678666667,0.334685353,80,101,21,95.0,12.19265001,10.0,17.36,7.36,15.31866667,4.17427667,0.02658,235.0,234.97342,61.35105333,127.5581437,90.2,3173.0,3082.8,1067.0,1963.904425,54.8,1687.0,1632.2,498.396,939.0837544,35.4,1858.53,4.1549,3.34674,4.1549,2.69876,2.69876,3.34674,4.1549,4.1549,4.1549,8,1,1,2390.93,1.6569,429.86,1797.88,1085.08,0.0,0.0,0.0,100.897,0.0422,0.0254692,0.0,0.0,0.0,0.0,0.5,0.0,0.0,0.0,0.25,0.25,0.0,0.0,0.0,0,0.0,0,0.0,0,0.0,0,0.0,0.0,0,0,0.0,0,0,0,0,0,0,0
STW,8,14,6,10.0,4.242640687,1.52,2.1,0.58,1.713333333,0.410121933,85,101,16,95.66666667,11.3137085,12.06,17.36,5.3,15.59333333,3.74766594,0.02658,150.0,149.97342,50.01772,106.0472223,90.2,3173.0,3082.8,1117.8,2179.868785,54.8,1687.0,1632.2,598.8666667,1154.139688,35.4,1486.0,5.48211,4.74089,5.48211,3.18255,3.18255,4.74089,5.48211,5.48211,5.48211,1,3,3,3670.33,1.631,783.831,2135.59,1309.37,0.0,0.0,0.0,492.191,0.1341,0.0822194,0.0,0.0,0.0,0.0,0.428571429,0.285714286,0.0,0.0,0.142857143,0.0,0.142857143,0.0,0.0,0,0.0,0,0.0,0,0.0,0,0.0,0.0,0,0,0.0,0,0,0,0,0,0,2
LTA,8,14,6,9.833333333,3.689323937,1.52,2.1,0.58,1.67,0.31822424,80,101,21,94.83333333,12.50111106,10.0,17.36,7.36,15.25,4.302983461,0.02658,235.0,234.97342,64.18438667,132.9250288,90.2,3173.0,3082.8,1054.3,1934.463424,54.8,1687.0,1632.2,473.2783333,891.7012048,35.4,1858.53,11.3239,4.10156,11.3239,4.1012,4.10156,4.10154,11.3239,11.3239,11.3239,1,3,3,14796.0,1.28279,2484.59,1679.23,1309.05,490.674,331.626,258.519,3169.3,0.2142,0.166979,290.001,0.0196,0.0152792,0.0,0.5,0.0,0.25,0.0,0.25,0.0,0.0,0.0,0.0,0,0.0,0,0.0,0,0.0,0,0.0,0.0,0,0,0.0,0,0,0,0,0,0,3
BCT,8,15,7,9.4,4.949747468,1.52,1.8,0.28,1.576,0.197989899,90,101,11,98.8,7.778174593,17.02,17.36,0.34,17.292,0.240416306,0.02658,0.236,0.20942,0.068464,0.148082302,90.2,550.0,459.8,182.16,325.127698,54.8,317.3,262.5,107.3,185.6155301,35.4,232.7,3.32265,3.10156,3.32265,3.10156,2.27203,2.4239,3.32265,3.32265,3.30594,2,1,1,494.818,1.27482,55.6395,1124.44,882.038,0.15764,3.18583,2.49903,5.34403,0.0108,0.00847176,0.0,0.0,0.0,0.0,0.333333333,0.0,0.333333333,0.0,0.333333333,0.0,0.0,0.0,0.0,0,0.0,0,0.0,0,0.0,0,0.0,0.0,0,0,0.0,0,0,0,0,0,0,7
CZP,8,30,22,12.83333333,11.44309593,1.52,2.01,0.49,1.648333333,0.270606315,76,101,25,95.0,13.29160136,9.16,17.36,8.2,15.93666667,4.289535069,0.02658,120.0,119.97342,20.05705333,63.20956202,90.2,1180.0,1089.8,348.4666667,577.0239895,54.8,692.68,637.88,204.8633333,336.9881899,35.4,487.32,4.45117,4.06178,4.45117,2.01282,2.01282,4.06178,4.45117,4.45117,4.45117,1,1,1,1427.7,2.23816,214.034,1499.16,669.817,0.0,0.0,0.0,86.2328,0.0604,0.0269865,0.0,0.0,0.0,0.0,0.5,0.0,0.0,0.0,0.25,0.0,0.0,0.0,0.25,0,0.0,0,0.0,0,0.0,0,0.0,0.0,0,0,0.0,0,0,0,0,0,0,6
MFI,8,14,6,10.0,4.242640687,1.52,2.1,0.58,1.713333333,0.410121933,85,101,16,95.66666667,11.3137085,12.06,17.36,5.3,15.59333333,3.74766594,0.02658,150.0,149.97342,50.01772,106.0472223,90.2,3173.0,3082.8,1117.8,2179.868785,54.8,1687.0,1632.2,598.8666667,1154.139688,35.4,1486.0,6.74434,5.11067,6.50336,5.00471,5.11067,5.00471,6.74434,6.50336,6.74434,1,3,3,5327.63,1.79782,778.26,1460.8,812.542,0.0,0.0,0.0,540.222,0.1014,0.0564018,0.0,0.0,0.0,0.0,0.03846153,0.423,0.308,0.0,0.0,0.0,0.23076,0.0,0.0,0,0.0,0,0.0,0,0.0,0,0.0,0.0,0,0,0.0,0,0,0,0,0,0,2
MFI,8,14,6,10.0,4.242640687,1.52,2.1,0.58,1.713333333,0.410121933,85,101,16,95.66666667,11.3137085,12.06,17.36,5.3,15.59333333,3.74766594,0.02658,150.0,149.97342,50.01772,106.0472223,90.2,3173.0,3082.8,1117.8,2179.868785,54.8,1687.0,1632.2,598.8666667,1154.139688,35.4,1486.0,6.82958,4.97997,6.82085,4.97997,4.77211,4.77211,6.82085,6.82085,6.82958,1,3,3,5322.77,1.79946,796.871,1497.1,831.972,0.0,0.0,0.0,569.536,0.107,0.0594623,0.0,0.0,0.0,0.0,0.03846153,0.423,0.308,0.0,0.0,0.0,0.23076,0.0,0.0,0,0.0,0,0.0,0,0.0,0,0.0,0.0,0,0,0.0,0,0,0,0,0,0,2
LTA,8,14,6,9.833333333,3.689323937,1.52,2.1,0.58,1.67,0.31822424,80,101,21,94.83333333,12.50111106,10.0,17.36,7.36,15.25,4.302983461,0.02658,235.0,234.97342,64.18438667,132.9250288,90.2,3173.0,3082.8,1054.3,1934.463424,54.8,1687.0,1632.2,473.2783333,891.7012048,35.4,1858.53,11.34997,4.2131,11.34997,4.2131,4.2131,4.2131,11.34997,11.34997,11.34997,1,3,3,14652.2,1.29539,2524.39,1722.88,1330.01,447.214,305.221,235.622,3257.17,0.2223,0.171609,254.947,0.0174,0.0134323,0.0,0.5,0.0,0.25,0.0,0.25,0.0,0.0,0.0,0.0,0,0.0,0,0.0,0,0.0,0,0.0,0.0,0,0,0.0,0,0,0,0,0,0,3
LTA,8,14,6,9.833333333,3.689323937,1.52,2.1,0.58,1.67,0.31822424,80,101,21,94.83333333,12.50111106,10.0,17.36,7.36,15.25,4.302983461,0.02658,235.0,234.97342,64.18438667,132.9250288,90.2,3173.0,3082.8,1054.3,1934.463424,54.8,1687.0,1632.2,473.2783333,891.7012048,35.4,1858.53,11.33342,4.21024,11.33336,4.21024,4.209,4.21024,11.33336,11.33337,11.33337,1,3,3,14652.2,1.29539,2518.81,1719.07,1327.07,446.854,304.975,235.432,3251.31,0.2219,0.1713,254.947,0.0174,0.0134323,0.0,0.5,0.0,0.25,0.0,0.25,0.0,0.0,0.0,0.0,0,0.0,0,0.0,0,0.0,0,0.0,0.0,0,0,0.0,0,0,0,0,0,0,3
LTA,8,14,6,9.833333333,3.689323937,1.52,2.1,0.58,1.67,0.31822424,80,101,21,94.83333333,12.50111106,10.0,17.36,7.36,15.25,4.302983461,0.02658,235.0,234.97342,64.18438667,132.9250288,90.2,3173.0,3082.8,1054.3,1934.463424,54.8,1687.0,1632.2,473.2783333,891.7012048,35.4,1858.53,11.33598,4.21523,11.33595,4.21523,4.21523,4.21523,11.33595,11.33595,11.33595,1,3,3,14652.2,1.29539,2519.43,1719.49,1327.4,447.137,305.168,235.581,3251.31,0.2219,0.1713,254.947,0.0174,0.0134323,0.0,0.5,0.0,0.25,0.0,0.25,0.0,0.0,0.0,0.0,0,0.0,0,0.0,0,0.0,0,0.0,0.0,0,0,0.0,0,0,0,0,0,0,3
PHI,8,14,6,10.0,4.242640687,1.52,2.1,0.58,1.713333333,0.410121933,85,101,16,95.66666667,11.3137085,12.06,17.36,5.3,15.59333333,3.74766594,0.02658,150.0,149.97342,50.01772,106.0472223,90.2,3173.0,3082.8,1117.8,2179.868785,54.8,1687.0,1632.2,598.8666667,1154.139688,35.4,1486.0,5.27256,3.47714,5.27256,3.47714,3.26538,3.05495,5.27256,5.27256,5.27256,1,3,3,1018.97,1.56662,218.447,2143.79,1368.42,0.0,0.0,0.0,79.1744,0.0777,0.0495971,0.0,0.0,0.0,0.0,0.571428571,0.0,0.0,0.0,0.428571429,0.0,0.0,0.0,0.0,0,0.0,0,0.0,0,0.0,0,0.0,0.0,0,0,0.0,0,0,0,0,0,0,2
PHI,8,14,6,10.0,4.242640687,1.52,2.1,0.58,1.713333333,0.410121933,85,101,16,95.66666667,11.3137085,12.06,17.36,5.3,15.59333333,3.74766594,0.02658,150.0,149.97342,50.01772,106.0472223,90.2,3173.0,3082.8,1117.8,2179.868785,54.8,1687.0,1632.2,598.8666667,1154.139688,35.4,1486.0,5.41402,3.57829,5.41402,3.57829,3.1973,3.21276,5.41402,5.41402,5.41402,1,3,3,1015.82,1.57149,224.473,2209.78,1406.17,0.0,0.0,0.0,85.8365,0.0845,0.0537705,0.0,0.0,0.0,0.0,0.571428571,0.0,0.0,0.0,0.428571429,0.0,0.0,0.0,0.0,0,0.0,0,0.0,0,0.0,0,0.0,0.0,0,0,0.0,0,0,0,0,0,0,2
PHI,8,14,6,10.0,4.242640687,1.52,2.1,0.58,1.713333333,0.410121933,85,101,16,95.66666667,11.3137085,12.06,17.36,5.3,15.59333333,3.74766594,0.02658,150.0,149.97342,50.01772,106.0472223,90.2,3173.0,3082.8,1117.8,2179.868785,54.8,1687.0,1632.2,598.8666667,1154.139688,35.4,1486.0,5.3286,3.71169,5.27428,3.71169,3.08959,3.2816,5.27428,5.27428,5.27428,1,3,3,1008.71,1.58256,225.471,2235.24,1412.42,0.0,0.0,0.0,86.8502,0.0861,0.0544055,0.0,0.0,0.0,0.0,0.571428571,0.0,0.0,0.0,0.428571429,0.0,0.0,0.0,0.0,0,0.0,0,0.0,0,0.0,0,0.0,0.0,0,0,0.0,0,0,0,0,0,0,2
GON,8,14,6,10.0,4.242640687,1.52,2.1,0.58,1.713333333,0.410121933,85,101,16,95.66666667,11.3137085,12.06,17.36,5.3,15.59333333,3.74766594,0.02658,150.0,149.97342,50.01772,106.0472223,90.2,3173.0,3082.8,1117.8,2179.868785,54.8,1687.0,1632.2,598.8666667,1154.139688,35.4,1486.0,6.36838,5.63315,6.32167,1.91612,1.91612,5.63315,6.36838,6.36838,6.32167,2,1,1,1661.77,1.92126,160.462,965.607,502.59,6.40438,38.5395,20.0595,137.595,0.0828,0.0430967,0.498531,0.0003,0.000156147,0.0,0.1,0.2,0.5,0.0,0.1,0.0,0.0,0.0,0.1,0,0.0,0,0.0,0,0.0,0,0.0,0.0,0,0,0.0,0,0,0,0,0,0,2
IFR,8,14,6,10.0,4.242640687,1.52,2.1,0.58,1.713333333,0.410121933,85,101,16,95.66666667,11.3137085,12.06,17.36,5.3,15.59333333,3.74766594,0.02658,150.0,149.97342,50.01772,106.0472223,90.2,3173.0,3082.8,1117.8,2179.868785,54.8,1687.0,1632.2,598.8666667,1154.139688,35.4,1486.0,13.9131,12.72277,13.9131,6.36904,10.85411,12.72277,13.85404,13.9131,13.9131,1,3,3,1878.29,0.240763,332.332,1769.34,7348.89,0.0,0.0,0.0,1366.64,0.7276,3.02206,0.0,0.0,0.0,0.0,0.363636364,0.090909091,0.363636364,0.0,0.0,0.0,0.0,0.0,0.181818182,0,0.0,0,0.0,0,0.0,0,0.0,0.0,0,0,0.0,0,0,0,0,0,0,3
IFR,8,14,6,10.0,4.242640687,1.52,2.1,0.58,1.713333333,0.410121933,85,101,16,95.66666667,11.3137085,12.06,17.36,5.3,15.59333333,3.74766594,0.02658,150.0,149.97342,50.01772,106.0472223,90.2,3173.0,3082.8,1117.8,2179.868785,54.8,1687.0,1632.2,598.8666667,1154.139688,35.4,1486.0,7.09091,6.26689,6.87231,1.36022,1.32265,6.26689,7.09091,6.54691,6.87231,2,1,1,1876.28,1.70161,297.755,1586.95,932.613,0.0,0.0,0.0,282.192,0.1504,0.0883868,0.0,0.0,0.0,0.0,0.363636364,0.090909091,0.363636364,0.0,0.0,0.0,0.0,0.0,0.181818182,0,0.0,0,0.0,0,0.0,0,0.0,0.0,0,0,0.0,0,0,0,0,0,0,2
IFR,8,14,6,10.0,4.242640687,1.52,2.1,0.58,1.713333333,0.410121933,85,101,16,95.66666667,11.3137085,12.06,17.36,5.3,15.59333333,3.74766594,0.02658,150.0,149.97342,50.01772,106.0472223,90.2,3173.0,3082.8,1117.8,2179.868785,54.8,1687.0,1632.2,598.8666667,1154.139688,35.4,1486.0,7.08195,6.25985,6.88281,1.37266,1.34746,6.25985,7.08195,6.88281,6.88281,2,1,1,1874.35,1.70337,297.911,1589.41,933.101,0.0,0.0,0.0,281.902,0.1504,0.0882957,0.0,0.0,0.0,0.0,0.363636364,0.090909091,0.363636364,0.0,0.0,0.0,0.0,0.0,0.181818182,0,0.0,0,0.0,0,0.0,0,0.0,0.0,0,0,0.0,0,0,0,0,0,0,2
BCT,8,15,7,9.4,4.949747468,1.52,1.8,0.28,1.576,0.197989899,90,101,11,98.8,7.778174593,17.02,17.36,0.34,17.292,0.240416306,0.02658,0.236,0.20942,0.068464,0.148082302,90.2,550.0,459.8,182.16,325.127698,54.8,317.3,262.5,107.3,185.6155301,35.4,232.7,3.06779,2.89561,3.06779,2.89561,2.35768,2.46464,3.06779,3.04918,3.04918,2,1,1,449.111,1.40457,26.6023,592.333,421.719,0.0,0.0,0.0,1.16769,0.0026,0.00185111,0.0,0.0,0.0,0.0,0.333333333,0.0,0.333333333,0.0,0.333333333,0.0,0.0,0.0,0.0,0,0.0,0,0.0,0,0.0,0,0.0,0.0,0,0,0.0,0,0,0,0,0,0,7
FER,8,14,6,10.0,4.242640687,1.52,2.1,0.58,1.713333333,0.410121933,85,101,16,95.66666667,11.3137085,12.06,17.36,5.3,15.59333333,3.74766594,0.02658,150.0,149.97342,50.01772,106.0472223,90.2,3173.0,3082.8,1117.8,2179.868785,54.8,1687.0,1632.2,598.8666667,1154.139688,35.4,1486.0,5.76594,4.52417,5.16954,4.52417,3.2017,1.46955,5.16954,5.76594,5.09935,2,2,2,1948.81,1.84307,298.666,1532.56,831.525,0.0,0.0,0.0,154.54,0.0793,0.0430261,0.0,0.0,0.0,0.0,0.0,0.571428571,0.142857143,0.0,0.142857143,0.0,0.142857143,0.0,0.0,0,0.0,0,0.0,0,0.0,0,0.0,0.0,0,0,0.0,0,0,0,0,0,0,2
FER,8,14,6,10.0,4.242640687,1.52,2.1,0.58,1.713333333,0.410121933,85,101,16,95.66666667,11.3137085,12.06,17.36,5.3,15.59333333,3.74766594,0.02658,150.0,149.97342,50.01772,106.0472223,90.2,3173.0,3082.8,1117.8,2179.868785,54.8,1687.0,1632.2,598.8666667,1154.139688,35.4,1486.0,5.81597,4.51995,5.19909,4.51995,3.21485,1.46668,5.19909,5.81597,5.139,2,2,2,1950.99,1.84101,299.738,1536.34,834.51,0.0,0.0,0.0,158.225,0.0811,0.044052,0.0,0.0,0.0,0.0,0.0,0.571428571,0.142857143,0.0,0.142857143,0.0,0.142857143,0.0,0.0,0,0.0,0,0.0,0,0.0,0,0.0,0.0,0,0,0.0,0,0,0,0,0,0,2
FER,8,14,6,10.0,4.242640687,1.52,2.1,0.58,1.713333333,0.410121933,85,101,16,95.66666667,11.3137085,12.06,17.36,5.3,15.59333333,3.74766594,0.02658,150.0,149.97342,50.01772,106.0472223,90.2,3173.0,3082.8,1117.8,2179.868785,54.8,1687.0,1632.2,598.8666667,1154.139688,35.4,1486.0,5.83589,4.51475,5.21476,4.51475,3.23974,1.46039,5.21476,5.83589,5.21476,2,2,2,1952.37,1.83971,300.614,1539.74,836.947,0.0,0.0,0.0,159.509,0.0817,0.0444093,0.0,0.0,0.0,0.0,0.0,0.571428571,0.142857143,0.0,0.142857143,0.0,0.142857143,0.0,0.0,0,0.0,0,0.0,0,0.0,0,0.0,0.0,0,0,0.0,0,0,0,0,0,0,2
FER,8,14,6,10.0,4.242640687,1.52,2.1,0.58,1.713333333,0.410121933,85,101,16,95.66666667,11.3137085,12.06,17.36,5.3,15.59333333,3.74766594,0.02658,150.0,149.97342,50.01772,106.0472223,90.2,3173.0,3082.8,1117.8,2179.868785,54.8,1687.0,1632.2,598.8666667,1154.139688,35.4,1486.0,5.86194,4.52416,5.24247,4.52416,3.24338,1.46257,5.24247,5.86194,5.86194,2,2,2,1953.03,1.83908,301.338,1542.93,838.965,0.0,0.0,0.0,161.711,0.0828,0.0450224,0.0,0.0,0.0,0.0,0.0,0.571428571,0.142857143,0.0,0.142857143,0.0,0.142857143,0.0,0.0,0,0.0,0,0.0,0,0.0,0,0.0,0.0,0,0,0.0,0,0,0,0,0,0,2
FER,8,14,6,10.0,4.242640687,1.52,2.1,0.58,1.713333333,0.410121933,85,101,16,95.66666667,11.3137085,12.06,17.36,5.3,15.59333333,3.74766594,0.02658,150.0,149.97342,50.01772,106.0472223,90.2,3173.0,3082.8,1117.8,2179.868785,54.8,1687.0,1632.2,598.8666667,1154.139688,35.4,1486.0,6.0716,4.53583,5.43504,4.53583,3.21563,1.45641,5.43504,5.86239,6.0716,2,2,2,1956.46,1.83586,307.147,1569.92,855.138,0.0,0.0,0.0,166.494,0.0851,0.0463542,0.0,0.0,0.0,0.0,0.0,0.571428571,0.142857143,0.0,0.142857143,0.0,0.142857143,0.0,0.0,0,0.0,0,0.0,0,0.0,0,0.0,0.0,0,0,0.0,0,0,0,0,0,0,2
FER,8,14,6,10.0,4.242640687,1.52,2.1,0.58,1.713333333,0.410121933,85,101,16,95.66666667,11.3137085,12.06,17.36,5.3,15.59333333,3.74766594,0.02658,150.0,149.97342,50.01772,106.0472223,90.2,3173.0,3082.8,1117.8,2179.868785,54.8,1687.0,1632.2,598.8666667,1154.139688,35.4,1486.0,5.74046,4.52517,5.15735,4.52517,3.19675,1.4692,5.15735,5.74046,5.74046,2,2,2,1948.01,1.84383,297.695,1528.2,828.823,0.0,0.0,0.0,154.282,0.0792,0.0429542,0.0,0.0,0.0,0.0,0.0,0.571428571,0.142857143,0.0,0.142857143,0.0,0.142857143,0.0,0.0,0,0.0,0,0.0,0,0.0,0,0.0,0.0,0,0,0.0,0,0,0,0,0,0,2
FER,8,14,6,10.0,4.242640687,1.52,2.1,0.58,1.713333333,0.410121933,85,101,16,95.66666667,11.3137085,12.06,17.36,5.3,15.59333333,3.74766594,0.02658,150.0,149.97342,50.01772,106.0472223,90.2,3173.0,3082.8,1117.8,2179.868785,54.8,1687.0,1632.2,598.8666667,1154.139688,35.4,1486.0,5.90211,4.52252,5.27048,4.52252,3.25571,1.4524,5.27048,5.90211,5.64789,2,2,2,1954.69,1.83752,302.541,1547.77,842.315,0.0,0.0,0.0,163.217,0.0835,0.0454417,0.0,0.0,0.0,0.0,0.0,0.571428571,0.142857143,0.0,0.142857143,0.0,0.142857143,0.0,0.0,0,0.0,0,0.0,0,0.0,0,0.0,0.0,0,0,0.0,0,0,0,0,0,0,2
FER,8,14,6,10.0,4.242640687,1.52,2.1,0.58,1.713333333,0.410121933,85,101,16,95.66666667,11.3137085,12.06,17.36,5.3,15.59333333,3.74766594,0.02658,150.0,149.97342,50.01772,106.0472223,90.2,3173.0,3082.8,1117.8,2179.868785,54.8,1687.0,1632.2,598.8666667,1154.139688,35.4,1486.0,5.94476,4.52324,5.30669,4.52324,3.25158,1.45194,5.30669,5.30669,5.94476,2,2,2,1957.12,1.83524,304.219,1554.43,846.986,0.0,0.0,0.0,164.985,0.0843,0.045934,0.0,0.0,0.0,0.0,0.0,0.571428571,0.142857143,0.0,0.142857143,0.0,0.142857143,0.0,0.0,0,0.0,0,0.0,0,0.0,0,0.0,0.0,0,0,0.0,0,0,0,0,0,0,2
FER,8,14,6,10.0,4.242640687,1.52,2.1,0.58,1.713333333,0.410121933,85,101,16,95.66666667,11.3137085,12.06,17.36,5.3,15.59333333,3.74766594,0.02658,150.0,149.97342,50.01772,106.0472223,90.2,3173.0,3082.8,1117.8,2179.868785,54.8,1687.0,1632.2,598.8666667,1154.139688,35.4,1486.0,6.05528,4.5292,5.39176,4.5292,3.21565,1.45427,5.39176,6.05528,5.75367,2,2,2,1958.72,1.83374,306.303,1563.79,852.787,0.0,0.0,0.0,166.687,0.0851,0.0464079,0.0,0.0,0.0,0.0,0.0,0.571428571,0.142857143,0.0,0.142857143,0.0,0.142857143,0.0,0.0,0,0.0,0,0.0,0,0.0,0,0.0,0.0,0,0,0.0,0,0,0,0,0,0,2
FER,8,14,6,10.0,4.242640687,1.52,2.1,0.58,1.713333333,0.410121933,85,101,16,95.66666667,11.3137085,12.06,17.36,5.3,15.59333333,3.74766594,0.02658,150.0,149.97342,50.01772,106.0472223,90.2,3173.0,3082.8,1117.8,2179.868785,54.8,1687.0,1632.2,598.8666667,1154.139688,35.4,1486.0,6.07711,4.52718,5.41953,4.52718,3.21579,1.44907,5.41953,6.07711,5.86647,2,2,2,1961.01,1.8316,305.931,1560.06,851.751,0.0,0.0,0.0,166.686,0.085,0.0464076,0.0,0.0,0.0,0.0,0.0,0.571428571,0.142857143,0.0,0.142857143,0.0,0.142857143,0.0,0.0,0,0.0,0,0.0,0,0.0,0,0.0,0.0,0,0,0.0,0,0,0,0,0,0,2
FER,8,14,6,10.0,4.242640687,1.52,2.1,0.58,1.713333333,0.410121933,85,101,16,95.66666667,11.3137085,12.06,17.36,5.3,15.59333333,3.74766594,0.02658,150.0,149.97342,50.01772,106.0472223,90.2,3173.0,3082.8,1117.8,2179.868785,54.8,1687.0,1632.2,598.8666667,1154.139688,35.4,1486.0,6.09627,4.53565,5.43678,4.53565,3.20204,1.45006,5.43678,6.09627,6.09627,2,2,2,1960.47,1.8321,308.33,1572.74,858.432,0.0,0.0,0.0,166.248,0.0848,0.0462856,0.0,0.0,0.0,0.0,0.0,0.571428571,0.142857143,0.0,0.142857143,0.0,0.142857143,0.0,0.0,0,0.0,0,0.0,0,0.0,0,0.0,0.0,0,0,0.0,0,0,0,0,0,0,2
FER,8,14,6,10.0,4.242640687,1.52,2.1,0.58,1.713333333,0.410121933,85,101,16,95.66666667,11.3137085,12.06,17.36,5.3,15.59333333,3.74766594,0.02658,150.0,149.97342,50.01772,106.0472223,90.2,3173.0,3082.8,1117.8,2179.868785,54.8,1687.0,1632.2,598.8666667,1154.139688,35.4,1486.0,6.07798,4.55397,5.46004,4.55397,3.21193,1.45024,5.46004,6.07798,6.07798,2,2,2,1959.13,1.83336,307.448,1569.31,855.976,0.0,0.0,0.0,167.309,0.0854,0.0465811,0.0,0.0,0.0,0.0,0.0,0.571428571,0.142857143,0.0,0.142857143,0.0,0.142857143,0.0,0.0,0,0.0,0,0.0,0,0.0,0,0.0,0.0,0,0,0.0,0,0,0,0,0,0,2
FER,8,14,6,10.0,4.242640687,1.52,2.1,0.58,1.713333333,0.410121933,85,101,16,95.66666667,11.3137085,12.06,17.36,5.3,15.59333333,3.74766594,0.02658,150.0,149.97342,50.01772,106.0472223,90.2,3173.0,3082.8,1117.8,2179.868785,54.8,1687.0,1632.2,598.8666667,1154.139688,35.4,1486.0,6.05972,4.54873,5.4448,4.54873,3.20364,1.45355,5.4448,6.05972,5.73271,2,2,2,1957.38,1.835,306.634,1566.55,853.71,0.0,0.0,0.0,166.182,0.0849,0.0462671,0.0,0.0,0.0,0.0,0.0,0.571428571,0.142857143,0.0,0.142857143,0.0,0.142857143,0.0,0.0,0,0.0,0,0.0,0,0.0,0,0.0,0.0,0,0,0.0,0,0,0,0,0,0,2
ITH,8,14,6,10.0,4.242640687,1.52,2.1,0.58,1.713333333,0.410121933,85,101,16,95.66666667,11.3137085,12.06,17.36,5.3,15.59333333,3.74766594,0.02658,150.0,149.97342,50.01772,106.0472223,90.2,3173.0,3082.8,1117.8,2179.868785,54.8,1687.0,1632.2,598.8666667,1154.139688,35.4,1486.0,6.56588,4.76806,6.52454,4.07617,4.76806,4.76806,6.56588,6.52454,6.16387,1,3,3,3146.35,1.77578,490.583,1559.21,878.044,0.337122,1.07147,0.603381,334.457,0.1063,0.0598611,0.0,0.0,0.0,0.0,0.291666667,0.208333333,0.291666667,0.0,0.0,0.083333333,0.125,0.0,0.0,0,0.0,0,0.0,0,0.0,0,0.0,0.0,0,0,0.0,0,0,0,0,0,0,2
ITE,8,14,6,10.0,4.242640687,1.52,2.1,0.58,1.713333333,0.410121933,85,101,16,95.66666667,11.3137085,12.06,17.36,5.3,15.59333333,3.74766594,0.02658,150.0,149.97342,50.01772,106.0472223,90.2,3173.0,3082.8,1117.8,2179.868785,54.8,1687.0,1632.2,598.8666667,1154.139688,35.4,1486.0,8.07969,3.79625,7.48853,1.87066,3.79625,2.83803,8.07969,7.48853,8.07969,2,2,2,3935.05,1.6227,703.484,1787.74,1101.71,0.0,0.0,0.0,615.442,0.1564,0.0963827,0.0,0.0,0.0,0.0,0.375,0.25,0.125,0.0,0.25,0.0,0.0,0.0,0.0,0,0.0,0,0.0,0,0.0,0,0.0,0.0,0,0,0.0,0,0,0,0,0,0,2
ABW,3,33,30,13.25,14.24780685,1.52,2.01,0.49,1.66,0.250421866,12,101,89,85.25,38.60195735,9.16,17.36,8.2,15.24125,3.93307591,0.02658,120.0,119.97342,31.8916125,59.60686752,90.2,1615.0,1524.8,516.625,773.572244,54.8,1090.0,1035.2,313.79625,494.6403197,35.4,1161.31,2.04011,1.4319,2.04011,0.76961,1.21193,1.4319,2.04011,2.04011,2.04011,0,0,0,465.363,3.24352,0.0,0.0,0.0,0.0,0.0,0.0,0.0,0.0,0.0,0.0,0.0,0.0,0.0,0.333333333,0.0,0.333333333,0.0,0.333333333,0.0,0.0,0.0,0.0,0,0.0,0,0.0,0,0.0,0,0.0,0.0,0,0,0.0,0,0,0,0,0,0,5
SFF,8,14,6,10.0,4.242640687,1.52,2.1,0.58,1.713333333,0.410121933,85,101,16,95.66666667,11.3137085,12.06,17.36,5.3,15.59333333,3.74766594,0.02658,150.0,149.97342,50.01772,106.0472223,90.2,3173.0,3082.8,1117.8,2179.868785,54.8,1687.0,1632.2,598.8666667,1154.139688,35.4,1486.0,7.60754,5.40358,7.60754,1.27992,1.2127,5.40358,7.60754,7.60754,7.60754,1,1,1,926.226,1.7235,146.76,1584.5,919.35,0.0,0.0,0.0,132.821,0.1434,0.0832029,0.0,0.0,0.0,0.0,0.214285714,0.428571429,0.285714286,0.0,0.0,0.0,0.071428571,0.0,0.0,0,0.0,0,0.0,0,0.0,0,0.0,0.0,0,0,0.0,0,0,0,0,0,0,2
SFF,8,14,6,10.0,4.242640687,1.52,2.1,0.58,1.713333333,0.410121933,85,101,16,95.66666667,11.3137085,12.06,17.36,5.3,15.59333333,3.74766594,0.02658,150.0,149.97342,50.01772,106.0472223,90.2,3173.0,3082.8,1117.8,2179.868785,54.8,1687.0,1632.2,598.8666667,1154.139688,35.4,1486.0,7.70022,5.40604,7.665,1.68495,1.31442,5.40604,7.665,7.665,7.665,2,1,1,1855.91,1.72029,296.708,1598.72,929.332,0.0,0.0,0.0,294.161,0.1585,0.0921357,0.0,0.0,0.0,0.0,0.214285714,0.428571429,0.285714286,0.0,0.0,0.0,0.071428571,0.0,0.0,0,0.0,0,0.0,0,0.0,0,0.0,0.0,0,0,0.0,0,0,0,0,0,0,2
ISV,8,14,6,10.0,4.242640687,1.52,2.1,0.58,1.713333333,0.410121933,85,101,16,95.66666667,11.3137085,12.06,17.36,5.3,15.59333333,3.74766594,0.02658,150.0,149.97342,50.01772,106.0472223,90.2,3173.0,3082.8,1117.8,2179.868785,54.8,1687.0,1632.2,598.8666667,1154.139688,35.4,1486.0,6.96591,6.19398,6.86922,6.19398,6.19398,5.96137,6.96591,6.86922,6.86922,1,3,3,4165.15,1.53305,768.477,1845.02,1203.49,3.71689,8.9238,5.82093,880.095,0.2113,0.137829,0.0,0.0,0.0,0.0,0.411764706,0.235294118,0.117647059,0.0,0.0,0.0,0.0,0.0,0.235294118,0,0.0,0,0.0,0,0.0,0,0.0,0.0,0,0,0.0,0,0,0,0,0,0,2
MFI,8,14,6,10.0,4.242640687,1.52,2.1,0.58,1.713333333,0.410121933,85,101,16,95.66666667,11.3137085,12.06,17.36,5.3,15.59333333,3.74766594,0.02658,150.0,149.97342,50.01772,106.0472223,90.2,3173.0,3082.8,1117.8,2179.868785,54.8,1687.0,1632.2,598.8666667,1154.139688,35.4,1486.0,6.77014,5.23324,6.77014,5.23324,5.16213,5.16213,6.77014,6.66588,6.77014,1,3,3,5380.46,1.78016,802.263,1491.07,837.602,0.233612,0.434185,0.243902,585.394,0.1088,0.061118,0.0,0.0,0.0,0.0,0.03846153,0.423,0.308,0.0,0.0,0.0,0.23076,0.0,0.0,0,0.0,0,0.0,0,0.0,0,0.0,0.0,0,0,0.0,0,0,0,0,0,0,2
ZON,8,15,7,9.777777778,4.114434521,1.52,1.84,0.32,1.608888889,0.202414003,80,101,21,96.25925926,11.48394324,10.0,17.36,7.36,16.21925926,3.824327516,0.02658,235.0,234.97342,34.86848222,122.9350889,90.2,2792.0,2701.8,558.5851852,1392.231432,54.8,933.47,878.67,223.8622222,456.396849,35.4,1858.53,4.78809,2.74699,4.78809,2.74699,2.21044,1.66761,4.78809,4.78809,4.78809,0,0,0,3788.14,1.87897,0.0,0.0,0.0,460.939,1216.79,647.586,0.0,0.0,0.0,163.269,0.0431,0.0229381,0.0,0.428571429,0.0,0.285714286,0.0,0.285714286,0.0,0.0,0.0,0.0,0,0.0,0,0.0,0,0.0,0,0.0,0.0,0,0,0.0,0,0,0,0,0,0,4
SOD,8,14,6,9.833333333,3.689323937,1.52,2.1,0.58,1.67,0.31822424,80,101,21,94.83333333,12.50111106,10.0,17.36,7.36,15.25,4.302983461,0.02658,235.0,234.97342,64.18438667,132.9250288,90.2,3173.0,3082.8,1054.3,1934.463424,54.8,1687.0,1632.2,473.2783333,891.7012048,35.4,1858.53,5.68925,1.39952,5.68925,1.39952,1.39952,1.39952,5.68925,5.68925,5.68925,0,0,0,682.425,1.7383,0.0,0.0,0.0,84.8058,1242.71,714.899,0.0,0.0,0.0,39.0347,0.0572,0.0329056,0.0,0.5,0.0,0.5,0.0,0.0,0.0,0.0,0.0,0.0,0,0.0,0,0.0,0,0.0,0,0.0,0.0,0,0,0.0,0,0,0,0,0,0,1
SOD,8,14,6,9.833333333,3.689323937,1.52,2.1,0.58,1.67,0.31822424,80,101,21,94.83333333,12.50111106,10.0,17.36,7.36,15.25,4.302983461,0.02658,235.0,234.97342,64.18438667,132.9250288,90.2,3173.0,3082.8,1054.3,1934.463424,54.8,1687.0,1632.2,473.2783333,891.7012048,35.4,1858.53,5.76928,1.47564,5.76928,1.47564,1.47564,1.47564,5.76928,5.76928,5.76928,0,0,0,692.168,1.71384,0.0,0.0,0.0,89.2102,1288.85,752.028,0.0,0.0,0.0,42.153,0.0609,0.0355343,0.0,0.5,0.0,0.5,0.0,0.0,0.0,0.0,0.0,0.0,0,0.0,0,0.0,0,0.0,0,0.0,0.0,0,0,0.0,0,0,0,0,0,0,1
SOD,8,14,6,9.833333333,3.689323937,1.52,2.1,0.58,1.67,0.31822424,80,101,21,94.83333333,12.50111106,10.0,17.36,7.36,15.25,4.302983461,0.02658,235.0,234.97342,64.18438667,132.9250288,90.2,3173.0,3082.8,1054.3,1934.463424,54.8,1687.0,1632.2,473.2783333,891.7012048,35.4,1858.53,5.72253,1.47409,5.72253,1.47409,1.47409,1.47409,5.72253,5.72253,5.72253,0,0,0,690.784,1.71727,0.0,0.0,0.0,88.6328,1283.08,747.16,0.0,0.0,0.0,40.9635,0.0593,0.0345315,0.0,0.5,0.0,0.5,0.0,0.0,0.0,0.0,0.0,0.0,0,0.0,0,0.0,0,0.0,0,0.0,0.0,0,0,0.0,0,0,0,0,0,0,1
SOD,8,14,6,9.833333333,3.689323937,1.52,2.1,0.58,1.67,0.31822424,80,101,21,94.83333333,12.50111106,10.0,17.36,7.36,15.25,4.302983461,0.02658,235.0,234.97342,64.18438667,132.9250288,90.2,3173.0,3082.8,1054.3,1934.463424,54.8,1687.0,1632.2,473.2783333,891.7012048,35.4,1858.53,5.98972,1.54844,5.98972,1.54843,1.54844,1.54844,5.98972,5.98972,5.98972,0,0,0,697.557,1.70059,0.0,0.0,0.0,93.9366,1346.65,791.87,0.0,0.0,0.0,45.8993,0.0658,0.0386923,0.0,0.5,0.0,0.5,0.0,0.0,0.0,0.0,0.0,0.0,0,0.0,0,0.0,0,0.0,0,0.0,0.0,0,0,0.0,0,0,0,0,0,0,1
SOD,8,14,6,9.833333333,3.689323937,1.52,2.1,0.58,1.67,0.31822424,80,101,21,94.83333333,12.50111106,10.0,17.36,7.36,15.25,4.302983461,0.02658,235.0,234.97342,64.18438667,132.9250288,90.2,3173.0,3082.8,1054.3,1934.463424,54.8,1687.0,1632.2,473.2783333,891.7012048,35.4,1858.53,6.20993,1.74953,6.20993,1.74953,1.74953,1.74953,6.20993,6.20993,6.20993,0,0,0,717.398,1.65356,0.0,0.0,0.0,106.029,1477.97,893.81,0.0,0.0,0.0,53.3744,0.0744,0.0449938,0.0,0.5,0.0,0.5,0.0,0.0,0.0,0.0,0.0,0.0,0,0.0,0,0.0,0,0.0,0,0.0,0.0,0,0,0.0,0,0,0,0,0,0,1
SOD,8,14,6,9.833333333,3.689323937,1.52,2.1,0.58,1.67,0.31822424,80,101,21,94.83333333,12.50111106,10.0,17.36,7.36,15.25,4.302983461,0.02658,235.0,234.97342,64.18438667,132.9250288,90.2,3173.0,3082.8,1054.3,1934.463424,54.8,1687.0,1632.2,473.2783333,891.7012048,35.4,1858.53,5.89768,1.50769,5.89768,1.50768,1.50768,1.50769,5.89768,5.89768,5.89768,0,0,0,705.92,1.68045,0.0,0.0,0.0,94.1274,1333.4,793.479,0.0,0.0,0.0,45.673,0.0647,0.0385016,0.0,0.5,0.0,0.5,0.0,0.0,0.0,0.0,0.0,0.0,0,0.0,0,0.0,0,0.0,0,0.0,0.0,0,0,0.0,0,0,0,0,0,0,1
SOD,8,14,6,9.833333333,3.689323937,1.52,2.1,0.58,1.67,0.31822424,80,101,21,94.83333333,12.50111106,10.0,17.36,7.36,15.25,4.302983461,0.02658,235.0,234.97342,64.18438667,132.9250288,90.2,3173.0,3082.8,1054.3,1934.463424,54.8,1687.0,1632.2,473.2783333,891.7012048,35.4,1858.53,6.43907,2.1431,6.43907,2.1431,2.1431,2.1431,6.43907,6.43907,6.43907,0,0,0,773.267,1.53409,0.0,0.0,0.0,134.372,1737.72,1132.74,0.0,0.0,0.0,73.615,0.0952,0.0620562,0.0,0.5,0.0,0.5,0.0,0.0,0.0,0.0,0.0,0.0,0,0.0,0,0.0,0,0.0,0,0.0,0.0,0,0,0.0,0,0,0,0,0,0,1
SOD,8,14,6,9.833333333,3.689323937,1.52,2.1,0.58,1.67,0.31822424,80,101,21,94.83333333,12.50111106,10.0,17.36,7.36,15.25,4.302983461,0.02658,235.0,234.97342,64.18438667,132.9250288,90.2,3173.0,3082.8,1054.3,1934.463424,54.8,1687.0,1632.2,473.2783333,891.7012048,35.4,1858.53,6.44219,2.07955,6.44219,2.07955,2.07955,2.07955,6.44219,6.44219,6.44219,0,0,0,780.213,1.52043,0.0,0.0,0.0,133.344,1709.07,1124.07,0.0,0.0,0.0,72.6378,0.0931,0.0612325,0.0,0.5,0.0,0.5,0.0,0.0,0.0,0.0,0.0,0.0,0,0.0,0,0.0,0,0.0,0,0.0,0.0,0,0,0.0,0,0,0,0,0,0,1
SOD,8,14,6,9.833333333,3.689323937,1.52,2.1,0.58,1.67,0.31822424,80,101,21,94.83333333,12.50111106,10.0,17.36,7.36,15.25,4.302983461,0.02658,235.0,234.97342,64.18438667,132.9250288,90.2,3173.0,3082.8,1054.3,1934.463424,54.8,1687.0,1632.2,473.2783333,891.7012048,35.4,1858.53,6.42845,2.06669,6.42845,2.06669,2.06669,2.06669,6.42845,6.42845,6.42845,0,0,0,774.885,1.53089,0.0,0.0,0.0,131.625,1698.64,1109.58,0.0,0.0,0.0,71.212,0.0919,0.0600305,0.0,0.5,0.0,0.5,0.0,0.0,0.0,0.0,0.0,0.0,0,0.0,0,0.0,0,0.0,0,0.0,0.0,0,0,0.0,0,0,0,0,0,0,1
SOD,8,14,6,9.833333333,3.689323937,1.52,2.1,0.58,1.67,0.31822424,80,101,21,94.83333333,12.50111106,10.0,17.36,7.36,15.25,4.302983461,0.02658,235.0,234.97342,64.18438667,132.9250288,90.2,3173.0,3082.8,1054.3,1934.463424,54.8,1687.0,1632.2,473.2783333,891.7012048,35.4,1858.53,5.61909,1.3766,5.61909,1.3766,1.3766,1.3766,5.61909,5.61909,5.61909,0,0,0,678.086,1.74943,0.0,0.0,0.0,82.8571,1221.93,698.472,0.0,0.0,0.0,37.2269,0.0549,0.0313817,0.0,0.5,0.0,0.5,0.0,0.0,0.0,0.0,0.0,0.0,0,0.0,0,0.0,0,0.0,0,0.0,0.0,0,0,0.0,0,0,0,0,0,0,1
SOD,8,14,6,9.833333333,3.689323937,1.52,2.1,0.58,1.67,0.31822424,80,101,21,94.83333333,12.50111106,10.0,17.36,7.36,15.25,4.302983461,0.02658,235.0,234.97342,64.18438667,132.9250288,90.2,3173.0,3082.8,1054.3,1934.463424,54.8,1687.0,1632.2,473.2783333,891.7012048,35.4,1858.53,5.61009,1.39041,5.61009,1.39041,1.39041,1.39041,5.61009,5.61009,5.61009,0,0,0,673.949,1.76017,0.0,0.0,0.0,82.3994,1222.63,694.613,0.0,0.0,0.0,36.9998,0.0549,0.0311903,0.0,0.5,0.0,0.5,0.0,0.0,0.0,0.0,0.0,0.0,0,0.0,0,0.0,0,0.0,0,0.0,0.0,0,0,0.0,0,0,0,0,0,0,1
SOD,8,14,6,9.833333333,3.689323937,1.52,2.1,0.58,1.67,0.31822424,80,101,21,94.83333333,12.50111106,10.0,17.36,7.36,15.25,4.302983461,0.02658,235.0,234.97342,64.18438667,132.9250288,90.2,3173.0,3082.8,1054.3,1934.463424,54.8,1687.0,1632.2,473.2783333,891.7012048,35.4,1858.53,6.22225,2.0077,6.22225,2.0077,2.0077,2.0077,6.22225,6.22225,6.22225,0,0,0,726.33,1.63323,0.0,0.0,0.0,118.05,1625.29,995.141,0.0,0.0,0.0,60.7212,0.0836,0.051187,0.0,0.5,0.0,0.5,0.0,0.0,0.0,0.0,0.0,0.0,0,0.0,0,0.0,0,0.0,0,0.0,0.0,0,0,0.0,0,0,0,0,0,0,1
NSI,8,14,6,9.894736842,4.242640687,1.52,2.1,0.58,1.703157895,0.410121933,85,101,16,95.94736842,11.3137085,12.06,17.36,5.3,15.68631579,3.74766594,0.02658,150.0,149.97342,47.38660737,106.0472223,90.2,3173.0,3082.8,1063.715789,2179.868785,54.8,1687.0,1632.2,570.2315789,1154.139688,35.4,1486.0,5.93019,5.40272,5.8722,1.49596,5.40272,3.89448,5.93019,5.8722,5.93019,2,2,2,1866.68,1.3397,436.66,2339.23,1746.09,0.0,0.0,0.0,356.91,0.1912,0.142719,0.0,0.0,0.0,0.0,0.0,0.2,0.6,0.0,0.2,0.0,0.0,0.0,0.0,0,0.0,0,0.0,0,0.0,0,0.0,0.0,0,0,0.0,0,0,0,0,0,0,2
NSI,8,14,6,10.0,4.242640687,1.52,2.1,0.58,1.713333333,0.410121933,85,101,16,95.66666667,11.3137085,12.06,17.36,5.3,15.59333333,3.74766594,0.02658,150.0,149.97342,50.01772,106.0472223,90.2,3173.0,3082.8,1117.8,2179.868785,54.8,1687.0,1632.2,598.8666667,1154.139688,35.4,1486.0,3.61466,2.8528,3.61466,1.50209,2.8528,1.79255,3.61466,3.61466,3.59037,2,1,1,1145.34,2.09067,49.0442,428.206,204.818,21.7819,190.179,90.9655,7.44471,0.0065,0.00310906,1.83254,0.0016,0.000765306,0.0,0.0,0.2,0.6,0.0,0.2,0.0,0.0,0.0,0.0,0,0.0,0,0.0,0,0.0,0,0.0,0.0,0,0,0.0,0,0,0,0,0,0,2
ERI,8,15,7,9.8,4.111353282,1.52,1.84,0.32,1.61,0.202245459,80,101,21,96.2,11.47788898,10.0,17.36,7.36,16.205,3.826549865,0.02658,235.0,234.97342,35.304006,123.0209879,90.2,2792.0,2701.8,564.44,1392.581971,54.8,933.47,878.67,225.9755,456.3625022,35.4,1858.53,5.34834,2.95514,5.34834,2.95514,2.95514,2.72046,5.34834,5.31219,5.32868,2,1,1,4507.58,1.75878,589.826,1308.52,743.994,3.08158,6.83645,3.88705,237.55,0.0527,0.029964,0.0,0.0,0.0,0.0,0.333333333,0.0,0.5,0.0,0.166666667,0.0,0.0,0.0,0.0,0,0.0,0,0.0,0,0.0,0,0.0,0.0,0,0,0.0,0,0,0,0,0,0,4
NAT,8,14,6,9.866666667,3.763072453,1.52,2.1,0.58,1.678666667,0.334685353,80,101,21,95.0,12.19265001,10.0,17.36,7.36,15.31866667,4.17427667,0.02658,235.0,234.97342,61.35105333,127.5581437,90.2,3173.0,3082.8,1067.0,1963.904425,54.8,1687.0,1632.2,498.396,939.0837544,35.4,1858.53,3.44797,2.60817,3.44797,2.58948,2.60817,2.60817,3.44797,3.44797,3.44797,0,0,0,2246.07,1.76377,0.0,0.0,0.0,150.34,669.35,379.5,0.0,0.0,0.0,12.3534,0.0055,0.00311832,0.0,0.5,0.0,0.0,0.0,0.25,0.25,0.0,0.0,0.0,0,0.0,0,0.0,0,0.0,0,0.0,0.0,0,0,0.0,0,0,0,0,0,0,0
NPO,7,73,66,40.0,46.66904756,1.55,2.22,0.67,1.885,0.473761543,52,100,48,76.0,33.9411255,10.85,13.54,2.69,12.195,1.902117241,0.02583,57.0,56.97417,28.512915,40.28682196,77.36,5731.0,5653.64,2904.18,3997.727182,63.05,3290.0,3226.95,1676.525,2281.798228,14.31,2441.0,5.87299,5.33524,5.87299,3.46473,3.46473,5.33524,5.87299,5.87299,5.87299,1,3,3,532.796,3.64564,187.493,3519.05,965.275,0.0,0.0,0.0,112.953,0.212,0.0581516,0.0,0.0,0.0,0.333333333,0.0,0.0,0.333333333,0.0,0.0,0.0,0.0,0.0,0.333333333,0,0.0,0,0.0,0,0.0,0,0.0,0.0,0,0,0.0,0,0,0,0,0,0,5
NPO,7,73,66,33.4,46.66904756,1.55,2.22,0.67,1.818,0.473761543,52,100,48,80.8,33.9411255,10.85,13.54,2.69,12.464,1.902117241,0.02583,57.0,56.97417,22.815498,40.28682196,77.36,5731.0,5653.64,2338.816,3997.727182,63.05,3290.0,3226.95,1353.83,2281.798228,14.31,2441.0,9.30068,7.7818,9.30068,7.7818,7.7818,5.09865,9.30068,9.30068,9.30068,1,3,3,2671.57,1.50635,944.055,3533.72,2345.87,0.0,0.0,0.0,1312.27,0.4912,0.326086,0.0,0.0,0.0,0.333333333,0.0,0.0,0.333333333,0.0,0.0,0.0,0.0,0.0,0.333333333,0,0.0,0,0.0,0,0.0,0,0.0,0.0,0,0,0.0,0,0,0,0,0,0,5
MFI,8,14,6,10.0,4.242640687,1.52,2.1,0.58,1.713333333,0.410121933,85,101,16,95.66666667,11.3137085,12.06,17.36,5.3,15.59333333,3.74766594,0.02658,150.0,149.97342,50.01772,106.0472223,90.2,3173.0,3082.8,1117.8,2179.868785,54.8,1687.0,1632.2,598.8666667,1154.139688,35.4,1486.0,6.95454,5.2229,5.9695,5.22077,5.2229,5.22077,6.77967,5.9695,6.94046,1,3,3,5361.41,1.78649,812.157,1514.82,847.931,0.0,0.0,0.0,601.55,0.1122,0.0628048,0.0,0.0,0.0,0.0,0.03846153,0.423,0.308,0.0,0.0,0.0,0.23076,0.0,0.0,0,0.0,0,0.0,0,0.0,0,0.0,0.0,0,0,0.0,0,0,0,0,0,0,2
OKO,8,14,6,9.961538462,4.242640687,1.52,2.1,0.58,1.709615385,0.410121933,85,101,16,95.76923077,11.3137085,12.06,17.36,5.3,15.62730769,3.74766594,0.02658,150.0,149.97342,49.05635192,106.0472223,90.2,3173.0,3082.8,1098.038462,2179.868785,54.8,1687.0,1632.2,588.4038462,1154.139688,35.4,1486.0,7.29806,5.14001,7.29806,1.4181,5.14001,3.30137,7.26325,7.29806,7.26325,2,2,2,3972.36,1.73468,600.423,1511.5,871.346,0.0,0.0,0.0,392.866,0.0989,0.0570135,0.0,0.0,0.0,0.0,0.0625,0.625,0.125,0.0,0.0,0.0,0.0625,0.0,0.125,0,0.0,0,0.0,0,0.0,0,0.0,0.0,0,0,0.0,0,0,0,0,0,0,2
OKO,8,14,6,9.961538462,4.242640687,1.52,2.1,0.58,1.709615385,0.410121933,85,101,16,95.76923077,11.3137085,12.06,17.36,5.3,15.62730769,3.74766594,0.02658,150.0,149.97342,49.05635192,106.0472223,90.2,3173.0,3082.8,1098.038462,2179.868785,54.8,1687.0,1632.2,588.4038462,1154.139688,35.4,1486.0,7.13788,5.1781,7.00518,1.44562,5.1781,3.56266,7.13788,7.00518,7.13788,2,2,2,3975.91,1.73312,596.636,1500.63,865.851,0.0,0.0,0.0,392.423,0.0987,0.0569492,0.0,0.0,0.0,0.0,0.0625,0.625,0.125,0.0,0.0,0.0,0.0625,0.0,0.125,0,0.0,0,0.0,0,0.0,0,0.0,0.0,0,0,0.0,0,0,0,0,0,0,2
IFY,8,14,6,10.0,4.242640687,1.52,2.1,0.58,1.713333333,0.410121933,85,101,16,95.66666667,11.3137085,12.06,17.36,5.3,15.59333333,3.74766594,0.02658,150.0,149.97342,50.01772,106.0472223,90.2,3173.0,3082.8,1117.8,2179.868785,54.8,1687.0,1632.2,598.8666667,1154.139688,35.4,1486.0,7.05221,3.74701,7.05221,3.74701,3.74701,1.8735,7.05221,7.05221,5.43505,1,2,2,2780.05,1.72265,436.945,1571.71,912.384,60.6659,218.219,126.676,298.578,0.1074,0.0623459,18.6263,0.0067,0.00388936,0.0,0.625,0.0,0.125,0.0,0.25,0.0,0.0,0.0,0.0,0,0.0,0,0.0,0,0.0,0,0.0,0.0,0,0,0.0,0,0,0,0,0,0,2
FAU,8,14,6,10.0,4.242640687,1.52,2.1,0.58,1.713333333,0.410121933,85,101,16,95.66666667,11.3137085,12.06,17.36,5.3,15.59333333,3.74766594,0.02658,150.0,149.97342,50.01772,106.0472223,90.2,3173.0,3082.8,1117.8,2179.868785,54.8,1687.0,1632.2,598.8666667,1154.139688,35.4,1486.0,11.47398,7.23356,11.47398,7.23356,7.23356,7.23356,11.47398,11.47398,11.47398,1,3,3,14945.3,1.28175,2408.24,1611.37,1257.16,400.295,267.841,208.964,4239.98,0.2837,0.221337,216.707,0.0145,0.0113126,0.0,0.4,0.0,0.4,0.0,0.0,0.0,0.0,0.0,0.2,0,0.0,0,0.0,0,0.0,0,0.0,0.0,0,0,0.0,0,0,0,0,0,0,3
FAU,8,14,6,9.833333333,3.689323937,1.52,2.1,0.58,1.67,0.31822424,80,101,21,94.83333333,12.50111106,10.0,17.36,7.36,15.25,4.302983461,0.02658,235.0,234.97342,64.18438667,132.9250288,90.2,3173.0,3082.8,1054.3,1934.463424,54.8,1687.0,1632.2,473.2783333,891.7012048,35.4,1858.53,11.85121,7.18966,11.85121,7.18966,7.18966,7.18966,11.85121,11.85121,11.85121,1,3,3,16041.3,1.18321,2650.79,1652.47,1396.61,512.334,319.384,269.931,4547.72,0.2835,0.239603,287.14,0.0179,0.0151284,0.0,0.4,0.0,0.4,0.0,0.0,0.0,0.0,0.0,0.2,0,0.0,0,0.0,0,0.0,0,0.0,0.0,0,0,0.0,0,0,0,0,0,0,3
LOS,8,14,6,9.333333333,4.242640687,1.52,2.1,0.58,1.648888889,0.410121933,85,101,16,97.44444444,11.3137085,12.06,17.36,5.3,16.18222222,3.74766594,0.02658,150.0,149.97342,33.35400667,106.0472223,90.2,3173.0,3082.8,775.2666667,2179.868785,54.8,1687.0,1632.2,417.5111111,1154.139688,35.4,1486.0,2.77688,1.75925,2.77688,1.70445,1.70445,1.75925,2.77688,2.65772,2.77688,0,0,0,3118.6,1.61175,0.0,0.0,0.0,0.0,0.0,0.0,0.0,0.0,0.0,0.0,0.0,0.0,0.0,0.2,0.0,0.8,0.0,0.0,0.0,0.0,0.0,0.0,0,0.0,0,0.0,0,0.0,0,0.0,0.0,0,0,0.0,0,0,0,0,0,0,0
MTN,8,14,6,10.0,4.242640687,1.52,2.1,0.58,1.713333333,0.410121933,85,101,16,95.66666667,11.3137085,12.06,17.36,5.3,15.59333333,3.74766594,0.02658,150.0,149.97342,50.01772,106.0472223,90.2,3173.0,3082.8,1117.8,2179.868785,54.8,1687.0,1632.2,598.8666667,1154.139688,35.4,1486.0,21.67136,19.62215,21.67136,16.24972,16.46852,19.62215,21.06435,21.45483,21.67136,1,3,3,7348.91,0.0334991,393.461,535.4,15982.5,0.0,0.0,0.0,6919.73,0.9416,28.1082,0.0,0.0,0.0,0.0,0.0,0.666666667,0.333333333,0.0,0.0,0.0,0.0,0.0,0.0,0,0.0,0,0.0,0,0.0,0,0.0,0.0,0,0,0.0,0,0,0,0,0,0,3
MTN,8,14,6,10.0,4.242640687,1.52,2.1,0.58,1.713333333,0.410121933,85,101,16,95.66666667,11.3137085,12.06,17.36,5.3,15.59333333,3.74766594,0.02658,150.0,149.97342,50.01772,106.0472223,90.2,3173.0,3082.8,1117.8,2179.868785,54.8,1687.0,1632.2,598.8666667,1154.139688,35.4,1486.0,21.64564,19.59851,21.64564,16.22951,16.44423,19.59851,21.03872,21.43066,21.64564,1,3,3,7325.57,0.0336058,393.265,536.839,15974.6,0.0,0.0,0.0,6897.03,0.9415,28.016,0.0,0.0,0.0,0.0,0.0,0.666666667,0.333333333,0.0,0.0,0.0,0.0,0.0,0.0,0,0.0,0,0.0,0,0.0,0,0.0,0.0,0,0,0.0,0,0,0,0,0,0,3
MTN,8,14,6,10.0,4.242640687,1.52,2.1,0.58,1.713333333,0.410121933,85,101,16,95.66666667,11.3137085,12.06,17.36,5.3,15.59333333,3.74766594,0.02658,150.0,149.97342,50.01772,106.0472223,90.2,3173.0,3082.8,1117.8,2179.868785,54.8,1687.0,1632.2,598.8666667,1154.139688,35.4,1486.0,21.59137,19.55082,21.59137,16.20506,16.4088,19.55082,20.9943,21.40524,21.59137,1,3,3,7295.06,0.0337463,393.306,539.14,15976.3,0.0,0.0,0.0,6862.47,0.9407,27.8756,0.0,0.0,0.0,0.0,0.0,0.666666667,0.333333333,0.0,0.0,0.0,0.0,0.0,0.0,0,0.0,0,0.0,0,0.0,0,0.0,0.0,0,0,0.0,0,0,0,0,0,0,3
MTN,8,14,6,10.0,4.242640687,1.52,2.1,0.58,1.713333333,0.410121933,85,101,16,95.66666667,11.3137085,12.06,17.36,5.3,15.59333333,3.74766594,0.02658,150.0,149.97342,50.01772,106.0472223,90.2,3173.0,3082.8,1117.8,2179.868785,54.8,1687.0,1632.2,598.8666667,1154.139688,35.4,1486.0,7.00108,2.5058,7.00108,2.5058,2.5058,2.5058,7.00108,7.00108,7.00108,0,0,0,7295.06,1.86002,0.0,0.0,0.0,1091.73,1496.53,804.578,0.0,0.0,0.0,641.966,0.088,0.0473113,0.0,0.0,0.666666667,0.333333333,0.0,0.0,0.0,0.0,0.0,0.0,0,0.0,0,0.0,0,0.0,0,0.0,0.0,0,0,0.0,0,0,0,0,0,0,1
MTN,8,14,6,10.0,4.242640687,1.52,2.1,0.58,1.713333333,0.410121933,85,101,16,95.66666667,11.3137085,12.06,17.36,5.3,15.59333333,3.74766594,0.02658,150.0,149.97342,50.01772,106.0472223,90.2,3173.0,3082.8,1117.8,2179.868785,54.8,1687.0,1632.2,598.8666667,1154.139688,35.4,1486.0,7.01659,2.47289,7.01659,2.47289,2.47289,2.47289,7.01659,7.01659,7.01659,0,0,0,7295.06,1.86002,0.0,0.0,0.0,1089.96,1494.11,803.277,0.0,0.0,0.0,637.589,0.0874,0.0469887,0.0,0.0,0.666666667,0.333333333,0.0,0.0,0.0,0.0,0.0,0.0,0,0.0,0,0.0,0,0.0,0,0.0,0.0,0,0,0.0,0,0,0,0,0,0,1
MTN,8,14,6,10.0,4.242640687,1.52,2.1,0.58,1.713333333,0.410121933,85,101,16,95.66666667,11.3137085,12.06,17.36,5.3,15.59333333,3.74766594,0.02658,150.0,149.97342,50.01772,106.0472223,90.2,3173.0,3082.8,1117.8,2179.868785,54.8,1687.0,1632.2,598.8666667,1154.139688,35.4,1486.0,7.04491,2.45772,7.04491,2.45772,2.45772,2.45772,7.04491,7.04491,7.04491,0,0,0,7323.88,1.8527,0.0,0.0,0.0,1096.42,1497.04,808.033,0.0,0.0,0.0,645.234,0.0881,0.0475521,0.0,0.0,0.666666667,0.333333333,0.0,0.0,0.0,0.0,0.0,0.0,0,0.0,0,0.0,0,0.0,0,0.0,0.0,0,0,0.0,0,0,0,0,0,0,1
FER,8,14,6,10.0,4.242640687,1.52,2.1,0.58,1.713333333,0.410121933,85,101,16,95.66666667,11.3137085,12.06,17.36,5.3,15.59333333,3.74766594,0.02658,150.0,149.97342,50.01772,106.0472223,90.2,3173.0,3082.8,1117.8,2179.868785,54.8,1687.0,1632.2,598.8666667,1154.139688,35.4,1486.0,6.08086,4.65406,5.55739,1.49656,3.22337,4.65406,5.7549,5.83237,5.55739,2,2,2,2043.96,1.75727,315.276,1542.48,877.77,0.0,0.0,0.0,177.62,0.0869,0.0494518,0.0,0.0,0.0,0.0,0.0,0.571428571,0.142857143,0.0,0.142857143,0.0,0.142857143,0.0,0.0,0,0.0,0,0.0,0,0.0,0,0.0,0.0,0,0,0.0,0,0,0,0,0,0,2
FER,8,14,6,10.0,4.242640687,1.52,2.1,0.58,1.713333333,0.410121933,85,101,16,95.66666667,11.3137085,12.06,17.36,5.3,15.59333333,3.74766594,0.02658,150.0,149.97342,50.01772,106.0472223,90.2,3173.0,3082.8,1117.8,2179.868785,54.8,1687.0,1632.2,598.8666667,1154.139688,35.4,1486.0,6.0465,4.58429,5.4632,1.53626,3.31473,4.58429,6.0465,5.4632,5.4632,2,2,2,2015.91,1.78172,311.273,1544.08,866.625,0.0,0.0,0.0,176.795,0.0877,0.0492221,0.0,0.0,0.0,0.0,0.0,0.571428571,0.142857143,0.0,0.142857143,0.0,0.142857143,0.0,0.0,0,0.0,0,0.0,0,0.0,0,0.0,0.0,0,0,0.0,0,0,0,0,0,0,2
FER,8,14,6,10.0,4.242640687,1.52,2.1,0.58,1.713333333,0.410121933,85,101,16,95.66666667,11.3137085,12.06,17.36,5.3,15.59333333,3.74766594,0.02658,150.0,149.97342,50.01772,106.0472223,90.2,3173.0,3082.8,1117.8,2179.868785,54.8,1687.0,1632.2,598.8666667,1154.139688,35.4,1486.0,5.98328,4.48986,5.35555,1.53948,3.1868,4.48986,5.59321,5.98328,5.35555,2,2,2,1993.52,1.80173,303.643,1523.15,845.381,0.0,0.0,0.0,162.671,0.0816,0.0452898,0.0,0.0,0.0,0.0,0.0,0.571428571,0.142857143,0.0,0.142857143,0.0,0.142857143,0.0,0.0,0,0.0,0,0.0,0,0.0,0,0.0,0.0,0,0,0.0,0,0,0,0,0,0,2
ABW,8,14,6,10.0,4.242640687,1.52,2.1,0.58,1.713333333,0.410121933,85,101,16,95.66666667,11.3137085,12.06,17.36,5.3,15.59333333,3.74766594,0.02658,150.0,149.97342,50.01772,106.0472223,90.2,3173.0,3082.8,1117.8,2179.868785,54.8,1687.0,1632.2,598.8666667,1154.139688,35.4,1486.0,4.1829,3.44747,4.1829,2.54378,3.44747,2.54378,4.1829,4.1829,4.1829,2,1,1,454.924,1.75452,81.9473,1801.34,1026.68,0.0,0.0,0.0,20.6081,0.0453,0.025819,0.0,0.0,0.0,0.0,0.333333333,0.0,0.333333333,0.0,0.333333333,0.0,0.0,0.0,0.0,0,0.0,0,0.0,0,0.0,0,0.0,0.0,0,0,0.0,0,0,0,0,0,0,2
ABW,3,14,11,8.857142857,4.343577634,1.52,2.1,0.58,1.691428571,0.274566325,12,101,89,83.0,38.4924235,10.0,17.36,7.36,14.93142857,3.735712337,0.02658,235.0,234.97342,67.15804571,111.6019814,90.2,3173.0,3082.8,1134.4,1637.797611,54.8,1687.0,1632.2,470.48,746.1021831,35.4,1858.53,3.08157,2.85739,3.08157,0.67215,0.95288,2.85739,2.7457,3.08157,3.08157,2,1,1,421.932,1.9836,53.0275,1256.78,633.585,0.0,0.0,0.0,8.90277,0.0211,0.0106372,0.0,0.0,0.0,0.0,0.333333333,0.0,0.333333333,0.0,0.333333333,0.0,0.0,0.0,0.0,0,0.0,0,0.0,0,0.0,0,0.0,0.0,0,0,0.0,0,0,0,0,0,0,5
ACO,8,14,6,10.0,4.242640687,1.52,2.1,0.58,1.713333333,0.410121933,85,101,16,95.66666667,11.3137085,12.06,17.36,5.3,15.59333333,3.74766594,0.02658,150.0,149.97342,50.01772,106.0472223,90.2,3173.0,3082.8,1117.8,2179.868785,54.8,1687.0,1632.2,598.8666667,1154.139688,35.4,1486.0,4.51809,3.50354,4.51809,3.50354,3.50354,3.50354,4.51809,4.51809,4.51809,1,3,3,971.77,1.64272,233.716,2405.06,1464.07,0.0,0.0,0.0,78.1303,0.0804,0.0489431,0.0,0.0,0.0,0.0,0.5,0.0,0.0,0.0,0.5,0.0,0.0,0.0,0.0,0,0.0,0,0.0,0,0.0,0,0.0,0.0,0,0,0.0,0,0,0,0,0,0,2
AEI,8,14,6,10.0,4.242640687,1.52,2.1,0.58,1.713333333,0.410121933,85,101,16,95.66666667,11.3137085,12.06,17.36,5.3,15.59333333,3.74766594,0.02658,150.0,149.97342,50.01772,106.0472223,90.2,3173.0,3082.8,1117.8,2179.868785,54.8,1687.0,1632.2,598.8666667,1154.139688,35.4,1486.0,7.27261,3.78131,7.24319,3.78131,3.78131,3.58389,7.24319,7.24319,6.76825,1,3,3,3189.36,1.50157,683.676,2143.61,1427.58,4.00558,12.5592,8.36405,546.338,0.1713,0.114081,0.318936,0.0001,6.66e-05,0.0,0.571428571,0.0,0.142857143,0.0,0.285714286,0.0,0.0,0.0,0.0,0,0.0,0,0.0,0,0.0,0,0.0,0.0,0,0,0.0,0,0,0,0,0,0,2
AEI,8,15,7,10.0,4.082482905,1.52,1.84,0.32,1.62,0.200665559,80,101,21,95.66666667,11.4212278,10.0,17.36,7.36,16.07666667,3.847229884,0.02658,235.0,234.97342,39.22372,123.8198386,90.2,2792.0,2701.8,617.1333333,1395.849425,54.8,933.47,878.67,244.995,456.0418076,35.4,1858.53,7.41458,3.76592,7.41458,3.76592,3.76592,3.76405,7.41458,7.4014,7.4014,1,3,3,3241.81,1.49921,798.372,2462.74,1642.69,18.8847,58.2534,38.8561,701.203,0.2163,0.144276,1.29672,0.0004,0.000266808,0.0,0.571428571,0.0,0.142857143,0.0,0.285714286,0.0,0.0,0.0,0.0,0,0.0,0,0.0,0,0.0,0,0.0,0.0,0,0,0.0,0,0,0,0,0,0,4
AEL,8,14,6,10.0,4.242640687,1.52,2.1,0.58,1.713333333,0.410121933,85,101,16,95.66666667,11.3137085,12.06,17.36,5.3,15.59333333,3.74766594,0.02658,150.0,149.97342,50.01772,106.0472223,90.2,3173.0,3082.8,1117.8,2179.868785,54.8,1687.0,1632.2,598.8666667,1154.139688,35.4,1486.0,5.56908,4.56995,5.56907,4.56995,1.95044,1.95044,5.56907,5.56908,5.56908,2,1,1,2084.81,1.91427,211.815,1015.99,530.747,0.0,0.0,0.0,135.095,0.0648,0.0338511,0.0,0.0,0.0,0.0,0.090909091,0.0,0.818181818,0.0,0.0,0.0,0.090909091,0.0,0.0,0,0.0,0,0.0,0,0.0,0,0.0,0.0,0,0,0.0,0,0,0,0,0,0,2
AEL,8,15,7,10.0,4.082482905,1.52,1.84,0.32,1.62,0.200665559,80,101,21,95.66666667,11.4212278,10.0,17.36,7.36,16.07666667,3.847229884,0.02658,235.0,234.97342,39.22372,123.8198386,90.2,2792.0,2701.8,617.1333333,1395.849425,54.8,933.47,878.67,244.995,456.0418076,35.4,1858.53,5.356,4.24771,5.356,2.12235,2.10682,4.24771,5.356,5.356,5.356,2,1,1,2093.66,1.93447,260.853,1245.92,644.063,43.7539,208.983,108.031,178.17,0.0851,0.0439913,4.60605,0.0022,0.00113726,0.0,0.090909091,0.0,0.818181818,0.0,0.0,0.0,0.090909091,0.0,0.0,0,0.0,0,0.0,0,0.0,0,0.0,0.0,0,0,0.0,0,0,0,0,0,0,4
AEN,8,14,6,10.0,4.242640687,1.52,2.1,0.58,1.713333333,0.410121933,85,101,16,95.66666667,11.3137085,12.06,17.36,5.3,15.59333333,3.74766594,0.02658,150.0,149.97342,50.01772,106.0472223,90.2,3173.0,3082.8,1117.8,2179.868785,54.8,1687.0,1632.2,598.8666667,1154.139688,35.4,1486.0,4.37377,3.60382,4.37377,1.14981,3.32198,3.60382,4.37377,4.37377,4.37377,2,2,2,2384.73,2.00821,298.283,1250.8,622.844,0.0,0.0,0.0,84.4195,0.0354,0.0176276,0.0,0.0,0.0,0.0,0.2,0.0,0.6,0.0,0.2,0.0,0.0,0.0,0.0,0,0.0,0,0.0,0,0.0,0,0.0,0.0,0,0,0.0,0,0,0,0,0,0,2
AEN,8,15,7,9.894736842,4.097938927,1.52,1.84,0.32,1.614736842,0.20151153,80,101,21,95.94736842,11.4515471,10.0,17.36,7.36,16.14421053,3.836190639,0.02658,235.0,234.97342,37.16071263,123.39351,90.2,2792.0,2701.8,589.4,1394.10398,54.8,933.47,878.67,234.9847368,456.2132414,35.4,1858.53,4.03404,3.10049,4.03404,3.10049,2.65268,1.31665,4.03404,3.98658,3.97621,2,2,2,2455.53,2.06582,392.285,1597.56,773.329,0.0,0.0,0.0,121.794,0.0496,0.0240098,0.0,0.0,0.0,0.0,0.2,0.0,0.6,0.0,0.2,0.0,0.0,0.0,0.0,0,0.0,0,0.0,0,0.0,0,0.0,0.0,0,0,0.0,0,0,0,0,0,0,4
AET,8,14,6,10.0,4.242640687,1.52,2.1,0.58,1.713333333,0.410121933,85,101,16,95.66666667,11.3137085,12.06,17.36,5.3,15.59333333,3.74766594,0.02658,150.0,149.97342,50.01772,106.0472223,90.2,3173.0,3082.8,1117.8,2179.868785,54.8,1687.0,1632.2,598.8666667,1154.139688,35.4,1486.0,8.35401,7.53005,8.35401,1.72288,1.72288,7.53005,8.35401,8.35401,8.35401,2,1,1,3953.21,1.81715,406.027,1027.08,565.217,6.3493,16.0611,8.83864,502.453,0.1271,0.0699447,0.0,0.0,0.0,0.0,0.105263158,0.0,0.842105263,0.0,0.0,0.0,0.0,0.0,0.0,0,0.052631579,0,0.0,0,0.0,0,0.0,0.0,0,0,0.0,0,0,0,0,0,0,2
AET,8,14,6,10.0,4.242640687,1.52,2.1,0.58,1.713333333,0.410121933,85,101,16,95.66666667,11.3137085,12.06,17.36,5.3,15.59333333,3.74766594,0.02658,150.0,149.97342,50.01772,106.0472223,90.2,3173.0,3082.8,1117.8,2179.868785,54.8,1687.0,1632.2,598.8666667,1154.139688,35.4,1486.0,8.69903,8.169,8.69903,1.83496,2.03338,8.169,8.69903,8.69903,8.69903,2,1,1,4104.95,1.74998,467.726,1139.42,651.105,71.5175,174.223,99.5571,689.632,0.168,0.0960012,6.15743,0.0015,0.000857154,0.0,0.105263158,0.0,0.842105263,0.0,0.0,0.0,0.0,0.0,0.0,0,0.052631579,0,0.0,0,0.0,0,0.0,0.0,0,0,0.0,0,0,0,0,0,0,2
AFG,8,14,6,10.0,4.242640687,1.52,2.1,0.58,1.713333333,0.410121933,85,101,16,95.66666667,11.3137085,12.06,17.36,5.3,15.59333333,3.74766594,0.02658,150.0,149.97342,50.01772,106.0472223,90.2,3173.0,3082.8,1117.8,2179.868785,54.8,1687.0,1632.2,598.8666667,1154.139688,35.4,1486.0,6.30723,2.48609,6.2687,2.48609,2.48609,2.48429,6.2687,6.2687,6.30723,0,0,0,2834.74,2.0268,0.0,0.0,0.0,463.393,1634.69,806.539,0.0,0.0,0.0,281.773,0.0994,0.0490428,0.0,0.25,0.0,0.75,0.0,0.0,0.0,0.0,0.0,0.0,0,0.0,0,0.0,0,0.0,0,0.0,0.0,0,0,0.0,0,0,0,0,0,0,1
AFI,8,14,6,10.0,4.242640687,1.52,2.1,0.58,1.713333333,0.410121933,85,101,16,95.66666667,11.3137085,12.06,17.36,5.3,15.59333333,3.74766594,0.02658,150.0,149.97342,50.01772,106.0472223,90.2,3173.0,3082.8,1117.8,2179.868785,54.8,1687.0,1632.2,598.8666667,1154.139688,35.4,1486.0,8.23627,7.35964,8.23627,2.16099,2.16099,7.35964,8.23627,8.23627,8.23627,1,1,1,1420.69,1.68547,170.212,1198.1,710.837,3.86979,27.2389,16.161,190.088,0.1338,0.0793843,0.0,0.0,0.0,0.0,0.166666667,0.0,0.666666667,0.0,0.0,0.0,0.0,0.0,0.166666667,0,0.0,0,0.0,0,0.0,0,0.0,0.0,0,0,0.0,0,0,0,0,0,0,2
AFI,8,15,7,10.0,4.082482905,1.52,1.84,0.32,1.62,0.200665559,80,101,21,95.66666667,11.4212278,10.0,17.36,7.36,16.07666667,3.847229884,0.02658,235.0,234.97342,39.22372,123.8198386,90.2,2792.0,2701.8,617.1333333,1395.849425,54.8,933.47,878.67,244.995,456.0418076,35.4,1858.53,8.13243,7.26943,8.13243,2.11239,2.11239,7.26943,8.13243,8.13243,8.13243,1,1,1,1385.46,1.75399,184.503,1331.71,759.248,16.1816,116.796,66.5889,212.529,0.1534,0.0874578,1.93964,0.0014,0.000798181,0.0,0.166666667,0.0,0.666666667,0.0,0.0,0.0,0.0,0.0,0.166666667,0,0.0,0,0.0,0,0.0,0,0.0,0.0,0,0,0.0,0,0,0,0,0,0,4
AFN,8,14,6,10.0,4.242640687,1.52,2.1,0.58,1.713333333,0.410121933,85,101,16,95.66666667,11.3137085,12.06,17.36,5.3,15.59333333,3.74766594,0.02658,150.0,149.97342,50.01772,106.0472223,90.2,3173.0,3082.8,1117.8,2179.868785,54.8,1687.0,1632.2,598.8666667,1154.139688,35.4,1486.0,5.19436,3.43014,5.19436,3.43014,2.46702,3.43014,5.19436,5.19436,5.19436,2,1,1,1839.54,1.73559,323.701,1759.68,1013.88,0.0,0.0,0.0,126.929,0.069,0.0397559,0.0,0.0,0.0,0.0,0.363636364,0.0,0.090909091,0.0,0.545454545,0.0,0.0,0.0,0.0,0,0.0,0,0.0,0,0.0,0,0.0,0.0,0,0,0.0,0,0,0,0,0,0,2
AFN,8,15,7,10.08695652,4.069253436,1.52,1.84,0.32,1.624347826,0.199941168,80,101,21,95.43478261,11.39530347,10.0,17.36,7.36,16.02086957,3.85662074,0.02658,235.0,234.97342,40.92794348,124.1823151,90.2,2792.0,2701.8,640.0434783,1397.336464,54.8,933.47,878.67,253.2643478,455.8955337,35.4,1858.53,4.95931,3.3548,4.95931,3.3548,3.3548,3.3548,4.95931,4.88087,4.95931,1,3,3,919.823,1.7035,221.881,2412.22,1416.04,0.0,0.0,0.0,105.872,0.1151,0.067567,0.0,0.0,0.0,0.0,0.363636364,0.0,0.090909091,0.0,0.545454545,0.0,0.0,0.0,0.0,0,0.0,0,0.0,0,0.0,0,0.0,0.0,0,0,0.0,0,0,0,0,0,0,4
AFO,8,14,6,10.0,4.242640687,1.52,2.1,0.58,1.713333333,0.410121933,85,101,16,95.66666667,11.3137085,12.06,17.36,5.3,15.59333333,3.74766594,0.02658,150.0,149.97342,50.01772,106.0472223,90.2,3173.0,3082.8,1117.8,2179.868785,54.8,1687.0,1632.2,598.8666667,1154.139688,35.4,1486.0,5.36827,5.00527,5.36827,2.14554,1.43448,5.00527,5.14995,5.36827,5.36827,2,1,1,2082.54,1.91635,221.605,1064.11,555.28,0.0,0.0,0.0,134.324,0.0645,0.0336578,0.0,0.0,0.0,0.0,0.083333333,0.0,0.833333333,0.0,0.0,0.0,0.083333333,0.0,0.0,0,0.0,0,0.0,0,0.0,0,0.0,0.0,0,0,0.0,0,0,0,0,0,0,2
AFO,8,15,7,10.0,4.082482905,1.52,1.84,0.32,1.62,0.200665559,80,101,21,95.66666667,11.4212278,10.0,17.36,7.36,16.07666667,3.847229884,0.02658,235.0,234.97342,39.22372,123.8198386,90.2,2792.0,2701.8,617.1333333,1395.849425,54.8,933.47,878.67,244.995,456.0418076,35.4,1858.53,4.41097,3.57434,4.41097,2.12827,2.12827,3.57434,4.29658,4.29658,4.41097,1,1,1,1048.69,1.93104,206.107,1965.37,1017.78,0.54911,5.23616,2.71157,63.7603,0.0608,0.0314856,0.0,0.0,0.0,0.0,0.083333333,0.0,0.833333333,0.0,0.0,0.0,0.083333333,0.0,0.0,0,0.0,0,0.0,0,0.0,0,0.0,0.0,0,0,0.0,0,0,0,0,0,0,4
AFR,8,14,6,10.0,4.242640687,1.52,2.1,0.58,1.713333333,0.410121933,85,101,16,95.66666667,11.3137085,12.06,17.36,5.3,15.59333333,3.74766594,0.02658,150.0,149.97342,50.01772,106.0472223,90.2,3173.0,3082.8,1117.8,2179.868785,54.8,1687.0,1632.2,598.8666667,1154.139688,35.4,1486.0,8.29831,6.91251,8.29831,1.57762,3.70915,6.91251,8.29831,8.29831,8.29831,2,2,2,2109.81,1.51326,404.627,1917.83,1267.35,0.0,0.0,0.0,379.977,0.1801,0.119014,0.0,0.0,0.0,0.0,0.5,0.0,0.3,0.0,0.1,0.0,0.0,0.0,0.1,0,0.0,0,0.0,0,0.0,0,0.0,0.0,0,0,0.0,0,0,0,0,0,0,2
AFR,8,15,7,10.0,4.082482905,1.52,1.84,0.32,1.62,0.200665559,80,101,21,95.66666667,11.4212278,10.0,17.36,7.36,16.07666667,3.847229884,0.02658,235.0,234.97342,39.22372,123.8198386,90.2,2792.0,2701.8,617.1333333,1395.849425,54.8,933.47,878.67,244.995,456.0418076,35.4,1858.53,8.12626,6.63102,7.97477,1.71472,3.73406,6.63102,8.12626,7.8582,7.97477,2,2,2,4280.87,1.51376,955.562,2232.17,1474.59,0.0,0.0,0.0,964.481,0.2253,0.148835,0.0,0.0,0.0,0.0,0.5,0.0,0.3,0.0,0.1,0.0,0.0,0.0,0.1,0,0.0,0,0.0,0,0.0,0,0.0,0.0,0,0,0.0,0,0,0,0,0,0,4
AFS,8,14,6,10.0,4.242640687,1.52,2.1,0.58,1.713333333,0.410121933,85,101,16,95.66666667,11.3137085,12.06,17.36,5.3,15.59333333,3.74766594,0.02658,150.0,149.97342,50.01772,106.0472223,90.2,3173.0,3082.8,1117.8,2179.868785,54.8,1687.0,1632.2,598.8666667,1154.139688,35.4,1486.0,9.45169,5.95223,9.45169,3.69873,3.69873,5.95223,9.45169,9.45169,9.45169,1,3,3,3827.39,1.4598,785.127,2051.34,1405.22,0.0,0.0,0.0,798.393,0.2086,0.142896,0.0,0.0,0.0,0.0,0.5,0.0,0.166666667,0.0,0.166666667,0.0,0.0,0.0,0.166666667,0,0.0,0,0.0,0,0.0,0,0.0,0.0,0,0,0.0,0,0,0,0,0,0,2
AFS,8,15,7,10.0,4.082482905,1.52,1.84,0.32,1.62,0.200665559,80,101,21,95.66666667,11.4212278,10.0,17.36,7.36,16.07666667,3.847229884,0.02658,235.0,234.97342,39.22372,123.8198386,90.2,2792.0,2701.8,617.1333333,1395.849425,54.8,933.47,878.67,244.995,456.0418076,35.4,1858.53,9.70274,5.87478,9.70274,3.94769,3.94769,5.87478,9.70274,9.70274,9.70274,1,3,3,4073.38,1.39201,952.61,2338.62,1680.04,6.41037,15.7372,11.3054,1079.85,0.2651,0.190445,0.407338,0.0001,7.18e-05,0.0,0.5,0.0,0.166666667,0.0,0.166666667,0.0,0.0,0.0,0.166666667,0,0.0,0,0.0,0,0.0,0,0.0,0.0,0,0,0.0,0,0,0,0,0,0,4
AFT,8,14,6,10.0,4.242640687,1.52,2.1,0.58,1.713333333,0.410121933,85,101,16,95.66666667,11.3137085,12.06,17.36,5.3,15.59333333,3.74766594,0.02658,150.0,149.97342,50.01772,106.0472223,90.2,3173.0,3082.8,1117.8,2179.868785,54.8,1687.0,1632.2,598.8666667,1154.139688,35.4,1486.0,7.69248,3.62045,7.54771,3.62045,3.62045,3.62045,7.36076,7.54771,7.36076,1,3,3,4780.48,1.63607,1028.78,2152.04,1315.37,5.53546,11.5793,7.07752,800.73,0.1675,0.10238,0.478048,0.0001,6.11e-05,0.0,0.545454545,0.0,0.272727273,0.0,0.181818182,0.0,0.0,0.0,0.0,0,0.0,0,0.0,0,0.0,0,0.0,0.0,0,0,0.0,0,0,0,0,0,0,2
AFT,8,15,7,10.0,4.082482905,1.52,1.84,0.32,1.62,0.200665559,80,101,21,95.66666667,11.4212278,10.0,17.36,7.36,16.07666667,3.847229884,0.02658,235.0,234.97342,39.22372,123.8198386,90.2,2792.0,2701.8,617.1333333,1395.849425,54.8,933.47,878.67,244.995,456.0418076,35.4,1858.53,7.54156,3.65451,7.54156,3.65451,3.65451,3.6545,7.3714,7.54156,7.54156,1,3,3,4834.23,1.50804,1197.92,2478.0,1643.19,33.459,69.2125,45.8957,1012.29,0.2094,0.138856,5.31766,0.0011,0.000729424,0.0,0.545454545,0.0,0.272727273,0.0,0.181818182,0.0,0.0,0.0,0.0,0,0.0,0,0.0,0,0.0,0,0.0,0.0,0,0,0.0,0,0,0,0,0,0,4
AFV,8,14,6,10.0,4.242640687,1.52,2.1,0.58,1.713333333,0.410121933,85,101,16,95.66666667,11.3137085,12.06,17.36,5.3,15.59333333,3.74766594,0.02658,150.0,149.97342,50.01772,106.0472223,90.2,3173.0,3082.8,1117.8,2179.868785,54.8,1687.0,1632.2,598.8666667,1154.139688,35.4,1486.0,7.02403,3.40438,6.93975,3.40438,3.40438,2.41771,6.93975,7.02403,6.93975,1,2,2,1906.36,1.57008,393.599,2064.65,1315.0,0.0,0.0,0.0,279.854,0.1468,0.0934981,0.0,0.0,0.0,0.0,0.444444444,0.0,0.444444444,0.0,0.111111111,0.0,0.0,0.0,0.0,0,0.0,0,0.0,0,0.0,0,0.0,0.0,0,0,0.0,0,0,0,0,0,0,2
AFV,8,15,7,10.0,4.082482905,1.52,1.84,0.32,1.62,0.200665559,80,101,21,95.66666667,11.4212278,10.0,17.36,7.36,16.07666667,3.847229884,0.02658,235.0,234.97342,39.22372,123.8198386,90.2,2792.0,2701.8,617.1333333,1395.849425,54.8,933.47,878.67,244.995,456.0418076,35.4,1858.53,3.45432,1.08343,3.45432,1.06651,1.06651,1.08343,3.45432,3.45432,3.45432,0,0,0,866.025,4.20901,0.0,0.0,0.0,50.9937,588.825,139.896,0.0,0.0,0.0,9.52628,0.011,0.00261344,0.0,0.444444444,0.0,0.444444444,0.0,0.111111111,0.0,0.0,0.0,0.0,0,0.0,0,0.0,0,0.0,0,0.0,0.0,0,0,0.0,0,0,0,0,0,0,4
AFX,8,14,6,10.0,4.242640687,1.52,2.1,0.58,1.713333333,0.410121933,85,101,16,95.66666667,11.3137085,12.06,17.36,5.3,15.59333333,3.74766594,0.02658,150.0,149.97342,50.01772,106.0472223,90.2,3173.0,3082.8,1117.8,2179.868785,54.8,1687.0,1632.2,598.8666667,1154.139688,35.4,1486.0,7.70265,3.67392,7.70265,3.67392,3.67392,3.67392,7.30992,7.70265,7.70265,1,3,3,3189.17,1.60162,686.887,2153.81,1344.77,4.65229,14.5878,9.10812,539.927,0.1693,0.105705,0.637834,0.0002,0.000124873,0.0,0.5,0.0,0.25,0.0,0.25,0.0,0.0,0.0,0.0,0,0.0,0,0.0,0,0.0,0,0.0,0.0,0,0,0.0,0,0,0,0,0,0,2
AFX,8,15,7,10.0,4.082482905,1.52,1.84,0.32,1.62,0.200665559,80,101,21,95.66666667,11.4212278,10.0,17.36,7.36,16.07666667,3.847229884,0.02658,235.0,234.97342,39.22372,123.8198386,90.2,2792.0,2701.8,617.1333333,1395.849425,54.8,933.47,878.67,244.995,456.0418076,35.4,1858.53,7.69338,3.44458,7.65389,3.44458,3.44458,3.44458,7.69338,7.69338,7.65389,1,3,3,3271.87,1.48543,792.735,2422.88,1631.09,23.3543,71.3792,48.0528,665.171,0.2033,0.136862,2.6175,0.0008,0.000538563,0.0,0.5,0.0,0.25,0.0,0.25,0.0,0.0,0.0,0.0,0,0.0,0,0.0,0,0.0,0,0.0,0.0,0,0,0.0,0,0,0,0,0,0,4
AFY,8,14,6,10.0,4.242640687,1.52,2.1,0.58,1.713333333,0.410121933,85,101,16,95.66666667,11.3137085,12.06,17.36,5.3,15.59333333,3.74766594,0.02658,150.0,149.97342,50.01772,106.0472223,90.2,3173.0,3082.8,1117.8,2179.868785,54.8,1687.0,1632.2,598.8666667,1154.139688,35.4,1486.0,7.76157,5.84247,7.76157,4.01756,4.01756,5.84247,7.76157,7.76157,7.76157,1,3,3,1132.68,1.40936,277.761,2452.25,1739.98,0.0,0.0,0.0,231.52,0.2044,0.145031,0.0,0.0,0.0,0.0,0.5,0.0,0.0,0.0,0.25,0.0,0.0,0.0,0.25,0,0.0,0,0.0,0,0.0,0,0.0,0.0,0,0,0.0,0,0,0,0,0,0,2
AFY,8,27,19,10.58333333,6.206207119,1.52,2.0,0.48,1.626666667,0.217243085,64,101,37,95.0,13.73807461,6.67,17.36,10.69,15.93791667,4.32091823,0.02658,235.0,234.97342,33.59872,110.1324836,90.2,3200.0,3109.8,634.1333333,1437.542308,54.8,1768.0,1713.2,279.7670833,593.3108502,35.4,1858.53,8.45203,6.0801,8.45203,4.01059,4.01059,6.0801,8.45203,8.45203,8.45203,1,3,3,1268.57,1.36072,347.542,2739.64,2013.38,0.0,0.0,0.0,371.436,0.2928,0.215181,0.0,0.0,0.0,0.0,0.5,0.0,0.0,0.0,0.25,0.0,0.0,0.0,0.25,0,0.0,0,0.0,0,0.0,0,0.0,0.0,0,0,0.0,0,0,0,0,0,0,4
AHT,8,14,6,10.0,4.242640687,1.52,2.1,0.58,1.713333333,0.410121933,85,101,16,95.66666667,11.3137085,12.06,17.36,5.3,15.59333333,3.74766594,0.02658,150.0,149.97342,50.01772,106.0472223,90.2,3173.0,3082.8,1117.8,2179.868785,54.8,1687.0,1632.2,598.8666667,1154.139688,35.4,1486.0,3.89123,2.69324,3.89123,2.33509,2.33509,2.69324,3.89123,3.89123,3.89123,0,0,0,1248.84,1.9174,0.0,0.0,0.0,131.2,1050.58,547.919,0.0,0.0,0.0,25.3514,0.0203,0.0105872,0.0,0.142857143,0.0,0.714285714,0.0,0.0,0.0,0.142857143,0.0,0.0,0,0.0,0,0.0,0,0.0,0,0.0,0.0,0,0,0.0,0,0,0,0,0,0,1
AHT,8,15,7,9.8,4.111353282,1.52,1.84,0.32,1.61,0.202245459,80,101,21,96.2,11.47788898,10.0,17.36,7.36,16.205,3.826549865,0.02658,235.0,234.97342,35.304006,123.0209879,90.2,2792.0,2701.8,564.44,1392.581971,54.8,933.47,878.67,225.9755,456.3625022,35.4,1858.53,3.61945,2.46867,3.53139,1.69757,1.69757,2.46867,3.61945,3.61945,3.53139,2,1,1,651.66,2.0276,69.7975,1071.07,528.247,0.0,0.0,0.0,15.1185,0.0232,0.0114421,0.0,0.0,0.0,0.0,0.142857143,0.0,0.714285714,0.0,0.0,0.0,0.142857143,0.0,0.0,0,0.0,0,0.0,0,0.0,0,0.0,0.0,0,0,0.0,0,0,0,0,0,0,4
ANA,8,14,6,10.0,4.242640687,1.52,2.1,0.58,1.713333333,0.410121933,85,101,16,95.66666667,11.3137085,12.06,17.36,5.3,15.59333333,3.74766594,0.02658,150.0,149.97342,50.01772,106.0472223,90.2,3173.0,3082.8,1117.8,2179.868785,54.8,1687.0,1632.2,598.8666667,1154.139688,35.4,1486.0,4.15419,2.37179,4.15419,2.37179,2.37179,2.37179,4.15419,4.15419,4.15419,0,0,0,2497.19,1.91777,0.0,0.0,0.0,195.964,784.739,409.192,0.0,0.0,0.0,41.9528,0.0168,0.00876015,0.0,0.333333333,0.0,0.333333333,0.0,0.333333333,0.0,0.0,0.0,0.0,0,0.0,0,0.0,0,0.0,0,0.0,0.0,0,0,0.0,0,0,0,0,0,0,0
ANO,8,14,6,10.0,4.242640687,1.52,2.1,0.58,1.713333333,0.410121933,85,101,16,95.66666667,11.3137085,12.06,17.36,5.3,15.59333333,3.74766594,0.02658,150.0,149.97342,50.01772,106.0472223,90.2,3173.0,3082.8,1117.8,2179.868785,54.8,1687.0,1632.2,598.8666667,1154.139688,35.4,1486.0,6.80366,3.19954,6.76152,3.19954,3.19954,1.78414,6.76152,6.76152,6.80366,4,2,2,5802.37,1.65072,992.508,1710.52,1036.23,29.3221,50.5346,30.6137,674.236,0.1162,0.0703935,2.32095,0.0004,0.000242318,0.0,0.428571429,0.0,0.428571429,0.0,0.142857143,0.0,0.0,0.0,0.0,0,0.0,0,0.0,0,0.0,0,0.0,0.0,0,0,0.0,0,0,0,0,0,0,2
ANO,8,15,7,10.0,4.082482905,1.52,1.84,0.32,1.62,0.200665559,80,101,21,95.66666667,11.4212278,10.0,17.36,7.36,16.07666667,3.847229884,0.02658,235.0,234.97342,39.22372,123.8198386,90.2,2792.0,2701.8,617.1333333,1395.849425,54.8,933.47,878.67,244.995,456.0418076,35.4,1858.53,6.67363,2.97109,6.57896,2.97109,2.97109,2.17739,6.57896,6.67363,6.67363,4,2,2,5888.97,1.65059,1212.52,2058.97,1247.42,116.26,197.42,119.606,903.368,0.1534,0.0929363,17.078,0.0029,0.00175694,0.0,0.428571429,0.0,0.428571429,0.0,0.142857143,0.0,0.0,0.0,0.0,0,0.0,0,0.0,0,0.0,0,0.0,0.0,0,0,0.0,0,0,0,0,0,0,4
APC,8,14,6,10.0,4.242640687,1.52,2.1,0.58,1.713333333,0.410121933,85,101,16,95.66666667,11.3137085,12.06,17.36,5.3,15.59333333,3.74766594,0.02658,150.0,149.97342,50.01772,106.0472223,90.2,3173.0,3082.8,1117.8,2179.868785,54.8,1687.0,1632.2,598.8666667,1154.139688,35.4,1486.0,4.16541,3.10177,4.1418,3.10177,2.50779,2.5385,4.1418,4.16541,4.16541,4,1,1,1808.72,1.76517,301.381,1666.27,943.969,0.879367,4.86182,2.75431,72.7105,0.0402,0.022774,0.0,0.0,0.0,0.0,0.5,0.0,0.166666667,0.0,0.333333333,0.0,0.0,0.0,0.0,0,0.0,0,0.0,0,0.0,0,0.0,0.0,0,0,0.0,0,0,0,0,0,0,2
APC,8,15,7,10.0,4.082482905,1.52,1.84,0.32,1.62,0.200665559,80,101,21,95.66666667,11.4212278,10.0,17.36,7.36,16.07666667,3.847229884,0.02658,235.0,234.97342,39.22372,123.8198386,90.2,2792.0,2701.8,617.1333333,1395.849425,54.8,933.47,878.67,244.995,456.0418076,35.4,1858.53,4.10174,3.40177,4.04319,1.84131,2.89187,3.40177,4.0944,4.0944,4.04319,2,2,2,1837.67,1.76315,427.276,2325.09,1318.71,0.0,0.0,0.0,169.985,0.0925,0.0524629,0.0,0.0,0.0,0.0,0.5,0.0,0.166666667,0.0,0.333333333,0.0,0.0,0.0,0.0,0,0.0,0,0.0,0,0.0,0,0.0,0.0,0,0,0.0,0,0,0,0,0,0,4
APD,8,14,6,10.0,4.242640687,1.52,2.1,0.58,1.713333333,0.410121933,85,101,16,95.66666667,11.3137085,12.06,17.36,5.3,15.59333333,3.74766594,0.02658,150.0,149.97342,50.01772,106.0472223,90.2,3173.0,3082.8,1117.8,2179.868785,54.8,1687.0,1632.2,598.8666667,1154.139688,35.4,1486.0,4.8748,3.56754,4.8748,3.56754,2.38904,2.61765,4.8748,4.8748,4.8748,4,1,1,1779.08,1.79457,265.154,1490.4,830.501,0.0,0.0,0.0,92.3345,0.0519,0.0289205,0.0,0.0,0.0,0.0,0.25,0.0,0.5,0.0,0.25,0.0,0.0,0.0,0.0,0,0.0,0,0.0,0,0.0,0,0.0,0.0,0,0,0.0,0,0,0,0,0,0,2
APD,8,15,7,10.0,4.082482905,1.52,1.84,0.32,1.62,0.200665559,80,101,21,95.66666667,11.4212278,10.0,17.36,7.36,16.07666667,3.847229884,0.02658,235.0,234.97342,39.22372,123.8198386,90.2,2792.0,2701.8,617.1333333,1395.849425,54.8,933.47,878.67,244.995,456.0418076,35.4,1858.53,3.55195,2.30406,3.48267,1.90132,2.30406,1.96669,3.55195,3.48267,3.27294,0,0,0,1613.23,2.00846,0.0,0.0,0.0,200.031,1239.94,617.36,0.0,0.0,0.0,42.9118,0.0266,0.013244,0.0,0.25,0.0,0.5,0.0,0.25,0.0,0.0,0.0,0.0,0,0.0,0,0.0,0,0.0,0,0.0,0.0,0,0,0.0,0,0,0,0,0,0,4
AST,8,14,6,10.0,4.242640687,1.52,2.1,0.58,1.713333333,0.410121933,85,101,16,95.66666667,11.3137085,12.06,17.36,5.3,15.59333333,3.74766594,0.02658,150.0,149.97342,50.01772,106.0472223,90.2,3173.0,3082.8,1117.8,2179.868785,54.8,1687.0,1632.2,598.8666667,1154.139688,35.4,1486.0,7.87996,1.84692,7.87996,1.84692,1.84692,1.84692,7.87996,7.87996,7.87996,0,0,0,2528.8,1.57817,0.0,0.0,0.0,455.446,1801.04,1141.22,0.0,0.0,0.0,377.044,0.1491,0.0944765,0.0,0.5,0.0,0.5,0.0,0.0,0.0,0.0,0.0,0.0,0,0.0,0,0.0,0,0.0,0,0.0,0.0,0,0,0.0,0,0,0,0,0,0,1
AST,8,14,6,10.0,4.242640687,1.52,2.1,0.58,1.713333333,0.410121933,85,101,16,95.66666667,11.3137085,12.06,17.36,5.3,15.59333333,3.74766594,0.02658,150.0,149.97342,50.01772,106.0472223,90.2,3173.0,3082.8,1117.8,2179.868785,54.8,1687.0,1632.2,598.8666667,1154.139688,35.4,1486.0,6.49159,1.57041,6.49159,1.57041,1.57041,1.36236,6.49159,6.49159,6.49159,0,0,0,1132.36,1.76219,0.0,0.0,0.0,216.658,1913.34,1085.77,0.0,0.0,0.0,155.246,0.1371,0.0778007,0.0,0.5,0.0,0.5,0.0,0.0,0.0,0.0,0.0,0.0,0,0.0,0,0.0,0,0.0,0,0.0,0.0,0,0,0.0,0,0,0,0,0,0,1
ASV,8,14,6,10.0,4.242640687,1.52,2.1,0.58,1.713333333,0.410121933,85,101,16,95.66666667,11.3137085,12.06,17.36,5.3,15.59333333,3.74766594,0.02658,150.0,149.97342,50.01772,106.0472223,90.2,3173.0,3082.8,1117.8,2179.868785,54.8,1687.0,1632.2,598.8666667,1154.139688,35.4,1486.0,5.37363,4.36798,5.37363,1.45996,1.45996,4.36798,5.37363,5.37363,5.37363,1,1,1,1047.24,1.90542,147.837,1411.68,740.877,0.0,0.0,0.0,65.5573,0.0626,0.0328536,0.0,0.0,0.0,0.0,0.4,0.0,0.4,0.0,0.0,0.0,0.0,0.0,0.2,0,0.0,0,0.0,0,0.0,0,0.0,0.0,0,0,0.0,0,0,0,0,0,0,2
ATN,8,14,6,10.0,4.242640687,1.52,2.1,0.58,1.713333333,0.410121933,85,101,16,95.66666667,11.3137085,12.06,17.36,5.3,15.59333333,3.74766594,0.02658,150.0,149.97342,50.01772,106.0472223,90.2,3173.0,3082.8,1117.8,2179.868785,54.8,1687.0,1632.2,598.8666667,1154.139688,35.4,1486.0,5.85283,4.04725,5.85283,1.87603,1.87603,4.04725,5.50305,5.85283,5.85283,2,1,1,897.993,1.77769,129.593,1443.14,811.807,4.30377,47.9266,26.9601,58.6389,0.0653,0.0367332,0.359197,0.0004,0.000225012,0.0,0.25,0.0,0.25,0.0,0.5,0.0,0.0,0.0,0.0,0,0.0,0,0.0,0,0.0,0,0.0,0.0,0,0,0.0,0,0,0,0,0,0,2
ATS,8,14,6,10.0,4.242640687,1.52,2.1,0.58,1.713333333,0.410121933,85,101,16,95.66666667,11.3137085,12.06,17.36,5.3,15.59333333,3.74766594,0.02658,150.0,149.97342,50.01772,106.0472223,90.2,3173.0,3082.8,1117.8,2179.868785,54.8,1687.0,1632.2,598.8666667,1154.139688,35.4,1486.0,7.24213,6.75695,7.24213,2.3823,1.56494,6.75695,7.24213,7.24213,7.24213,2,1,1,1493.68,1.6031,241.35,1615.81,1007.93,5.45094,36.4933,22.7642,219.123,0.1467,0.09151,0.298736,0.0002,0.000124758,0.0,0.333333333,0.0,0.5,0.0,0.0,0.0,0.0,0.0,0.166666667,0,0.0,0,0.0,0,0.0,0,0.0,0.0,0,0,0.0,0,0,0,0,0,0,2
ATS,8,14,6,10.0,4.242640687,1.52,2.1,0.58,1.713333333,0.410121933,85,101,16,95.66666667,11.3137085,12.06,17.36,5.3,15.59333333,3.74766594,0.02658,150.0,149.97342,50.01772,106.0472223,90.2,3173.0,3082.8,1117.8,2179.868785,54.8,1687.0,1632.2,598.8666667,1154.139688,35.4,1486.0,7.00701,6.64847,6.97665,1.91269,1.23336,6.64847,6.98424,7.00701,6.97665,2,1,1,1464.25,1.63532,248.21,1695.13,1036.57,19.4215,132.637,81.108,244.97,0.1673,0.102304,1.90353,0.0013,0.000794952,0.0,0.333333333,0.0,0.5,0.0,0.0,0.0,0.0,0.0,0.166666667,0,0.0,0,0.0,0,0.0,0,0.0,0.0,0,0,0.0,0,0,0,0,0,0,2
ATT,8,14,6,10.0,4.242640687,1.52,2.1,0.58,1.713333333,0.410121933,85,101,16,95.66666667,11.3137085,12.06,17.36,5.3,15.59333333,3.74766594,0.02658,150.0,149.97342,50.01772,106.0472223,90.2,3173.0,3082.8,1117.8,2179.868785,54.8,1687.0,1632.2,598.8666667,1154.139688,35.4,1486.0,5.35875,3.73122,5.35875,3.73122,3.6291,1.35261,5.35875,5.35875,5.27361,1,2,2,702.579,1.7041,140.828,2004.44,1176.25,0.0,0.0,0.0,58.9464,0.0839,0.0492343,0.0,0.0,0.0,0.0,0.5,0.0,0.166666667,0.0,0.333333333,0.0,0.0,0.0,0.0,0,0.0,0,0.0,0,0.0,0,0.0,0.0,0,0,0.0,0,0,0,0,0,0,2
ATT,8,15,7,10.0,4.082482905,1.52,1.84,0.32,1.62,0.200665559,80,101,21,95.66666667,11.4212278,10.0,17.36,7.36,16.07666667,3.847229884,0.02658,235.0,234.97342,39.22372,123.8198386,90.2,2792.0,2701.8,617.1333333,1395.849425,54.8,933.47,878.67,244.995,456.0418076,35.4,1858.53,5.38158,3.81947,5.38158,3.25962,3.81947,1.2203,5.38158,5.38158,5.38158,1,2,2,1438.79,1.68897,363.915,2529.32,1497.55,0.0,0.0,0.0,184.884,0.1285,0.0760818,0.0,0.0,0.0,0.0,0.5,0.0,0.166666667,0.0,0.333333333,0.0,0.0,0.0,0.0,0,0.0,0,0.0,0,0.0,0,0.0,0.0,0,0,0.0,0,0,0,0,0,0,4
ATV,8,14,6,10.0,4.242640687,1.52,2.1,0.58,1.713333333,0.410121933,85,101,16,95.66666667,11.3137085,12.06,17.36,5.3,15.59333333,3.74766594,0.02658,150.0,149.97342,50.01772,106.0472223,90.2,3173.0,3082.8,1117.8,2179.868785,54.8,1687.0,1632.2,598.8666667,1154.139688,35.4,1486.0,4.67542,3.42339,4.67542,3.42339,2.3271,2.07965,4.67542,4.67542,4.54217,2,1,1,1269.0,1.88693,126.878,999.823,529.866,3.46809,27.3293,14.4834,44.542,0.0351,0.0186016,0.1269,0.0001,5.3e-05,0.0,0.125,0.0,0.75,0.0,0.125,0.0,0.0,0.0,0.0,0,0.0,0,0.0,0,0.0,0,0.0,0.0,0,0,0.0,0,0,0,0,0,0,2
ATV,8,13,5,9.666666667,3.535533906,1.52,1.84,0.32,1.626666667,0.22627417,80,101,21,94.0,14.8492424,10.0,17.36,7.36,14.90666667,5.20430591,0.02658,235.0,234.97342,78.35105333,166.1512987,90.2,2792.0,2701.8,990.8,1910.461101,54.8,933.47,878.67,347.69,621.3135154,35.4,1858.53,4.23083,3.11064,4.23083,2.00418,2.22313,3.11064,4.23083,4.23083,4.23083,2,1,1,1207.86,1.94602,138.103,1143.36,587.54,22.0281,182.373,93.7158,52.3005,0.0433,0.0222506,3.50281,0.0029,0.00149022,0.0,0.125,0.0,0.75,0.0,0.125,0.0,0.0,0.0,0.0,0,0.0,0,0.0,0,0.0,0,0.0,0.0,0,0,0.0,0,0,0,0,0,0,4
AVE,8,14,6,10.0,4.242640687,1.52,2.1,0.58,1.713333333,0.410121933,85,101,16,95.66666667,11.3137085,12.06,17.36,5.3,15.59333333,3.74766594,0.02658,150.0,149.97342,50.01772,106.0472223,90.2,3173.0,3082.8,1117.8,2179.868785,54.8,1687.0,1632.2,598.8666667,1154.139688,35.4,1486.0,6.79936,3.1976,6.73618,3.1976,3.1976,1.8163,6.78471,6.73618,6.79936,6,2,2,8707.79,1.64992,1491.39,1712.71,1038.05,44.5419,51.1519,31.0027,1015.33,0.1166,0.0706701,6.09545,0.0007,0.000424263,0.0,0.384615385,0.0,0.461538462,0.0,0.153846154,0.0,0.0,0.0,0.0,0,0.0,0,0.0,0,0.0,0,0.0,0.0,0,0,0.0,0,0,0,0,0,0,2
AVE,8,15,7,10.0,4.082482905,1.52,1.84,0.32,1.62,0.200665559,80,101,21,95.66666667,11.4212278,10.0,17.36,7.36,16.07666667,3.847229884,0.02658,235.0,234.97342,39.22372,123.8198386,90.2,2792.0,2701.8,617.1333333,1395.849425,54.8,933.47,878.67,244.995,456.0418076,35.4,1858.53,6.71767,3.05089,6.66918,3.05089,3.05089,1.99491,6.66918,6.66918,6.71767,6,2,2,8896.59,1.63888,1849.08,2078.42,1268.19,128.316,144.231,88.0057,1374.52,0.1545,0.0942718,20.4622,0.0023,0.0014034,0.0,0.384615385,0.0,0.461538462,0.0,0.153846154,0.0,0.0,0.0,0.0,0,0.0,0,0.0,0,0.0,0,0.0,0.0,0,0,0.0,0,0,0,0,0,0,4
AVL,8,14,6,10.0,4.242640687,1.52,2.1,0.58,1.713333333,0.410121933,85,101,16,95.66666667,11.3137085,12.06,17.36,5.3,15.59333333,3.74766594,0.02658,150.0,149.97342,50.01772,106.0472223,90.2,3173.0,3082.8,1117.8,2179.868785,54.8,1687.0,1632.2,598.8666667,1154.139688,35.4,1486.0,7.08198,3.49024,7.08198,3.49024,3.49024,2.42235,7.08198,7.08198,5.69296,1,2,2,2653.22,1.69953,547.563,2063.77,1214.32,6.49554,24.4817,14.405,373.308,0.1407,0.0827877,0.265322,0.0001,5.88e-05,0.0,0.416666667,0.0,0.416666667,0.0,0.166666667,0.0,0.0,0.0,0.0,0,0.0,0,0.0,0,0.0,0,0.0,0.0,0,0,0.0,0,0,0,0,0,0,2
AVL,8,15,7,10.18181818,4.054318685,1.52,1.84,0.32,1.629090909,0.199123078,80,101,21,95.18181818,11.36606792,10.0,17.36,7.36,15.96,3.867158194,0.02658,235.0,234.97342,42.78709636,124.5888407,90.2,2792.0,2701.8,665.0363636,1399.007494,54.8,933.47,878.67,262.2854545,455.7309194,35.4,1858.53,7.53891,4.11247,7.53891,4.11247,4.11247,2.5167,7.53891,6.88682,7.53891,1,3,3,5610.57,1.61885,1577.08,2810.91,1736.36,5.77873,10.2997,6.36236,1235.45,0.2202,0.136022,0.0,0.0,0.0,0.0,0.416666667,0.0,0.416666667,0.0,0.166666667,0.0,0.0,0.0,0.0,0,0.0,0,0.0,0,0.0,0,0.0,0.0,0,0,0.0,0,0,0,0,0,0,4
AWO,8,14,6,10.0,4.242640687,1.52,2.1,0.58,1.713333333,0.410121933,85,101,16,95.66666667,11.3137085,12.06,17.36,5.3,15.59333333,3.74766594,0.02658,150.0,149.97342,50.01772,106.0472223,90.2,3173.0,3082.8,1117.8,2179.868785,54.8,1687.0,1632.2,598.8666667,1154.139688,35.4,1486.0,5.0909,3.60529,5.0909,3.60529,2.97515,1.83304,5.0909,5.0909,5.0909,2,2,2,2632.81,1.81898,371.934,1412.69,776.635,0.0,0.0,0.0,133.747,0.0508,0.0279277,0.0,0.0,0.0,0.0,0.5,0.0,0.25,0.0,0.25,0.0,0.0,0.0,0.0,0,0.0,0,0.0,0,0.0,0,0.0,0.0,0,0,0.0,0,0,0,0,0,0,2
AWO,8,15,7,9.894736842,4.097938927,1.52,1.84,0.32,1.614736842,0.20151153,80,101,21,95.94736842,11.4515471,10.0,17.36,7.36,16.14421053,3.836190639,0.02658,235.0,234.97342,37.16071263,123.39351,90.2,2792.0,2701.8,589.4,1394.10398,54.8,933.47,878.67,234.9847368,456.2132414,35.4,1858.53,4.92177,3.22832,4.79595,3.22832,0.8876,3.22832,4.79595,4.92177,4.79595,2,2,2,1311.69,1.93364,242.301,1847.24,955.316,0.0,0.0,0.0,115.822,0.0883,0.0456652,0.0,0.0,0.0,0.0,0.5,0.0,0.25,0.0,0.25,0.0,0.0,0.0,0.0,0,0.0,0,0.0,0,0.0,0,0.0,0.0,0,0,0.0,0,0,0,0,0,0,4
AWW,8,14,6,10.0,4.242640687,1.52,2.1,0.58,1.713333333,0.410121933,85,101,16,95.66666667,11.3137085,12.06,17.36,5.3,15.59333333,3.74766594,0.02658,150.0,149.97342,50.01772,106.0472223,90.2,3173.0,3082.8,1117.8,2179.868785,54.8,1687.0,1632.2,598.8666667,1154.139688,35.4,1486.0,7.42146,4.10609,7.42146,1.80059,1.80059,4.10609,7.42146,7.35991,7.42146,2,1,1,1417.75,1.68896,221.992,1565.8,927.081,4.6143,32.5466,19.2702,171.832,0.1212,0.0717602,0.28355,0.0002,0.000118416,0.0,0.5,0.0,0.333333333,0.0,0.166666667,0.0,0.0,0.0,0.0,0,0.0,0,0.0,0,0.0,0,0.0,0.0,0,0,0.0,0,0,0,0,0,0,2
BCT,8,14,6,10.0,4.242640687,1.52,2.1,0.58,1.713333333,0.410121933,85,101,16,95.66666667,11.3137085,12.06,17.36,5.3,15.59333333,3.74766594,0.02658,150.0,149.97342,50.01772,106.0472223,90.2,3173.0,3082.8,1117.8,2179.868785,54.8,1687.0,1632.2,598.8666667,1154.139688,35.4,1486.0,3.73973,2.85147,3.1527,2.49022,2.49022,2.85147,3.73973,3.73973,3.1527,2,1,1,421.127,1.89533,15.8979,377.509,199.179,12.6549,300.501,158.548,0.758028,0.0018,0.000949702,1.64239,0.0039,0.00205769,0.0,0.333333333,0.0,0.333333333,0.0,0.333333333,0.0,0.0,0.0,0.0,0,0.0,0,0.0,0,0.0,0,0.0,0.0,0,0,0.0,0,0,0,0,0,0,2
BEC,8,14,6,10.0,4.242640687,1.52,2.1,0.58,1.713333333,0.410121933,85,101,16,95.66666667,11.3137085,12.06,17.36,5.3,15.59333333,3.74766594,0.02658,150.0,149.97342,50.01772,106.0472223,90.2,3173.0,3082.8,1117.8,2179.868785,54.8,1687.0,1632.2,598.8666667,1154.139688,35.4,1486.0,6.89196,6.4615,6.89196,6.4615,6.4615,6.0288,6.89196,6.89196,6.68489,1,3,3,2116.2,1.5087,389.971,1842.79,1221.45,1.67612,7.92042,5.24984,437.418,0.2067,0.137006,0.0,0.0,0.0,0.0,0.4,0.2,0.1,0.0,0.0,0.0,0.0,0.0,0.3,0,0.0,0,0.0,0,0.0,0,0.0,0.0,0,0,0.0,0,0,0,0,0,0,2
BIK,8,14,6,10.0,4.242640687,1.52,2.1,0.58,1.713333333,0.410121933,85,101,16,95.66666667,11.3137085,12.06,17.36,5.3,15.59333333,3.74766594,0.02658,150.0,149.97342,50.01772,106.0472223,90.2,3173.0,3082.8,1117.8,2179.868785,54.8,1687.0,1632.2,598.8666667,1154.139688,35.4,1486.0,4.10701,3.49002,4.10701,2.48717,1.50041,3.49002,3.46052,4.10701,4.10701,2,1,1,642.882,1.86234,82.727,1286.82,690.968,0.245957,3.82585,2.05433,24.1724,0.0376,0.0201897,0.0,0.0,0.0,0.0,0.0,0.333333333,0.333333333,0.0,0.333333333,0.0,0.0,0.0,0.0,0,0.0,0,0.0,0,0.0,0,0.0,0.0,0,0,0.0,0,0,0,0,0,0,2
BOF,8,14,6,10.0,4.242640687,1.52,2.1,0.58,1.713333333,0.410121933,85,101,16,95.66666667,11.3137085,12.06,17.36,5.3,15.59333333,3.74766594,0.02658,150.0,149.97342,50.01772,106.0472223,90.2,3173.0,3082.8,1117.8,2179.868785,54.8,1687.0,1632.2,598.8666667,1154.139688,35.4,1486.0,5.51718,4.60506,5.20188,4.60506,1.70886,1.70886,5.20188,5.51718,5.51718,2,1,1,1313.53,1.82297,196.757,1497.93,821.696,0.0,0.0,0.0,112.963,0.086,0.0471757,0.0,0.0,0.0,0.0,0.25,0.125,0.5,0.0,0.0,0.0,0.125,0.0,0.0,0,0.0,0,0.0,0,0.0,0,0.0,0.0,0,0,0.0,0,0,0,0,0,0,2
BOG,8,14,6,10.0,4.242640687,1.52,2.1,0.58,1.713333333,0.410121933,85,101,16,95.66666667,11.3137085,12.06,17.36,5.3,15.59333333,3.74766594,0.02658,150.0,149.97342,50.01772,106.0472223,90.2,3173.0,3082.8,1117.8,2179.868785,54.8,1687.0,1632.2,598.8666667,1154.139688,35.4,1486.0,7.98744,6.81542,7.98744,6.81542,4.85709,4.85709,7.98744,7.87714,7.98744,1,3,3,5978.88,1.60199,1039.74,1739.02,1085.54,0.0,0.0,0.0,1057.66,0.1769,0.110425,0.0,0.0,0.0,0.0,0.294117647,0.176470588,0.294117647,0.0,0.0,0.0,0.117647059,0.0,0.117647059,0,0.0,0,0.0,0,0.0,0,0.0,0.0,0,0,0.0,0,0,0,0,0,0,2
BOZ,8,14,6,10.0,4.242640687,1.52,2.1,0.58,1.713333333,0.410121933,85,101,16,95.66666667,11.3137085,12.06,17.36,5.3,15.59333333,3.74766594,0.02658,150.0,149.97342,50.01772,106.0472223,90.2,3173.0,3082.8,1117.8,2179.868785,54.8,1687.0,1632.2,598.8666667,1154.139688,35.4,1486.0,8.64506,4.8583,8.64506,4.8583,3.62018,4.8583,8.64506,8.64506,8.47299,1,3,3,7112.1,1.29062,1875.05,2636.43,2042.76,0.0,0.0,0.0,1480.03,0.2081,0.16124,0.0,0.0,0.0,0.428571429,0.071428571,0.0,0.071428571,0.0,0.285714286,0.0,0.142857143,0.0,0.0,0,0.0,0,0.0,0,0.0,0,0.0,0.0,0,0,0.0,0,0,0,0,0,0,2
BPH,8,14,6,10.0,4.242640687,1.52,2.1,0.58,1.713333333,0.410121933,85,101,16,95.66666667,11.3137085,12.06,17.36,5.3,15.59333333,3.74766594,0.02658,150.0,149.97342,50.01772,106.0472223,90.2,3173.0,3082.8,1117.8,2179.868785,54.8,1687.0,1632.2,598.8666667,1154.139688,35.4,1486.0,9.44839,5.95418,9.06028,3.45371,3.45371,5.95418,9.44839,9.44839,9.06028,1,3,3,1914.8,1.45896,390.022,2036.88,1396.12,0.0,0.0,0.0,398.47,0.2081,0.142636,0.0,0.0,0.0,0.0,0.5,0.0,0.166666667,0.0,0.166666667,0.0,0.0,0.0,0.166666667,0,0.0,0,0.0,0,0.0,0,0.0,0.0,0,0,0.0,0,0,0,0,0,0,2
BPH,4,15,11,8.5,4.600724581,1.52,1.8,0.28,1.568333333,0.146609837,77,101,24,95.16666667,12.81708929,4.85,17.36,12.51,15.21833333,6.559859839,0.02658,190.0,189.97342,31.72372,100.1027673,90.2,2742.0,2651.8,608.8,1369.888502,54.8,1560.0,1505.2,349.4166667,777.5472994,35.4,1182.0,8.88024,5.93144,8.88024,3.19249,3.19249,5.93144,8.88024,8.88024,8.88024,1,3,3,1706.84,1.41626,379.679,2224.45,1570.66,0.0,0.0,0.0,379.089,0.2221,0.156822,0.0,0.0,0.0,0.0,0.5,0.0,0.166666667,0.0,0.166666667,0.0,0.0,0.0,0.166666667,0,0.0,0,0.0,0,0.0,0,0.0,0.0,0,0,0.0,0,0,0,0,0,0,4
BRE,8,14,6,10.0,4.242640687,1.52,2.1,0.58,1.713333333,0.410121933,85,101,16,95.66666667,11.3137085,12.06,17.36,5.3,15.59333333,3.74766594,0.02658,150.0,149.97342,50.01772,106.0472223,90.2,3173.0,3082.8,1117.8,2179.868785,54.8,1687.0,1632.2,598.8666667,1154.139688,35.4,1486.0,5.23344,2.89754,5.23344,2.6827,1.57772,2.89754,5.23344,4.95047,5.23344,2,1,1,873.977,1.82653,134.775,1542.09,844.27,0.0,0.0,0.0,56.1093,0.0642,0.0351485,0.0,0.0,0.0,0.0,0.285714286,0.285714286,0.142857143,0.0,0.285714286,0.0,0.0,0.0,0.0,0,0.0,0,0.0,0,0.0,0,0.0,0.0,0,0,0.0,0,0,0,0,0,0,2
BSV,8,14,6,10.0,4.242640687,1.52,2.1,0.58,1.713333333,0.410121933,85,101,16,95.66666667,11.3137085,12.06,17.36,5.3,15.59333333,3.74766594,0.02658,150.0,149.97342,50.01772,106.0472223,90.2,3173.0,3082.8,1117.8,2179.868785,54.8,1687.0,1632.2,598.8666667,1154.139688,35.4,1486.0,5.11281,3.77565,5.11281,3.77565,3.77565,3.77565,5.11281,5.11281,5.11281,2,3,3,5134.74,1.86535,818.811,1594.65,854.878,0.0,0.0,0.0,317.327,0.0618,0.0331305,0.0,0.0,0.0,0.0,0.5,0.0,0.25,0.0,0.0,0.0,0.0,0.0,0.25,0,0.0,0,0.0,0,0.0,0,0.0,0.0,0,0,0.0,0,0,0,0,0,0,2
CAN,8,14,6,10.0,4.242640687,1.52,2.1,0.58,1.713333333,0.410121933,85,101,16,95.66666667,11.3137085,12.06,17.36,5.3,15.59333333,3.74766594,0.02658,150.0,149.97342,50.01772,106.0472223,90.2,3173.0,3082.8,1117.8,2179.868785,54.8,1687.0,1632.2,598.8666667,1154.139688,35.4,1486.0,6.21236,5.8955,6.21236,2.4711,2.4711,5.8955,6.21236,6.21236,6.21236,1,1,1,710.27,1.91007,72.1623,1015.98,531.91,45.2105,636.525,333.248,56.6796,0.0798,0.0417787,10.1569,0.0143,0.00748665,0.0,0.25,0.0,0.5,0.0,0.0,0.0,0.0,0.0,0.25,0,0.0,0,0.0,0,0.0,0,0.0,0.0,0,0,0.0,0,0,0,0,0,0,2
CAN,8,14,6,9.833333333,3.689323937,1.52,2.1,0.58,1.67,0.31822424,80,101,21,94.83333333,12.50111106,10.0,17.36,7.36,15.25,4.302983461,0.02658,235.0,234.97342,64.18438667,132.9250288,90.2,3173.0,3082.8,1054.3,1934.463424,54.8,1687.0,1632.2,473.2783333,891.7012048,35.4,1858.53,6.17938,5.81028,6.17938,1.43904,1.43904,5.81028,6.17938,6.17938,6.17938,1,1,1,707.175,1.67747,72.2431,1021.57,608.998,53.9395,762.746,454.701,59.9684,0.0848,0.0505524,17.5379,0.0248,0.0147842,0.0,0.25,0.0,0.5,0.0,0.0,0.0,0.0,0.0,0.25,0,0.0,0,0.0,0,0.0,0,0.0,0.0,0,0,0.0,0,0,0,0,0,0,0
CAS,8,14,6,10.0,4.242640687,1.52,2.1,0.58,1.713333333,0.410121933,85,101,16,95.66666667,11.3137085,12.06,17.36,5.3,15.59333333,3.74766594,0.02658,150.0,149.97342,50.01772,106.0472223,90.2,3173.0,3082.8,1117.8,2179.868785,54.8,1687.0,1632.2,598.8666667,1154.139688,35.4,1486.0,4.98994,2.91334,4.98994,2.91334,2.14679,2.38784,4.98994,4.98994,4.84616,4,1,1,1279.58,1.87133,142.701,1115.21,595.946,0.0218417,0.170694,0.0912154,47.9844,0.0375,0.0200392,0.0,0.0,0.0,0.0,0.0,0.2,0.6,0.0,0.2,0.0,0.0,0.0,0.0,0,0.0,0,0.0,0,0.0,0,0.0,0.0,0,0,0.0,0,0,0,0,0,0,2
CAS,8,14,6,10.0,4.242640687,1.52,2.1,0.58,1.713333333,0.410121933,85,101,16,95.66666667,11.3137085,12.06,17.36,5.3,15.59333333,3.74766594,0.02658,150.0,149.97342,50.01772,106.0472223,90.2,3173.0,3082.8,1117.8,2179.868785,54.8,1687.0,1632.2,598.8666667,1154.139688,35.4,1486.0,4.16826,2.67672,4.16826,1.57841,1.8368,2.67672,4.03617,4.16826,4.16826,4,1,1,1164.76,2.0558,146.239,1255.52,610.723,0.0,0.0,0.0,37.3889,0.0321,0.0156143,0.0,0.0,0.0,0.0,0.0,0.2,0.6,0.0,0.2,0.0,0.0,0.0,0.0,0,0.0,0,0.0,0,0.0,0,0.0,0.0,0,0,0.0,0,0,0,0,0,0,2
CDO,8,14,6,10.0,4.242640687,1.52,2.1,0.58,1.713333333,0.410121933,85,101,16,95.66666667,11.3137085,12.06,17.36,5.3,15.59333333,3.74766594,0.02658,150.0,149.97342,50.01772,106.0472223,90.2,3173.0,3082.8,1117.8,2179.868785,54.8,1687.0,1632.2,598.8666667,1154.139688,35.4,1486.0,5.71712,3.38181,5.49752,3.38181,1.45574,3.29325,5.49752,5.63981,5.63981,2,2,2,1994.01,1.80129,332.027,1665.12,924.406,0.0,0.0,0.0,141.375,0.0709,0.0393608,0.0,0.0,0.0,0.0,0.0,0.666666667,0.0,0.0,0.333333333,0.0,0.0,0.0,0.0,0,0.0,0,0.0,0,0.0,0,0.0,0.0,0,0,0.0,0,0,0,0,0,0,2
CDO,8,14,6,10.0,4.242640687,1.52,2.1,0.58,1.713333333,0.410121933,85,101,16,95.66666667,11.3137085,12.06,17.36,5.3,15.59333333,3.74766594,0.02658,150.0,149.97342,50.01772,106.0472223,90.2,3173.0,3082.8,1117.8,2179.868785,54.8,1687.0,1632.2,598.8666667,1154.139688,35.4,1486.0,5.60262,3.21945,5.55616,3.21945,1.46249,3.21427,5.55616,5.55616,5.60262,2,2,2,1879.13,1.9114,365.911,1947.23,1018.74,0.0,0.0,0.0,175.511,0.0934,0.0488646,0.0,0.0,0.0,0.0,0.0,0.666666667,0.0,0.0,0.333333333,0.0,0.0,0.0,0.0,0,0.0,0,0.0,0,0.0,0,0.0,0.0,0,0,0.0,0,0,0,0,0,0,2
CFI,8,14,6,10.0,4.242640687,1.52,2.1,0.58,1.713333333,0.410121933,85,101,16,95.66666667,11.3137085,12.06,17.36,5.3,15.59333333,3.74766594,0.02658,150.0,149.97342,50.01772,106.0472223,90.2,3173.0,3082.8,1117.8,2179.868785,54.8,1687.0,1632.2,598.8666667,1154.139688,35.4,1486.0,7.41089,7.20062,7.41089,2.56425,7.20062,2.34368,7.41089,7.41089,7.41089,2,1,1,1908.33,1.67303,225.941,1183.97,707.682,43.6949,228.969,136.859,258.77,0.1356,0.0810506,6.48833,0.0034,0.00203224,0.0,0.142857143,0.285714286,0.428571429,0.0,0.0,0.0,0.0,0.0,0.0,0,0.142857143,0,0.0,0,0.0,0,0.0,0.0,0,0,0.0,0,0,0,0,0,0,2
CFI,8,14,6,10.0,4.242640687,1.52,2.1,0.58,1.713333333,0.410121933,85,101,16,95.66666667,11.3137085,12.06,17.36,5.3,15.59333333,3.74766594,0.02658,150.0,149.97342,50.01772,106.0472223,90.2,3173.0,3082.8,1117.8,2179.868785,54.8,1687.0,1632.2,598.8666667,1154.139688,35.4,1486.0,7.31472,7.09327,7.31472,2.34901,7.09327,1.90202,7.31472,7.31472,7.31472,2,1,1,1753.24,1.82103,234.0,1334.67,732.923,68.1134,388.5,213.341,265.265,0.1513,0.083085,10.3441,0.0059,0.00323993,0.0,0.142857143,0.285714286,0.428571429,0.0,0.0,0.0,0.0,0.0,0.0,0,0.142857143,0,0.0,0,0.0,0,0.0,0.0,0,0,0.0,0,0,0,0,0,0,2
CGF,8,14,6,10.0,4.242640687,1.52,2.1,0.58,1.713333333,0.410121933,85,101,16,95.66666667,11.3137085,12.06,17.36,5.3,15.59333333,3.74766594,0.02658,150.0,149.97342,50.01772,106.0472223,90.2,3173.0,3082.8,1117.8,2179.868785,54.8,1687.0,1632.2,598.8666667,1154.139688,35.4,1486.0,5.69689,2.96714,5.3783,2.23361,1.39775,2.96714,5.69689,5.69689,5.3783,2,1,1,1894.83,1.89557,120.238,634.558,334.758,120.039,633.511,334.205,46.0443,0.0243,0.0128193,52.1078,0.0275,0.0145075,0.0,0.333333333,0.0,0.333333333,0.0,0.222222222,0.0,0.111111111,0.0,0.0,0,0.0,0,0.0,0,0.0,0,0.0,0.0,0,0,0.0,0,0,0,0,0,0,2
CGS,8,14,6,10.0,4.242640687,1.52,2.1,0.58,1.713333333,0.410121933,85,101,16,95.66666667,11.3137085,12.06,17.36,5.3,15.59333333,3.74766594,0.02658,150.0,149.97342,50.01772,106.0472223,90.2,3173.0,3082.8,1117.8,2179.868785,54.8,1687.0,1632.2,598.8666667,1154.139688,35.4,1486.0,5.80177,3.94868,5.80177,3.94868,2.90742,2.90742,5.80177,5.6868,5.80177,1,3,3,1894.23,1.68549,364.069,1921.99,1140.32,0.0,0.0,0.0,184.119,0.0972,0.0576687,0.0,0.0,0.0,0.0,0.571428571,0.0,0.142857143,0.0,0.142857143,0.0,0.142857143,0.0,0.0,0,0.0,0,0.0,0,0.0,0,0.0,0.0,0,0,0.0,0,0,0,0,0,0,2
CHI,8,14,6,9.909090909,4.242640687,1.52,2.1,0.58,1.704545455,0.410121933,85,101,16,95.90909091,11.3137085,12.06,17.36,5.3,15.67363636,3.74766594,0.02658,150.0,149.97342,47.74539545,106.0472223,90.2,3173.0,3082.8,1071.090909,2179.868785,54.8,1687.0,1632.2,574.1363636,1154.139688,35.4,1486.0,3.86898,3.56888,3.86898,3.56888,1.18663,1.45336,3.86898,3.86898,3.86898,4,1,1,1410.22,2.05633,124.711,884.335,430.055,0.0,0.0,0.0,30.0377,0.0213,0.0103582,0.0,0.0,0.0,0.0,0.25,0.125,0.375,0.0,0.0,0.125,0.125,0.0,0.0,0,0.0,0,0.0,0,0.0,0,0.0,0.0,0,0,0.0,0,0,0,0,0,0,2
CHI,4,14,10,9.0,4.263087267,1.52,2.1,0.58,1.652727273,0.351901666,77,101,24,95.18181818,12.70398773,4.85,17.36,12.51,15.01818182,5.642075628,0.02658,190.0,189.97342,51.38175909,110.0513519,90.2,3173.0,3082.8,1031.909091,2006.070239,54.8,1687.0,1632.2,562.5909091,1079.323186,35.4,1486.0,3.58603,3.23722,3.58603,1.76125,1.02072,3.23722,3.58603,3.58603,3.58603,4,1,1,1340.7,1.97397,145.317,1083.89,549.094,0.0,0.0,0.0,39.9528,0.0298,0.0150965,0.0,0.0,0.0,0.0,0.25,0.125,0.375,0.0,0.0,0.125,0.125,0.0,0.0,0,0.0,0,0.0,0,0.0,0,0.0,0.0,0,0,0.0,0,0,0,0,0,0,0
CON,8,14,6,10.0,4.242640687,1.52,2.1,0.58,1.713333333,0.410121933,85,101,16,95.66666667,11.3137085,12.06,17.36,5.3,15.59333333,3.74766594,0.02658,150.0,149.97342,50.01772,106.0472223,90.2,3173.0,3082.8,1117.8,2179.868785,54.8,1687.0,1632.2,598.8666667,1154.139688,35.4,1486.0,7.22915,5.55396,7.22915,4.53808,4.53808,5.55396,7.22915,7.22915,7.22915,1,3,3,3484.4,1.60349,701.953,2014.56,1256.35,6.56808,18.8499,11.7555,773.189,0.2219,0.138385,0.34844,0.0001,6.24e-05,0.0,0.277777778,0.166666667,0.333333333,0.0,0.0,0.0,0.055555556,0.0,0.166666667,0,0.0,0,0.0,0,0.0,0,0.0,0.0,0,0,0.0,0,0,0,0,0,0,2
CSV,8,14,6,10.0,4.242640687,1.52,2.1,0.58,1.713333333,0.410121933,85,101,16,95.66666667,11.3137085,12.06,17.36,5.3,15.59333333,3.74766594,0.02658,150.0,149.97342,50.01772,106.0472223,90.2,3173.0,3082.8,1117.8,2179.868785,54.8,1687.0,1632.2,598.8666667,1154.139688,35.4,1486.0,7.49552,5.24955,7.49552,1.66389,3.22062,5.24955,7.49552,7.49552,7.49552,1,2,2,1231.61,1.62019,217.561,1766.48,1090.29,0.0,0.0,0.0,214.669,0.1743,0.10758,0.0,0.0,0.0,0.0,0.3125,0.25,0.3125,0.0,0.0625,0.0,0.0625,0.0,0.0,0,0.0,0,0.0,0,0.0,0,0.0,0.0,0,0,0.0,0,0,0,0,0,0,2
CSV,8,30,22,12.83333333,11.44309593,1.52,2.01,0.49,1.648333333,0.270606315,76,101,25,95.0,13.29160136,9.16,17.36,8.2,15.93666667,4.289535069,0.02658,120.0,119.97342,20.05705333,63.20956202,90.2,1180.0,1089.8,348.4666667,577.0239895,54.8,692.68,637.88,204.8633333,336.9881899,35.4,487.32,7.90983,5.12464,7.90983,1.94573,2.93226,5.12464,7.90983,7.90983,7.90983,1,2,2,1261.73,1.58151,253.258,2007.24,1269.19,0.00245138,0.0194288,0.012285,275.056,0.218,0.137843,0.0,0.0,0.0,0.0,0.3125,0.25,0.3125,0.0,0.0625,0.0,0.0625,0.0,0.0,0,0.0,0,0.0,0,0.0,0,0.0,0.0,0,0,0.0,0,0,0,0,0,0,6
CZP,8,14,6,10.0,4.242640687,1.52,2.1,0.58,1.713333333,0.410121933,85,101,16,95.66666667,11.3137085,12.06,17.36,5.3,15.59333333,3.74766594,0.02658,150.0,149.97342,50.01772,106.0472223,90.2,3173.0,3082.8,1117.8,2179.868785,54.8,1687.0,1632.2,598.8666667,1154.139688,35.4,1486.0,4.20197,3.61622,4.20197,1.19434,1.19434,3.61622,4.20197,4.20197,4.20197,1,1,1,1126.41,2.12581,136.029,1207.64,568.085,0.0,0.0,0.0,38.1852,0.0339,0.0159469,0.0,0.0,0.0,0.0,0.5,0.0,0.0,0.0,0.25,0.0,0.0,0.0,0.25,0,0.0,0,0.0,0,0.0,0,0.0,0.0,0,0,0.0,0,0,0,0,0,0,2
CZP,8,14,6,9.352112676,4.242640687,1.52,2.1,0.58,1.650704225,0.410121933,85,101,16,97.3943662,11.3137085,12.06,17.36,5.3,16.1656338,3.74766594,0.02658,150.0,149.97342,33.82340704,106.0472223,90.2,3173.0,3082.8,784.915493,2179.868785,54.8,1687.0,1632.2,422.6197183,1154.139688,35.4,1486.0,4.47801,4.07944,4.47801,2.00609,2.00609,4.07944,4.47801,4.47801,4.47801,1,1,1,1435.12,2.22658,269.188,1875.72,842.422,0.0,0.0,0.0,128.874,0.0898,0.040331,0.0,0.0,0.0,0.0,0.5,0.0,0.0,0.0,0.25,0.0,0.0,0.0,0.25,0,0.0,0,0.0,0,0.0,0,0.0,0.0,0,0,0.0,0,0,0,0,0,0,2
DAC,8,14,6,10.0,4.242640687,1.52,2.1,0.58,1.713333333,0.410121933,85,101,16,95.66666667,11.3137085,12.06,17.36,5.3,15.59333333,3.74766594,0.02658,150.0,149.97342,50.01772,106.0472223,90.2,3173.0,3082.8,1117.8,2179.868785,54.8,1687.0,1632.2,598.8666667,1154.139688,35.4,1486.0,5.21645,4.12613,5.21645,1.5067,4.12613,3.59765,5.11736,5.21645,5.21645,2,2,2,1375.15,1.74128,253.676,1844.71,1059.4,0.0,0.0,0.0,123.213,0.0896,0.0514563,0.0,0.0,0.0,0.0,0.125,0.625,0.0,0.0,0.125,0.0,0.125,0.0,0.0,0,0.0,0,0.0,0,0.0,0,0.0,0.0,0,0,0.0,0,0,0,0,0,0,2
DDR,8,14,6,10.0,4.242640687,1.52,2.1,0.58,1.713333333,0.410121933,85,101,16,95.66666667,11.3137085,12.06,17.36,5.3,15.59333333,3.74766594,0.02658,150.0,149.97342,50.01772,106.0472223,90.2,3173.0,3082.8,1117.8,2179.868785,54.8,1687.0,1632.2,598.8666667,1154.139688,35.4,1486.0,7.68344,3.65393,7.68344,3.65393,3.65393,2.48364,7.68344,7.68344,7.68344,1,3,3,6802.75,1.75997,930.223,1367.42,776.959,434.995,639.439,363.325,847.623,0.1246,0.0707968,179.593,0.0264,0.0150003,0.0,0.125,0.625,0.125,0.0,0.125,0.0,0.0,0.0,0.0,0,0.0,0,0.0,0,0.0,0,0.0,0.0,0,0,0.0,0,0,0,0,0,0,2
DFT,8,14,6,10.0,4.242640687,1.52,2.1,0.58,1.713333333,0.410121933,85,101,16,95.66666667,11.3137085,12.06,17.36,5.3,15.59333333,3.74766594,0.02658,150.0,149.97342,50.01772,106.0472223,90.2,3173.0,3082.8,1117.8,2179.868785,54.8,1687.0,1632.2,598.8666667,1154.139688,35.4,1486.0,5.04024,3.5895,5.04024,3.00703,3.00703,3.5895,5.04024,5.04024,5.04024,1,3,3,451.652,1.76723,87.6272,1940.15,1097.84,0.0,0.0,0.0,26.8281,0.0594,0.0336119,0.0,0.0,0.0,0.0,0.4,0.0,0.2,0.0,0.4,0.0,0.0,0.0,0.0,0,0.0,0,0.0,0,0.0,0,0.0,0.0,0,0,0.0,0,0,0,0,0,0,2
DFT,8,14,6,10.0,4.242640687,1.52,2.1,0.58,1.713333333,0.410121933,85,101,16,95.66666667,11.3137085,12.06,17.36,5.3,15.59333333,3.74766594,0.02658,150.0,149.97342,50.01772,106.0472223,90.2,3173.0,3082.8,1117.8,2179.868785,54.8,1687.0,1632.2,598.8666667,1154.139688,35.4,1486.0,4.47559,3.76781,4.47559,2.07637,3.76781,2.07753,4.47559,4.47559,4.47559,4,1,1,3922.26,1.61589,718.699,1832.36,1133.96,0.0424907,0.108332,0.0670417,291.032,0.0742,0.045919,0.0,0.0,0.0,0.0,0.4,0.0,0.2,0.0,0.4,0.0,0.0,0.0,0.0,0,0.0,0,0.0,0,0.0,0,0.0,0.0,0,0,0.0,0,0,0,0,0,0,2
DOH,8,14,6,10.0,4.242640687,1.52,2.1,0.58,1.713333333,0.410121933,85,101,16,95.66666667,11.3137085,12.06,17.36,5.3,15.59333333,3.74766594,0.02658,150.0,149.97342,50.01772,106.0472223,90.2,3173.0,3082.8,1117.8,2179.868785,54.8,1687.0,1632.2,598.8666667,1154.139688,35.4,1486.0,7.37903,2.44106,7.37903,2.26718,2.26718,2.44106,7.37903,7.37903,7.37903,1,1,1,1840.98,1.84263,152.247,826.992,448.81,208.89,1134.67,615.787,129.973,0.0706,0.0383148,97.3877,0.0529,0.0287089,0.0,0.166666667,0.5,0.333333333,0.0,0.0,0.0,0.0,0.0,0.0,0,0.0,0,0.0,0,0.0,0,0.0,0.0,0,0,0.0,0,0,0,0,0,0,1
DON,8,14,6,10.0,4.242640687,1.52,2.1,0.58,1.713333333,0.410121933,85,101,16,95.66666667,11.3137085,12.06,17.36,5.3,15.59333333,3.74766594,0.02658,150.0,149.97342,50.01772,106.0472223,90.2,3173.0,3082.8,1117.8,2179.868785,54.8,1687.0,1632.2,598.8666667,1154.139688,35.4,1486.0,8.72649,8.01107,8.72648,2.1332,1.72749,8.01107,8.72648,8.67352,8.72648,2,1,1,3737.92,1.70828,412.441,1103.4,645.913,3.55356,9.50678,5.56513,576.013,0.1541,0.0902079,0.0,0.0,0.0,0.0,0.142857143,0.071428571,0.714285714,0.0,0.0,0.0,0.0,0.0,0.0,0,0.071428571,0,0.0,0,0.0,0,0.0,0.0,0,0,0.0,0,0,0,0,0,0,2
DON,8,14,6,9.223880597,4.242640687,1.52,2.1,0.58,1.638308458,0.410121933,85,101,16,97.73631841,11.3137085,12.06,17.36,5.3,16.27890547,3.74766594,0.02658,150.0,149.97342,30.61817313,106.0472223,90.2,3173.0,3082.8,719.0298507,2179.868785,54.8,1687.0,1632.2,387.7363184,1154.139688,35.4,1486.0,8.61674,7.9377,8.61674,2.02436,7.9377,2.08021,8.57695,8.61674,8.6116,2,1,1,3717.68,1.71757,455.055,1224.03,712.65,39.4632,106.15,61.8023,655.427,0.1763,0.102645,3.34591,0.0009,0.000523995,0.0,0.142857143,0.071428571,0.714285714,0.0,0.0,0.0,0.0,0.0,0.0,0,0.071428571,0,0.0,0,0.0,0,0.0,0.0,0,0,0.0,0,0,0,0,0,0,2
EAB,8,14,6,10.0,4.242640687,1.52,2.1,0.58,1.713333333,0.410121933,85,101,16,95.66666667,11.3137085,12.06,17.36,5.3,15.59333333,3.74766594,0.02658,150.0,149.97342,50.01772,106.0472223,90.2,3173.0,3082.8,1117.8,2179.868785,54.8,1687.0,1632.2,598.8666667,1154.139688,35.4,1486.0,7.0761,3.48057,7.0761,3.48057,3.48057,2.43562,6.46116,7.0761,5.93943,2,2,2,2256.66,1.59164,448.349,1986.78,1248.26,0.0303885,0.134662,0.0846056,302.166,0.1339,0.0841271,0.0,0.0,0.0,0.0,0.428571429,0.0,0.428571429,0.0,0.142857143,0.0,0.0,0.0,0.0,0,0.0,0,0.0,0,0.0,0,0.0,0.0,0,0,0.0,0,0,0,0,0,0,2
EDI,8,14,6,10.0,4.242640687,1.52,2.1,0.58,1.713333333,0.410121933,85,101,16,95.66666667,11.3137085,12.06,17.36,5.3,15.59333333,3.74766594,0.02658,150.0,149.97342,50.01772,106.0472223,90.2,3173.0,3082.8,1117.8,2179.868785,54.8,1687.0,1632.2,598.8666667,1154.139688,35.4,1486.0,5.65992,3.37868,5.65992,3.13615,3.13615,3.37868,5.65992,5.65992,5.65992,1,3,3,307.484,1.62239,66.4435,2160.87,1331.91,0.0,0.0,0.0,25.8287,0.084,0.0517755,0.0,0.0,0.0,0.0,0.5,0.0,0.0,0.0,0.5,0.0,0.0,0.0,0.0,0,0.0,0,0.0,0,0.0,0,0.0,0.0,0,0,0.0,0,0,0,0,0,0,2
EDI,8,14,6,10.0,4.242640687,1.52,2.1,0.58,1.713333333,0.410121933,85,101,16,95.66666667,11.3137085,12.06,17.36,5.3,15.59333333,3.74766594,0.02658,150.0,149.97342,50.01772,106.0472223,90.2,3173.0,3082.8,1117.8,2179.868785,54.8,1687.0,1632.2,598.8666667,1154.139688,35.4,1486.0,4.85779,2.94823,4.85779,2.94823,2.94823,2.24273,4.85779,4.85779,4.8328,1,2,2,599.099,1.65313,148.592,2480.25,1500.34,0.0,0.0,0.0,55.2369,0.0922,0.0557731,0.0,0.0,0.0,0.0,0.5,0.0,0.0,0.0,0.5,0.0,0.0,0.0,0.0,0,0.0,0,0.0,0,0.0,0,0.0,0.0,0,0,0.0,0,0,0,0,0,0,2
EEI,8,14,6,10.0,4.242640687,1.52,2.1,0.58,1.713333333,0.410121933,85,101,16,95.66666667,11.3137085,12.06,17.36,5.3,15.59333333,3.74766594,0.02658,150.0,149.97342,50.01772,106.0472223,90.2,3173.0,3082.8,1117.8,2179.868785,54.8,1687.0,1632.2,598.8666667,1154.139688,35.4,1486.0,6.8975,3.04934,6.86129,3.04934,2.08896,2.16785,6.86129,6.8975,6.8975,4,1,1,11153.5,1.78906,1364.18,1223.09,683.648,45.2333,40.5551,22.6684,1026.12,0.092,0.0514236,5.57676,0.0005,0.000279476,0.0,0.083333333,0.5,0.333333333,0.0,0.083333333,0.0,0.0,0.0,0.0,0,0.0,0,0.0,0,0.0,0,0.0,0.0,0,0,0.0,0,0,0,0,0,0,2
EEI,8,14,6,9.702005731,4.242640687,1.52,2.1,0.58,1.684527221,0.410121933,85,101,16,96.46131805,11.3137085,12.06,17.36,5.3,15.8565616,3.74766594,0.02658,150.0,149.97342,42.56918338,106.0472223,90.2,3173.0,3082.8,964.6905444,2179.868785,54.8,1687.0,1632.2,517.8022923,1154.139688,35.4,1486.0,6.45893,2.64669,6.45893,2.64669,2.17516,1.80689,6.45893,6.45893,6.45893,4,1,1,10697.6,1.86531,1500.64,1402.78,752.036,154.463,144.39,77.4079,1114.69,0.1042,0.0558619,16.0464,0.0015,0.000804155,0.0,0.083333333,0.5,0.333333333,0.0,0.083333333,0.0,0.0,0.0,0.0,0,0.0,0,0.0,0,0.0,0,0.0,0.0,0,0,0.0,0,0,0,0,0,0,2
EMT,8,14,6,10.0,4.242640687,1.52,2.1,0.58,1.713333333,0.410121933,85,101,16,95.66666667,11.3137085,12.06,17.36,5.3,15.59333333,3.74766594,0.02658,150.0,149.97342,50.01772,106.0472223,90.2,3173.0,3082.8,1117.8,2179.868785,54.8,1687.0,1632.2,598.8666667,1154.139688,35.4,1486.0,11.48759,7.30667,11.48759,6.47686,6.47686,7.30667,11.48759,11.48759,11.48759,1,3,3,7207.3,1.41741,1149.98,1595.58,1125.7,170.121,236.039,166.528,1914.26,0.2656,0.187384,83.6047,0.0116,0.00818394,0.0,0.5,0.0,0.333333333,0.0,0.0,0.0,0.0,0.0,0.166666667,0,0.0,0,0.0,0,0.0,0,0.0,0.0,0,0,0.0,0,0,0,0,0,0,3
EON,8,14,6,10.0,4.242640687,1.52,2.1,0.58,1.713333333,0.410121933,85,101,16,95.66666667,11.3137085,12.06,17.36,5.3,15.59333333,3.74766594,0.02658,150.0,149.97342,50.01772,106.0472223,90.2,3173.0,3082.8,1117.8,2179.868785,54.8,1687.0,1632.2,598.8666667,1154.139688,35.4,1486.0,7.77066,6.72739,7.77066,6.72739,3.18398,1.58212,7.77066,5.83849,7.67937,1,2,2,3563.02,1.68012,601.112,1687.09,1004.14,0.0,0.0,0.0,415.448,0.1166,0.0693997,0.0,0.0,0.0,0.0,0.238095238,0.380952381,0.047619048,0.0,0.285714286,0.0,0.0,0.0,0.047619048,0,0.0,0,0.0,0,0.0,0,0.0,0.0,0,0,0.0,0,0,0,0,0,0,2
EOS,8,14,6,10.0,4.242640687,1.52,2.1,0.58,1.713333333,0.410121933,85,101,16,95.66666667,11.3137085,12.06,17.36,5.3,15.59333333,3.74766594,0.02658,150.0,149.97342,50.01772,106.0472223,90.2,3173.0,3082.8,1117.8,2179.868785,54.8,1687.0,1632.2,598.8666667,1154.139688,35.4,1486.0,4.88799,4.37178,4.88799,3.6612,4.37178,2.95114,4.88799,4.88799,4.88799,1,3,3,682.685,1.75375,131.616,1927.92,1099.31,0.0,0.0,0.0,60.1446,0.0881,0.0502351,0.0,0.0,0.0,0.0,0.333333333,0.111111111,0.111111111,0.0,0.333333333,0.0,0.111111111,0.0,0.0,0,0.0,0,0.0,0,0.0,0,0.0,0.0,0,0,0.0,0,0,0,0,0,0,2
EPI,8,14,6,10.0,4.242640687,1.52,2.1,0.58,1.713333333,0.410121933,85,101,16,95.66666667,11.3137085,12.06,17.36,5.3,15.59333333,3.74766594,0.02658,150.0,149.97342,50.01772,106.0472223,90.2,3173.0,3082.8,1117.8,2179.868785,54.8,1687.0,1632.2,598.8666667,1154.139688,35.4,1486.0,5.41363,3.56497,5.41363,3.56497,1.19213,3.41712,5.41363,5.41363,5.41363,2,2,2,1357.15,1.76437,246.261,1814.54,1028.43,0.0,0.0,0.0,114.001,0.084,0.047609,0.0,0.0,0.0,0.0,0.166666667,0.5,0.0,0.0,0.333333333,0.0,0.0,0.0,0.0,0,0.0,0,0.0,0,0.0,0,0.0,0.0,0,0,0.0,0,0,0,0,0,0,2
ESV,8,14,6,10.0,4.242640687,1.52,2.1,0.58,1.713333333,0.410121933,85,101,16,95.66666667,11.3137085,12.06,17.36,5.3,15.59333333,3.74766594,0.02658,150.0,149.97342,50.01772,106.0472223,90.2,3173.0,3082.8,1117.8,2179.868785,54.8,1687.0,1632.2,598.8666667,1154.139688,35.4,1486.0,6.15994,3.60095,6.15994,1.72223,3.60095,1.72223,6.15994,6.15994,6.15994,2,1,1,2704.26,1.77093,355.307,1313.88,741.916,66.0713,244.323,137.963,210.932,0.078,0.0440448,12.71,0.0047,0.00265398,0.0,0.363636364,0.181818182,0.363636364,0.0,0.090909091,0.0,0.0,0.0,0.0,0,0.0,0,0.0,0,0.0,0,0.0,0.0,0,0,0.0,0,0,0,0,0,0,2
ESV,8,14,6,10.0,4.242640687,1.52,2.1,0.58,1.713333333,0.410121933,85,101,16,95.66666667,11.3137085,12.06,17.36,5.3,15.59333333,3.74766594,0.02658,150.0,149.97342,50.01772,106.0472223,90.2,3173.0,3082.8,1117.8,2179.868785,54.8,1687.0,1632.2,598.8666667,1154.139688,35.4,1486.0,6.62947,3.52264,6.62947,1.96673,3.52264,1.96673,6.62947,6.62947,6.62947,2,1,1,2780.56,1.72233,482.487,1735.21,1007.48,111.308,400.306,232.421,355.634,0.1279,0.0742598,30.0301,0.0108,0.00627057,0.0,0.363636364,0.181818182,0.363636364,0.0,0.090909091,0.0,0.0,0.0,0.0,0,0.0,0,0.0,0,0.0,0,0.0,0.0,0,0,0.0,0,0,0,0,0,0,2
ETL,8,14,6,10.0,4.242640687,1.52,2.1,0.58,1.713333333,0.410121933,85,101,16,95.66666667,11.3137085,12.06,17.36,5.3,15.59333333,3.74766594,0.02658,150.0,149.97342,50.01772,106.0472223,90.2,3173.0,3082.8,1117.8,2179.868785,54.8,1687.0,1632.2,598.8666667,1154.139688,35.4,1486.0,6.30985,3.3613,6.25025,3.13298,1.56924,3.3613,6.30985,6.30985,6.25025,2,2,2,3989.35,1.80069,639.408,1602.79,890.098,0.0,0.0,0.0,265.292,0.0665,0.0369303,0.0,0.0,0.0,0.0,0.153846154,0.384615385,0.076923077,0.0,0.384615385,0.0,0.0,0.0,0.0,0,0.0,0,0.0,0,0.0,0,0.0,0.0,0,0,0.0,0,0,0,0,0,0,2
ETL,8,14,6,9.652173913,4.242640687,1.52,2.1,0.58,1.679710145,0.410121933,85,101,16,96.5942029,11.3137085,12.06,17.36,5.3,15.90057971,3.74766594,0.02658,150.0,149.97342,41.3236087,106.0472223,90.2,3173.0,3082.8,939.0869565,2179.868785,54.8,1687.0,1632.2,504.2463768,1154.139688,35.4,1486.0,6.2333,3.26934,5.69561,3.02379,1.54645,3.26934,5.32923,6.17556,5.69561,2,2,2,3863.95,1.85913,766.189,1982.92,1066.59,0.0,0.0,0.0,374.03,0.0968,0.0520675,0.0,0.0,0.0,0.0,0.153846154,0.384615385,0.076923077,0.0,0.384615385,0.0,0.0,0.0,0.0,0,0.0,0,0.0,0,0.0,0,0.0,0.0,0,0,0.0,0,0,0,0,0,0,2
ETR,8,14,6,10.0,4.242640687,1.52,2.1,0.58,1.713333333,0.410121933,85,101,16,95.66666667,11.3137085,12.06,17.36,5.3,15.59333333,3.74766594,0.02658,150.0,149.97342,50.01772,106.0472223,90.2,3173.0,3082.8,1117.8,2179.868785,54.8,1687.0,1632.2,598.8666667,1154.139688,35.4,1486.0,9.98549,9.26546,9.98549,2.79048,2.79048,9.26546,9.98549,9.98549,9.98549,1,1,1,3106.84,1.59276,321.433,1034.6,649.564,208.779,671.999,421.909,452.045,0.1455,0.0913509,109.361,0.0352,0.0221,0.0,0.5,0.0,0.25,0.0,0.125,0.0,0.0,0.0,0.0,0,0.0,0,0.0,0,0.125,0,0.0,0.0,0,0,0.0,0,0,0,0,0,0,2
ETV,8,14,6,10.0,4.242640687,1.52,2.1,0.58,1.713333333,0.410121933,85,101,16,95.66666667,11.3137085,12.06,17.36,5.3,15.59333333,3.74766594,0.02658,150.0,149.97342,50.01772,106.0472223,90.2,3173.0,3082.8,1117.8,2179.868785,54.8,1687.0,1632.2,598.8666667,1154.139688,35.4,1486.0,5.78522,3.14196,5.78522,2.55287,3.14196,2.85486,5.78522,5.78522,5.78522,1,2,2,808.215,1.72826,145.474,1799.94,1041.47,0.0,0.0,0.0,74.0325,0.0916,0.0530013,0.0,0.0,0.0,0.0,0.416666667,0.166666667,0.083333333,0.0,0.166666667,0.0,0.166666667,0.0,0.0,0,0.0,0,0.0,0,0.0,0,0.0,0.0,0,0,0.0,0,0,0,0,0,0,2
ETV,8,14,6,10.0,4.242640687,1.52,2.1,0.58,1.713333333,0.410121933,85,101,16,95.66666667,11.3137085,12.06,17.36,5.3,15.59333333,3.74766594,0.02658,150.0,149.97342,50.01772,106.0472223,90.2,3173.0,3082.8,1117.8,2179.868785,54.8,1687.0,1632.2,598.8666667,1154.139688,35.4,1486.0,5.79465,3.68126,5.79465,3.03343,3.68126,3.27267,5.78555,5.79465,5.77909,1,3,3,844.402,1.6542,204.611,2423.14,1464.85,0.0,0.0,0.0,125.563,0.1487,0.0898926,0.0,0.0,0.0,0.0,0.416666667,0.166666667,0.083333333,0.0,0.166666667,0.0,0.166666667,0.0,0.0,0,0.0,0,0.0,0,0.0,0,0.0,0.0,0,0,0.0,0,0,0,0,0,0,2
EUO,8,14,6,10.0,4.242640687,1.52,2.1,0.58,1.713333333,0.410121933,85,101,16,95.66666667,11.3137085,12.06,17.36,5.3,15.59333333,3.74766594,0.02658,150.0,149.97342,50.01772,106.0472223,90.2,3173.0,3082.8,1117.8,2179.868785,54.8,1687.0,1632.2,598.8666667,1154.139688,35.4,1486.0,6.93807,4.9277,6.26812,4.9277,1.91774,2.44203,6.26812,6.93807,6.93807,2,1,1,6540.77,1.70843,912.685,1395.38,816.761,35.5802,54.3976,31.8407,784.892,0.12,0.07024,4.57854,0.0007,0.000409733,0.0,0.142857143,0.5,0.285714286,0.0,0.0,0.0,0.071428571,0.0,0.0,0,0.0,0,0.0,0,0.0,0,0.0,0.0,0,0,0.0,0,0,0,0,0,0,2
EUO,8,14,6,9.967555041,4.242640687,1.52,2.1,0.58,1.710196987,0.410121933,85,101,16,95.75318656,11.3137085,12.06,17.36,5.3,15.62199305,3.74766594,0.02658,150.0,149.97342,49.20673975,106.0472223,90.2,3173.0,3082.8,1101.12978,2179.868785,54.8,1687.0,1632.2,590.0405562,1154.139688,35.4,1486.0,6.73823,4.30085,5.99598,4.30085,1.99698,2.34574,5.99598,6.73823,6.60574,2,1,1,6169.52,1.81124,966.436,1566.47,864.862,104.239,168.959,93.2838,831.034,0.1347,0.0743691,18.5085,0.003,0.00165633,0.0,0.142857143,0.5,0.285714286,0.0,0.0,0.0,0.071428571,0.0,0.0,0,0.0,0,0.0,0,0.0,0,0.0,0.0,0,0,0.0,0,0,0,0,0,0,2
EWF,8,14,6,10.0,4.242640687,1.52,2.1,0.58,1.713333333,0.410121933,85,101,16,95.66666667,11.3137085,12.06,17.36,5.3,15.59333333,3.74766594,0.02658,150.0,149.97342,50.01772,106.0472223,90.2,3173.0,3082.8,1117.8,2179.868785,54.8,1687.0,1632.2,598.8666667,1154.139688,35.4,1486.0,6.38228,5.35256,6.38228,5.35256,1.88828,4.25563,6.38228,6.38228,6.38228,2,2,2,6468.03,1.78934,919.352,1421.38,794.357,0.396,0.612242,0.34216,668.148,0.1033,0.0577307,0.0,0.0,0.0,0.0,0.1875,0.375,0.375,0.0,0.0,0.0,0.0625,0.0,0.0,0,0.0,0,0.0,0,0.0,0,0.0,0.0,0,0,0.0,0,0,0,0,0,0,2
EWO,8,14,6,10.0,4.242640687,1.52,2.1,0.58,1.713333333,0.410121933,85,101,16,95.66666667,11.3137085,12.06,17.36,5.3,15.59333333,3.74766594,0.02658,150.0,149.97342,50.01772,106.0472223,90.2,3173.0,3082.8,1117.8,2179.868785,54.8,1687.0,1632.2,598.8666667,1154.139688,35.4,1486.0,5.34556,3.66446,5.21178,1.94001,1.94001,3.66446,5.34556,5.34556,5.21178,2,1,1,1258.72,1.90234,102.997,818.267,430.136,40.3132,320.271,168.356,41.6637,0.0331,0.0173996,10.4474,0.0083,0.00436304,0.0,0.0,0.285714286,0.571428571,0.0,0.0,0.0,0.142857143,0.0,0.0,0,0.0,0,0.0,0,0.0,0,0.0,0.0,0,0,0.0,0,0,0,0,0,0,2
EWS,8,14,6,10.0,4.242640687,1.52,2.1,0.58,1.713333333,0.410121933,85,101,16,95.66666667,11.3137085,12.06,17.36,5.3,15.59333333,3.74766594,0.02658,150.0,149.97342,50.01772,106.0472223,90.2,3173.0,3082.8,1117.8,2179.868785,54.8,1687.0,1632.2,598.8666667,1154.139688,35.4,1486.0,6.05545,3.92664,5.79053,1.8803,3.91957,3.92664,5.95174,5.95174,5.79053,2,2,2,5547.7,1.7265,1006.03,1813.42,1050.35,0.0,0.0,0.0,650.745,0.1173,0.067941,0.0,0.0,0.0,0.0,0.2,0.5,0.2,0.0,0.0,0.0,0.1,0.0,0.0,0,0.0,0,0.0,0,0.0,0,0.0,0.0,0,0,0.0,0,0,0,0,0,0,2
EWT,8,14,6,9.944444444,4.242640687,1.52,2.1,0.58,1.707962963,0.410121933,85,101,16,95.81481481,11.3137085,12.06,17.36,5.3,15.64240741,3.74766594,0.02658,150.0,149.97342,48.62907722,106.0472223,90.2,3173.0,3082.8,1089.255556,2179.868785,54.8,1687.0,1632.2,583.7537037,1154.139688,35.4,1486.0,7.68634,6.16295,6.78097,4.22611,4.22611,6.16295,7.68634,7.68634,6.78097,1,3,3,4817.54,1.48279,964.397,2001.84,1350.05,0.0,0.0,0.0,1031.92,0.2142,0.144457,0.0,0.0,0.0,0.0,0.142857143,0.642857143,0.0,0.0,0.0,0.0,0.142857143,0.0,0.0,0,0.0,0,0.0,0,0.0,0,0.0,0.071428571,0,0,0.0,0,0,0,0,0,0,2
EZT,8,14,6,10.0,4.242640687,1.52,2.1,0.58,1.713333333,0.410121933,85,101,16,95.66666667,11.3137085,12.06,17.36,5.3,15.59333333,3.74766594,0.02658,150.0,149.97342,50.01772,106.0472223,90.2,3173.0,3082.8,1117.8,2179.868785,54.8,1687.0,1632.2,598.8666667,1154.139688,35.4,1486.0,6.51268,6.06657,6.42087,6.06657,2.06109,2.06109,6.42087,5.90655,6.51268,2,1,1,2789.95,1.71654,414.231,1484.73,864.956,0.271597,0.973485,0.567122,355.439,0.1274,0.0742192,0.0,0.0,0.0,0.0,0.272727273,0.0,0.363636364,0.0,0.090909091,0.0,0.0,0.0,0.272727273,0,0.0,0,0.0,0,0.0,0,0.0,0.0,0,0,0.0,0,0,0,0,0,0,2
EZT,8,16,8,9.787316781,3.741375725,1.52,2.1,0.58,1.663434041,0.315870922,80,101,21,95.13700269,12.40460051,10.0,17.36,7.36,15.35813042,4.268932774,0.02658,235.0,234.97342,60.48172553,132.0342825,90.2,3173.0,3082.8,1003.333937,1920.210077,54.8,1687.0,1632.2,451.6129674,883.7847585,35.4,1858.53,6.62429,5.81776,6.57436,5.81776,2.20662,2.20662,6.57436,6.62428,6.62429,2,1,1,2863.34,1.69737,494.895,1728.38,1018.27,23.6828,82.7105,48.7286,458.135,0.16,0.0942636,2.57701,0.0009,0.000530233,0.0,0.272727273,0.0,0.363636364,0.0,0.090909091,0.0,0.0,0.0,0.272727273,0,0.0,0,0.0,0,0.0,0,0.0,0.0,0,0,0.0,0,0,0,0,0,0,0
FAU,8,14,6,10.0,4.242640687,1.52,2.1,0.58,1.713333333,0.410121933,85,101,16,95.66666667,11.3137085,12.06,17.36,5.3,15.59333333,3.74766594,0.02658,150.0,149.97342,50.01772,106.0472223,90.2,3173.0,3082.8,1117.8,2179.868785,54.8,1687.0,1632.2,598.8666667,1154.139688,35.4,1486.0,11.17869,7.29049,11.17869,7.29049,7.29049,7.29049,11.17869,11.17869,11.17869,1,3,3,14428.8,1.32764,2300.87,1594.64,1201.11,340.764,236.17,177.887,3962.14,0.2746,0.206833,163.045,0.0113,0.00851135,0.0,0.4,0.0,0.4,0.0,0.0,0.0,0.0,0.0,0.2,0,0.0,0,0.0,0,0.0,0,0.0,0.0,0,0,0.0,0,0,0,0,0,0,3
FER,8,14,6,10.0,4.242640687,1.52,2.1,0.58,1.713333333,0.410121933,85,101,16,95.66666667,11.3137085,12.06,17.36,5.3,15.59333333,3.74766594,0.02658,150.0,149.97342,50.01772,106.0472223,90.2,3173.0,3082.8,1117.8,2179.868785,54.8,1687.0,1632.2,598.8666667,1154.139688,35.4,1486.0,6.25044,4.62927,5.54295,1.50137,3.33583,4.62927,6.25044,5.54295,5.54295,2,2,2,2051.26,1.75101,335.216,1634.19,933.284,0.0,0.0,0.0,197.947,0.0965,0.0551109,0.0,0.0,0.0,0.0,0.0,0.571428571,0.142857143,0.0,0.142857143,0.0,0.142857143,0.0,0.0,0,0.0,0,0.0,0,0.0,0,0.0,0.0,0,0,0.0,0,0,0,0,0,0,2
FRA,8,14,6,9.833333333,3.689323937,1.52,2.1,0.58,1.67,0.31822424,80,101,21,94.83333333,12.50111106,10.0,17.36,7.36,15.25,4.302983461,0.02658,235.0,234.97342,64.18438667,132.9250288,90.2,3173.0,3082.8,1054.3,1934.463424,54.8,1687.0,1632.2,473.2783333,891.7012048,35.4,1858.53,6.48691,2.39344,6.31631,2.39344,2.39344,2.29879,6.31631,6.31631,6.48691,0,0,0,3834.75,1.54673,0.0,0.0,0.0,904.392,2358.41,1524.78,0.0,0.0,0.0,532.646,0.1389,0.0898024,0.0,0.294117647,0.0,0.705882353,0.0,0.0,0.0,0.0,0.0,0.0,0,0.0,0,0.0,0,0.0,0,0.0,0.0,0,0,0.0,0,0,0,0,0,0,1
GIS,8,14,6,10.0,4.242640687,1.52,2.1,0.58,1.713333333,0.410121933,85,101,16,95.66666667,11.3137085,12.06,17.36,5.3,15.59333333,3.74766594,0.02658,150.0,149.97342,50.01772,106.0472223,90.2,3173.0,3082.8,1117.8,2179.868785,54.8,1687.0,1632.2,598.8666667,1154.139688,35.4,1486.0,4.9082,3.25631,4.9082,3.25631,3.25631,3.25631,4.9082,4.9082,4.9082,1,3,3,975.773,1.63598,231.911,2376.69,1452.76,0.0,0.0,0.0,83.6238,0.0857,0.0523844,0.0,0.0,0.0,0.0,0.666666667,0.0,0.0,0.0,0.333333333,0.0,0.0,0.0,0.0,0,0.0,0,0.0,0,0.0,0,0.0,0.0,0,0,0.0,0,0,0,0,0,0,2
GIS,8,14,6,9.833333333,3.689323937,1.52,2.1,0.58,1.67,0.31822424,80,101,21,94.83333333,12.50111106,10.0,17.36,7.36,15.25,4.302983461,0.02658,235.0,234.97342,64.18438667,132.9250288,90.2,3173.0,3082.8,1054.3,1934.463424,54.8,1687.0,1632.2,473.2783333,891.7012048,35.4,1858.53,4.8265,3.26693,4.8265,3.26693,2.88817,3.16814,4.8265,4.8265,4.8265,1,3,3,1046.4,1.51154,306.091,2925.17,1935.23,0.0,0.0,0.0,136.765,0.1307,0.0864681,0.0,0.0,0.0,0.0,0.666666667,0.0,0.0,0.0,0.333333333,0.0,0.0,0.0,0.0,0,0.0,0,0.0,0,0.0,0,0.0,0.0,0,0,0.0,0,0,0,0,0,0,0
GIU,8,14,6,9.500056249,4.242640687,1.52,2.1,0.58,1.665005437,0.410121933,85,101,16,96.99985,11.3137085,12.06,17.36,5.3,16.03495031,3.74766594,0.02658,150.0,149.97342,37.52134098,106.0472223,90.2,3173.0,3082.8,860.9289009,2179.868785,54.8,1687.0,1632.2,462.8653017,1154.139688,35.4,1486.0,6.42268,2.33266,6.42268,2.30282,2.30282,2.33266,6.31307,6.289,6.42268,0,0,0,6048.26,1.56906,0.0,0.0,0.0,1332.63,2203.32,1404.23,0.0,0.0,0.0,800.79,0.1324,0.0843816,0.0,0.285714286,0.0,0.714285714,0.0,0.0,0.0,0.0,0.0,0.0,0,0.0,0,0.0,0,0.0,0,0.0,0.0,0,0,0.0,0,0,0,0,0,0,1
GME,8,14,6,10.0,4.242640687,1.52,2.1,0.58,1.713333333,0.410121933,85,101,16,95.66666667,11.3137085,12.06,17.36,5.3,15.59333333,3.74766594,0.02658,150.0,149.97342,50.01772,106.0472223,90.2,3173.0,3082.8,1117.8,2179.868785,54.8,1687.0,1632.2,598.8666667,1154.139688,35.4,1486.0,7.70217,7.04814,7.70217,3.35122,3.35122,7.04814,7.70217,7.70217,7.70217,1,3,3,1594.52,1.90159,344.808,2162.45,1137.18,2.58587,16.2172,8.52823,267.083,0.1675,0.0880842,0.0,0.0,0.0,0.0,0.5,0.0,0.166666667,0.0,0.166666667,0.0,0.0,0.0,0.166666667,0,0.0,0,0.0,0,0.0,0,0.0,0.0,0,0,0.0,0,0,0,0,0,0,2
GON,8,14,6,10.0,4.242640687,1.52,2.1,0.58,1.713333333,0.410121933,85,101,16,95.66666667,11.3137085,12.06,17.36,5.3,15.59333333,3.74766594,0.02658,150.0,149.97342,50.01772,106.0472223,90.2,3173.0,3082.8,1117.8,2179.868785,54.8,1687.0,1632.2,598.8666667,1154.139688,35.4,1486.0,6.26391,5.38829,6.18113,1.61709,1.61709,5.38829,6.26391,6.26391,6.18113,2,1,1,1691.91,1.88704,160.617,949.323,503.075,4.18602,24.7414,13.1112,133.491,0.0789,0.0418115,0.0,0.0,0.0,0.0,0.1,0.2,0.5,0.0,0.1,0.0,0.0,0.0,0.1,0,0.0,0,0.0,0,0.0,0,0.0,0.0,0,0,0.0,0,0,0,0,0,0,2
GON,8,14,6,9.916666667,3.904210182,1.52,2.1,0.58,1.691666667,0.36046795,80,101,21,95.25,11.80012106,10.0,17.36,7.36,15.42166667,4.000442118,0.02658,235.0,234.97342,57.10105333,119.7129726,90.2,3173.0,3082.8,1086.05,2024.567005,54.8,1687.0,1632.2,536.0725,1012.900745,35.4,1858.53,6.36838,5.63316,6.36838,1.91612,1.91612,5.63316,6.36002,6.36838,6.36838,2,1,1,1661.77,1.92126,184.204,1108.48,576.955,28.4655,171.296,89.1581,171.163,0.103,0.0536107,2.99119,0.0018,0.000936885,0.0,0.1,0.2,0.5,0.0,0.1,0.0,0.0,0.0,0.1,0,0.0,0,0.0,0,0.0,0,0.0,0.0,0,0,0.0,0,0,0,0,0,0,0
GOO,8,14,6,10.0,4.242640687,1.52,2.1,0.58,1.713333333,0.410121933,85,101,16,95.66666667,11.3137085,12.06,17.36,5.3,15.59333333,3.74766594,0.02658,150.0,149.97342,50.01772,106.0472223,90.2,3173.0,3082.8,1117.8,2179.868785,54.8,1687.0,1632.2,598.8666667,1154.139688,35.4,1486.0,4.44608,3.16087,4.44608,3.16087,3.16087,2.78373,4.44608,4.44608,4.44608,2,2,2,1687.55,1.89192,251.652,1491.23,788.211,1.92302,11.3954,6.02319,77.2896,0.0458,0.0242082,0.168755,0.0001,5.29e-05,0.0,0.333333333,0.0,0.222222222,0.0,0.444444444,0.0,0.0,0.0,0.0,0,0.0,0,0.0,0,0.0,0,0.0,0.0,0,0,0.0,0,0,0,0,0,0,2
GOO,8,14,6,9.620437956,4.242640687,1.52,2.1,0.58,1.676642336,0.410121933,85,101,16,96.67883212,11.3137085,12.06,17.36,5.3,15.92861314,3.74766594,0.02658,150.0,149.97342,40.53035036,106.0472223,90.2,3173.0,3082.8,922.7810219,2179.868785,54.8,1687.0,1632.2,495.6131387,1154.139688,35.4,1486.0,4.41376,2.9202,4.40472,2.84997,2.70832,2.9202,4.39647,4.0674,4.40472,1,3,3,907.308,1.75135,209.852,2312.91,1320.64,0.0,0.0,0.0,70.9515,0.0782,0.0446512,0.0,0.0,0.0,0.0,0.333333333,0.0,0.222222222,0.0,0.444444444,0.0,0.0,0.0,0.0,0,0.0,0,0.0,0,0.0,0,0.0,0.0,0,0,0.0,0,0,0,0,0,0,2
HEU,8,14,6,10.0,4.242640687,1.52,2.1,0.58,1.713333333,0.410121933,85,101,16,95.66666667,11.3137085,12.06,17.36,5.3,15.59333333,3.74766594,0.02658,150.0,149.97342,50.01772,106.0472223,90.2,3173.0,3082.8,1117.8,2179.868785,54.8,1687.0,1632.2,598.8666667,1154.139688,35.4,1486.0,5.9128,3.60915,5.9128,2.99349,1.2771,3.60915,5.9128,5.9128,5.9128,2,2,2,2054.81,1.74799,381.246,1855.39,1061.44,0.0,0.0,0.0,186.165,0.0906,0.0518309,0.0,0.0,0.0,0.0,0.25,0.375,0.0,0.0,0.25,0.0,0.125,0.0,0.0,0,0.0,0,0.0,0,0.0,0,0.0,0.0,0,0,0.0,0,0,0,0,0,0,2
HOS,8,14,6,9.942857143,4.242640687,1.52,2.1,0.58,1.707809524,0.410121933,85,101,16,95.81904762,11.3137085,12.06,17.36,5.3,15.64380952,3.74766594,0.02658,150.0,149.97342,48.58940171,106.0472223,90.2,3173.0,3082.8,1088.44,2179.868785,54.8,1687.0,1632.2,583.3219048,1154.139688,35.4,1486.0,9.94084,7.02759,9.94084,6.57843,5.62077,7.02759,9.94084,9.94084,9.94084,1,3,3,9266.67,1.49868,1539.23,1661.04,1108.34,8.1935,8.8419,5.8998,1854.26,0.2001,0.133518,0.0,0.0,0.0,0.0,0.428571429,0.142857143,0.25,0.0,0.0,0.0,0.107142857,0.0,0.071428571,0,0.0,0,0.0,0,0.0,0,0.0,0.0,0,0,0.0,0,0,0,0,0,0,2
IFO,8,14,6,10.0,4.242640687,1.52,2.1,0.58,1.713333333,0.410121933,85,101,16,95.66666667,11.3137085,12.06,17.36,5.3,15.59333333,3.74766594,0.02658,150.0,149.97342,50.01772,106.0472223,90.2,3173.0,3082.8,1117.8,2179.868785,54.8,1687.0,1632.2,598.8666667,1154.139688,35.4,1486.0,7.80312,7.31939,7.80312,1.82314,7.31939,1.12008,7.80312,7.80312,7.54677,2,1,1,1852.14,1.72378,248.577,1342.1,778.58,0.0,0.0,0.0,311.901,0.1684,0.097692,0.0,0.0,0.0,0.0,0.142857143,0.0,0.642857143,0.0,0.0,0.0,0.0,0.0,0.0,0,0.0,0,0.214285714,0,0.0,0,0.0,0.0,0,0,0.0,0,0,0,0,0,0,2
IFO,8,14,6,10.0,4.242640687,1.52,2.1,0.58,1.713333333,0.410121933,85,101,16,95.66666667,11.3137085,12.06,17.36,5.3,15.59333333,3.74766594,0.02658,150.0,149.97342,50.01772,106.0472223,90.2,3173.0,3082.8,1117.8,2179.868785,54.8,1687.0,1632.2,598.8666667,1154.139688,35.4,1486.0,8.0395,7.70283,8.0395,1.37916,2.16525,7.70283,8.0395,8.0395,8.0395,2,1,1,1920.2,1.68738,290.373,1512.2,896.186,7.21524,37.5755,22.2686,375.783,0.1957,0.115979,0.768079,0.0004,0.000237054,0.0,0.142857143,0.0,0.642857143,0.0,0.0,0.0,0.0,0.0,0.0,0,0.0,0,0.214285714,0,0.0,0,0.0,0.0,0,0,0.0,0,0,0,0,0,0,2
IFR,8,14,6,10.0,4.242640687,1.52,2.1,0.58,1.713333333,0.410121933,85,101,16,95.66666667,11.3137085,12.06,17.36,5.3,15.59333333,3.74766594,0.02658,150.0,149.97342,50.01772,106.0472223,90.2,3173.0,3082.8,1117.8,2179.868785,54.8,1687.0,1632.2,598.8666667,1154.139688,35.4,1486.0,7.17695,6.32202,6.9634,1.58196,1.24369,6.32202,7.0877,6.96341,6.9634,2,1,1,1865.44,1.71149,291.154,1560.78,911.938,0.0,0.0,0.0,273.288,0.1465,0.0855977,0.0,0.0,0.0,0.0,0.363636364,0.090909091,0.363636364,0.0,0.0,0.0,0.0,0.0,0.181818182,0,0.0,0,0.0,0,0.0,0,0.0,0.0,0,0,0.0,0,0,0,0,0,0,2
IFR,8,32,24,14.35605481,16.97056275,1.52,2.11,0.59,1.676253014,0.417193001,84,101,17,96.49779451,12.02081528,13.63,17.36,3.73,16.37216315,2.637508294,0.02658,60.0,59.97342,15.9096777,42.40761197,90.2,3093.0,3002.8,885.4483915,2123.300243,54.8,1211.4,1156.6,361.1088749,817.8397031,35.4,1881.6,7.10147,6.20814,6.94911,1.37128,1.3223,6.20814,7.10147,6.68036,6.94911,2,1,1,1879.17,1.699,338.737,1802.59,1060.97,0.070273,0.373958,0.220105,356.478,0.1897,0.111654,0.0,0.0,0.0,0.0,0.363636364,0.090909091,0.363636364,0.0,0.0,0.0,0.0,0.0,0.181818182,0,0.0,0,0.0,0,0.0,0,0.0,0.0,0,0,0.0,0,0,0,0,0,0,6
IFT,8,14,6,9.982608696,4.242640687,1.52,2.1,0.58,1.711652174,0.410121933,85,101,16,95.71304348,11.3137085,12.06,17.36,5.3,15.60869565,3.74766594,0.02658,150.0,149.97342,49.58301443,106.0472223,90.2,3173.0,3082.8,1108.864348,2179.868785,54.8,1687.0,1632.2,594.1356522,1154.139688,35.4,1486.0,10.37607,7.72135,10.37607,6.65106,6.65106,7.72135,10.37607,10.37607,10.37607,1,3,3,12525.8,1.21921,2542.57,2029.87,1664.9,0.0,0.0,0.0,4201.15,0.3354,0.275096,0.0,0.0,0.0,0.058823529,0.294117647,0.352941176,0.117647059,0.0,0.0,0.0,0.0,0.0,0.0,0,0.176470588,0,0.0,0,0.0,0,0.0,0.0,0,0,0.0,0,0,0,0,0,0,3
IFU,8,14,6,9.979381443,4.242640687,1.52,2.1,0.58,1.711340206,0.410121933,85,101,16,95.72164948,11.3137085,12.06,17.36,5.3,15.61154639,3.74766594,0.02658,150.0,149.97342,49.50234742,106.0472223,90.2,3173.0,3082.8,1107.206186,2179.868785,54.8,1687.0,1632.2,593.257732,1154.139688,35.4,1486.0,10.9287,6.78304,10.9287,6.78304,6.05389,6.05389,10.9287,10.56209,10.9287,1,3,3,10543.2,1.22137,1945.21,1845.0,1510.6,43.4128,41.1763,33.7133,3414.93,0.3239,0.265195,8.43453,0.0008,0.000655005,0.0,0.388888889,0.222222222,0.055555556,0.0,0.055555556,0.0,0.0,0.0,0.055555556,0,0.055555556,0,0.0,0,0.0,0,0.166666667,0.0,0,0,0.0,0,0,0,0,0,0,3
IFW,8,14,6,10.0,4.242640687,1.52,2.1,0.58,1.713333333,0.410121933,85,101,16,95.66666667,11.3137085,12.06,17.36,5.3,15.59333333,3.74766594,0.02658,150.0,149.97342,50.01772,106.0472223,90.2,3173.0,3082.8,1117.8,2179.868785,54.8,1687.0,1632.2,598.8666667,1154.139688,35.4,1486.0,7.64238,5.57359,7.64238,3.22258,3.22258,5.57359,7.64238,7.64238,7.64238,1,3,3,4052.13,1.57581,680.204,1678.63,1065.25,0.0930648,0.229669,0.145746,697.777,0.1722,0.109277,0.0,0.0,0.0,0.0,0.285714286,0.285714286,0.285714286,0.0,0.071428571,0.0,0.071428571,0.0,0.0,0,0.0,0,0.0,0,0.0,0,0.0,0.0,0,0,0.0,0,0,0,0,0,0,2
IFW,8,14,6,10.0,4.242640687,1.52,2.1,0.58,1.713333333,0.410121933,85,101,16,95.66666667,11.3137085,12.06,17.36,5.3,15.59333333,3.74766594,0.02658,150.0,149.97342,50.01772,106.0472223,90.2,3173.0,3082.8,1117.8,2179.868785,54.8,1687.0,1632.2,598.8666667,1154.139688,35.4,1486.0,7.37175,4.95385,7.37175,3.13429,3.13429,4.95385,7.37175,7.37175,7.37175,1,3,3,3878.08,1.64654,716.824,1848.4,1122.6,17.6353,45.4742,27.6181,727.528,0.1876,0.113936,1.55123,0.0004,0.000242934,0.0,0.285714286,0.285714286,0.285714286,0.0,0.071428571,0.0,0.071428571,0.0,0.0,0,0.0,0,0.0,0,0.0,0,0.0,0.0,0,0,0.0,0,0,0,0,0,0,2
IFY,8,14,6,10.0,4.242640687,1.52,2.1,0.58,1.713333333,0.410121933,85,101,16,95.66666667,11.3137085,12.06,17.36,5.3,15.59333333,3.74766594,0.02658,150.0,149.97342,50.01772,106.0472223,90.2,3173.0,3082.8,1117.8,2179.868785,54.8,1687.0,1632.2,598.8666667,1154.139688,35.4,1486.0,6.87931,3.76514,6.87931,3.76514,3.76514,2.15671,6.87931,6.87931,6.87931,1,2,2,2719.8,1.76081,423.118,1555.69,883.512,43.9446,161.573,91.7607,267.629,0.0984,0.0558835,10.6072,0.0039,0.00221489,0.0,0.625,0.0,0.125,0.0,0.25,0.0,0.0,0.0,0.0,0,0.0,0,0.0,0,0.0,0,0.0,0.0,0,0,0.0,0,0,0,0,0,0,2
IFY,8,14,6,10.0,4.242640687,1.52,2.1,0.58,1.713333333,0.410121933,85,101,16,95.66666667,11.3137085,12.06,17.36,5.3,15.59333333,3.74766594,0.02658,150.0,149.97342,50.01772,106.0472223,90.2,3173.0,3082.8,1117.8,2179.868785,54.8,1687.0,1632.2,598.8666667,1154.139688,35.4,1486.0,7.11107,3.67868,6.70844,3.67868,3.67868,2.13318,6.70844,6.70844,7.11107,1,2,2,2781.24,1.72191,502.097,1805.3,1048.43,83.1175,298.85,173.557,387.983,0.1395,0.0810147,26.978,0.0097,0.00563328,0.0,0.625,0.0,0.125,0.0,0.25,0.0,0.0,0.0,0.0,0,0.0,0,0.0,0,0.0,0,0.0,0.0,0,0,0.0,0,0,0,0,0,0,2
IHW,8,14,6,10.0,4.242640687,1.52,2.1,0.58,1.713333333,0.410121933,85,101,16,95.66666667,11.3137085,12.06,17.36,5.3,15.59333333,3.74766594,0.02658,150.0,149.97342,50.01772,106.0472223,90.2,3173.0,3082.8,1117.8,2179.868785,54.8,1687.0,1632.2,598.8666667,1154.139688,35.4,1486.0,6.61014,3.61365,6.55402,3.61365,1.52096,3.61365,6.55402,6.61013,6.61014,2,2,2,6064.64,1.84256,805.191,1327.68,720.565,0.0,0.0,0.0,569.469,0.0939,0.0509618,0.0,0.0,0.0,0.0,0.076923077,0.538461538,0.307692308,0.0,0.076923077,0.0,0.0,0.0,0.0,0,0.0,0,0.0,0,0.0,0,0.0,0.0,0,0,0.0,0,0,0,0,0,0,2
IHW,8,14,6,10.0,4.242640687,1.52,2.1,0.58,1.713333333,0.410121933,85,101,16,95.66666667,11.3137085,12.06,17.36,5.3,15.59333333,3.74766594,0.02658,150.0,149.97342,50.01772,106.0472223,90.2,3173.0,3082.8,1117.8,2179.868785,54.8,1687.0,1632.2,598.8666667,1154.139688,35.4,1486.0,6.47855,3.54909,6.47855,3.54909,1.53798,3.54909,6.47855,6.47855,6.47855,2,2,2,5999.16,1.86267,936.525,1561.09,838.096,37.9965,63.3363,34.003,735.497,0.1226,0.0658196,4.19941,0.0007,0.000375805,0.0,0.076923077,0.538461538,0.307692308,0.0,0.076923077,0.0,0.0,0.0,0.0,0,0.0,0,0.0,0,0.0,0,0.0,0.0,0,0,0.0,0,0,0,0,0,0,2
IRN,8,14,6,10.0,4.242640687,1.52,2.1,0.58,1.713333333,0.410121933,85,101,16,95.66666667,11.3137085,12.06,17.36,5.3,15.59333333,3.74766594,0.02658,150.0,149.97342,50.01772,106.0472223,90.2,3173.0,3082.8,1117.8,2179.868785,54.8,1687.0,1632.2,598.8666667,1154.139688,35.4,1486.0,9.10774,3.58418,9.10774,1.99311,3.58418,2.7476,9.10774,9.10774,7.38339,2,1,1,6005.37,1.52847,872.625,1453.07,950.675,251.874,419.415,274.402,942.843,0.157,0.102717,113.502,0.0189,0.0123653,0.0,0.384615385,0.076923077,0.307692308,0.076923077,0.076923077,0.0,0.076923077,0.0,0.0,0,0.0,0,0.0,0,0.0,0,0.0,0.0,0,0,0.0,0,0,0,0,0,0,2
IRT,8,14,6,9.967213115,4.242640687,1.52,2.1,0.58,1.710163934,0.410121933,85,101,16,95.75409836,11.3137085,12.06,17.36,5.3,15.62229508,3.74766594,0.02658,150.0,149.97342,49.19819311,106.0472223,90.2,3173.0,3082.8,1100.954098,2179.868785,54.8,1687.0,1632.2,589.947541,1154.139688,35.4,1486.0,10.68849,8.0579,10.68849,6.57638,6.09615,8.0579,10.68849,10.68849,10.68849,1,3,3,13665.2,1.18374,2728.92,1996.98,1687.02,0.258302,0.189022,0.159682,4663.94,0.3413,0.288324,0.0,0.0,0.0,0.0,0.52,0.16,0.32,0.0,0.0,0.0,0.0,0.0,0.0,0,0.0,0,0.0,0,0.0,0,0.0,0.0,0,0,0.0,0,0,0,0,0,0,3
ISV,8,14,6,10.0,4.242640687,1.52,2.1,0.58,1.713333333,0.410121933,85,101,16,95.66666667,11.3137085,12.06,17.36,5.3,15.59333333,3.74766594,0.02658,150.0,149.97342,50.01772,106.0472223,90.2,3173.0,3082.8,1117.8,2179.868785,54.8,1687.0,1632.2,598.8666667,1154.139688,35.4,1486.0,6.94864,6.2622,6.83654,6.2622,6.2622,6.21804,6.83654,6.83654,6.94864,1,3,3,4255.21,1.50061,789.478,1855.32,1236.38,0.431137,1.0132,0.675192,886.359,0.2083,0.13881,0.0,0.0,0.0,0.0,0.411764706,0.235294118,0.117647059,0.0,0.0,0.0,0.0,0.0,0.235294118,0,0.0,0,0.0,0,0.0,0,0.0,0.0,0,0,0.0,0,0,0,0,0,0,2
ISV,8,14,6,10.0,4.242640687,1.52,2.1,0.58,1.713333333,0.410121933,85,101,16,95.66666667,11.3137085,12.06,17.36,5.3,15.59333333,3.74766594,0.02658,150.0,149.97342,50.01772,106.0472223,90.2,3173.0,3082.8,1117.8,2179.868785,54.8,1687.0,1632.2,598.8666667,1154.139688,35.4,1486.0,6.96591,6.19398,6.86922,6.19398,6.19398,5.96137,6.86922,6.86922,6.96591,1,3,3,4165.15,1.53305,826.051,1983.25,1293.66,31.5951,75.8559,49.4802,1045.04,0.2509,0.16366,1.66606,0.0004,0.000260917,0.0,0.411764706,0.235294118,0.117647059,0.0,0.0,0.0,0.0,0.0,0.235294118,0,0.0,0,0.0,0,0.0,0,0.0,0.0,0,0,0.0,0,0,0,0,0,0,2
ITE,8,14,6,10.0,4.242640687,1.52,2.1,0.58,1.713333333,0.410121933,85,101,16,95.66666667,11.3137085,12.06,17.36,5.3,15.59333333,3.74766594,0.02658,150.0,149.97342,50.01772,106.0472223,90.2,3173.0,3082.8,1117.8,2179.868785,54.8,1687.0,1632.2,598.8666667,1154.139688,35.4,1486.0,8.24311,4.15465,8.24311,2.01342,4.15465,2.74411,8.24311,8.24311,8.24311,4,1,1,4071.08,1.56848,725.99,1783.29,1136.95,0.0,0.0,0.0,648.116,0.1592,0.1015,0.0,0.0,0.0,0.0,0.375,0.25,0.125,0.0,0.25,0.0,0.0,0.0,0.0,0,0.0,0,0.0,0,0.0,0,0.0,0.0,0,0,0.0,0,0,0,0,0,0,2
ITE,8,14,6,9.740689096,4.242640687,1.52,2.1,0.58,1.688266613,0.410121933,85,101,16,96.35816241,11.3137085,12.06,17.36,5.3,15.8223913,3.74766594,0.02658,150.0,149.97342,43.53609614,106.0472223,90.2,3173.0,3082.8,984.5660573,2179.868785,54.8,1687.0,1632.2,528.325457,1154.139688,35.4,1486.0,8.07881,3.79205,8.07881,1.87042,3.79205,2.83377,8.07881,8.07881,7.96605,2,2,2,3935.05,1.6227,817.905,2078.51,1280.9,0.0,0.0,0.0,763.793,0.1941,0.119616,0.0,0.0,0.0,0.0,0.375,0.25,0.125,0.0,0.25,0.0,0.0,0.0,0.0,0,0.0,0,0.0,0,0.0,0,0.0,0.0,0,0,0.0,0,0,0,0,0,0,2
ITG,8,14,6,10.0,4.242640687,1.52,2.1,0.58,1.713333333,0.410121933,85,101,16,95.66666667,11.3137085,12.06,17.36,5.3,15.59333333,3.74766594,0.02658,150.0,149.97342,50.01772,106.0472223,90.2,3173.0,3082.8,1117.8,2179.868785,54.8,1687.0,1632.2,598.8666667,1154.139688,35.4,1486.0,6.94186,6.24307,6.94186,4.94326,6.24307,5.15031,6.87258,6.94186,6.94186,1,3,3,3377.16,1.65442,597.787,1770.09,1069.92,0.0446331,0.132162,0.0798843,517.718,0.1533,0.0926611,0.0,0.0,0.0,0.0,0.272727273,0.333333333,0.181818182,0.0,0.0,0.0,0.151515152,0.0,0.060606061,0,0.0,0,0.0,0,0.0,0,0.0,0.0,0,0,0.0,0,0,0,0,0,0,2
ITH,8,14,6,10.0,4.242640687,1.52,2.1,0.58,1.713333333,0.410121933,85,101,16,95.66666667,11.3137085,12.06,17.36,5.3,15.59333333,3.74766594,0.02658,150.0,149.97342,50.01772,106.0472223,90.2,3173.0,3082.8,1117.8,2179.868785,54.8,1687.0,1632.2,598.8666667,1154.139688,35.4,1486.0,6.66002,5.0661,6.66002,3.46957,5.0661,4.92568,6.66002,6.66002,6.66002,1,3,3,3213.73,1.73855,515.591,1604.34,922.804,0.0,0.0,0.0,362.187,0.1127,0.0648241,0.0,0.0,0.0,0.0,0.291666667,0.208333333,0.291666667,0.0,0.0,0.083333333,0.125,0.0,0.0,0,0.0,0,0.0,0,0.0,0,0.0,0.0,0,0,0.0,0,0,0,0,0,0,2
ITH,8,14,6,9.867870231,4.242640687,1.52,2.1,0.58,1.700560789,0.410121933,85,101,16,96.01901272,11.3137085,12.06,17.36,5.3,15.71004796,3.74766594,0.02658,150.0,149.97342,46.71506112,106.0472223,90.2,3173.0,3082.8,1049.911725,2179.868785,54.8,1687.0,1632.2,562.9229653,1154.139688,35.4,1486.0,6.56588,4.76806,6.52454,4.07617,4.76806,4.76806,6.56588,6.52454,6.16387,1,3,3,3146.35,1.77578,561.419,1784.35,1004.83,13.5799,43.1606,24.3052,445.523,0.1416,0.0797397,1.25854,0.0004,0.000225253,0.0,0.291666667,0.208333333,0.291666667,0.0,0.0,0.083333333,0.125,0.0,0.0,0,0.0,0,0.0,0,0.0,0,0.0,0.0,0,0,0.0,0,0,0,0,0,0,2
ITR,8,14,6,10.0,4.242640687,1.52,2.1,0.58,1.713333333,0.410121933,85,101,16,95.66666667,11.3137085,12.06,17.36,5.3,15.59333333,3.74766594,0.02658,150.0,149.97342,50.01772,106.0472223,90.2,3173.0,3082.8,1117.8,2179.868785,54.8,1687.0,1632.2,598.8666667,1154.139688,35.4,1486.0,6.29862,5.06055,6.14246,5.06055,5.06055,3.52081,6.29862,6.14246,6.29862,1,3,3,6454.7,1.73121,1037.89,1607.97,928.81,0.0,0.0,0.0,746.163,0.1156,0.0667741,0.0,0.0,0.0,0.0,0.272727273,0.227272727,0.318181818,0.0,0.0,0.090909091,0.090909091,0.0,0.0,0,0.0,0,0.0,0,0.0,0,0.0,0.0,0,0,0.0,0,0,0,0,0,0,2
ITT,8,14,6,10.0,4.242640687,1.52,2.1,0.58,1.713333333,0.410121933,85,101,16,95.66666667,11.3137085,12.06,17.36,5.3,15.59333333,3.74766594,0.02658,150.0,149.97342,50.01772,106.0472223,90.2,3173.0,3082.8,1117.8,2179.868785,54.8,1687.0,1632.2,598.8666667,1154.139688,35.4,1486.0,13.41393,11.94259,13.41393,5.15769,5.15769,11.94259,13.41393,13.41393,13.41393,1,3,3,3586.51,1.27966,626.133,1745.8,1364.27,0.0,0.0,0.0,1157.01,0.3226,0.252099,0.0,0.0,0.0,0.1,0.3,0.2,0.2,0.0,0.0,0.0,0.1,0.0,0.0,0,0.0,0,0.0,0,0.1,0,0.0,0.0,0,0,0.0,0,0,0,0,0,0,3
ITW,8,14,6,10.0,4.242640687,1.52,2.1,0.58,1.713333333,0.410121933,85,101,16,95.66666667,11.3137085,12.06,17.36,5.3,15.59333333,3.74766594,0.02658,150.0,149.97342,50.01772,106.0472223,90.2,3173.0,3082.8,1117.8,2179.868785,54.8,1687.0,1632.2,598.8666667,1154.139688,35.4,1486.0,4.67093,3.8933,4.67093,2.7238,1.47771,3.8933,4.67093,4.63633,4.67093,2,1,1,1354.1,1.76836,238.064,1758.1,994.2,0.0265899,0.196367,0.111045,102.776,0.0759,0.0429212,0.0,0.0,0.0,0.0,0.375,0.125,0.125,0.0,0.375,0.0,0.0,0.0,0.0,0,0.0,0,0.0,0,0.0,0,0.0,0.0,0,0,0.0,0,0,0,0,0,0,2
ITW,8,14,6,9.839524517,4.242640687,1.52,2.1,0.58,1.697820703,0.410121933,85,101,16,96.09460129,11.3137085,12.06,17.36,5.3,15.73508668,3.74766594,0.02658,150.0,149.97342,46.00654383,106.0472223,90.2,3173.0,3082.8,1035.347697,2179.868785,54.8,1687.0,1632.2,555.2119861,1154.139688,35.4,1486.0,4.66667,3.65784,4.66538,2.36439,1.56062,3.65784,4.66667,4.66667,4.66538,2,1,1,1326.75,1.8048,287.703,2168.47,1201.5,0.21899,1.65057,0.914547,139.84,0.1054,0.0583998,0.0,0.0,0.0,0.0,0.375,0.125,0.125,0.0,0.375,0.0,0.0,0.0,0.0,0,0.0,0,0.0,0,0.0,0,0.0,0.0,0,0,0.0,0,0,0,0,0,0,2
IWR,8,14,6,10.0,4.242640687,1.52,2.1,0.58,1.713333333,0.410121933,85,101,16,95.66666667,11.3137085,12.06,17.36,5.3,15.59333333,3.74766594,0.02658,150.0,149.97342,50.01772,106.0472223,90.2,3173.0,3082.8,1117.8,2179.868785,54.8,1687.0,1632.2,598.8666667,1154.139688,35.4,1486.0,7.42237,5.84682,7.40298,4.79695,4.79695,5.84682,7.42237,7.40298,7.40298,1,3,3,3580.23,1.56058,660.108,1843.76,1181.46,0.0,0.0,0.0,673.799,0.1882,0.120596,0.0,0.0,0.0,0.0,0.4,0.133333333,0.266666667,0.0,0.0,0.0,0.066666667,0.0,0.133333333,0,0.0,0,0.0,0,0.0,0,0.0,0.0,0,0,0.0,0,0,0,0,0,0,2
IWS,8,14,6,10.0,4.242640687,1.52,2.1,0.58,1.713333333,0.410121933,85,101,16,95.66666667,11.3137085,12.06,17.36,5.3,15.59333333,3.74766594,0.02658,150.0,149.97342,50.01772,106.0472223,90.2,3173.0,3082.8,1117.8,2179.868785,54.8,1687.0,1632.2,598.8666667,1154.139688,35.4,1486.0,8.1875,6.59829,8.1875,6.3206,6.3206,6.59829,8.1875,8.1875,8.1875,1,3,3,9194.4,1.47579,1677.39,1824.36,1236.2,5.95615,6.47801,4.38954,2051.27,0.2231,0.151174,1.83888,0.0002,0.000135521,0.0,0.444444444,0.166666667,0.222222222,0.0,0.0,0.0,0.0,0.0,0.166666667,0,0.0,0,0.0,0,0.0,0,0.0,0.0,0,0,0.0,0,0,0,0,0,0,2
IWV,8,14,6,10.0,4.242640687,1.52,2.1,0.58,1.713333333,0.410121933,85,101,16,95.66666667,11.3137085,12.06,17.36,5.3,15.59333333,3.74766594,0.02658,150.0,149.97342,50.01772,106.0472223,90.2,3173.0,3082.8,1117.8,2179.868785,54.8,1687.0,1632.2,598.8666667,1154.139688,35.4,1486.0,8.48119,6.97318,8.48119,1.99758,6.97318,6.97318,8.4048,8.4048,8.48119,2,2,2,10121.0,1.4984,1678.45,1658.38,1106.77,5.17839,5.11647,3.41463,2208.41,0.2182,0.145622,0.0,0.0,0.0,0.0,0.333333333,0.416666667,0.166666667,0.0,0.0,0.0,0.0,0.0,0.083333333,0,0.0,0,0.0,0,0.0,0,0.0,0.0,0,0,0.0,0,0,0,0,0,0,2
IWV,8,14,6,10.0,4.242640687,1.52,2.1,0.58,1.713333333,0.410121933,85,101,16,95.66666667,11.3137085,12.06,17.36,5.3,15.59333333,3.74766594,0.02658,150.0,149.97342,50.01772,106.0472223,90.2,3173.0,3082.8,1117.8,2179.868785,54.8,1687.0,1632.2,598.8666667,1154.139688,35.4,1486.0,8.09539,6.23169,8.09539,1.97781,6.23169,6.23169,8.0939,8.09539,8.09539,2,2,2,9682.32,1.56629,1742.8,1799.98,1149.2,50.6489,52.3107,33.3978,2253.08,0.2327,0.148568,3.87293,0.0004,0.000255381,0.0,0.333333333,0.416666667,0.166666667,0.0,0.0,0.0,0.0,0.0,0.083333333,0,0.0,0,0.0,0,0.0,0,0.0,0.0,0,0,0.0,0,0,0,0,0,0,2
JBW,8,14,6,10.0,4.242640687,1.52,2.1,0.58,1.713333333,0.410121933,85,101,16,95.66666667,11.3137085,12.06,17.36,5.3,15.59333333,3.74766594,0.02658,150.0,149.97342,50.01772,106.0472223,90.2,3173.0,3082.8,1117.8,2179.868785,54.8,1687.0,1632.2,598.8666667,1154.139688,35.4,1486.0,4.22882,3.66384,3.97501,3.66384,2.46854,1.39604,3.97501,4.22882,3.45206,1,1,1,319.484,1.87375,41.4604,1297.73,692.586,0.0047482,0.148621,0.0793177,11.5653,0.0362,0.0193196,0.0,0.0,0.0,0.0,0.25,0.0,0.5,0.0,0.25,0.0,0.0,0.0,0.0,0,0.0,0,0.0,0,0.0,0,0.0,0.0,0,0,0.0,0,0,0,0,0,0,2
JBW,8,15,7,9.958333333,3.989356588,1.52,1.84,0.32,1.615416667,0.190893887,73,101,28,95.375,12.22785378,10.0,17.36,7.36,16.24333333,3.432546902,0.02658,235.0,234.97342,36.09872,114.2858614,90.2,2792.0,2701.8,557.5916667,1249.389547,54.8,933.47,878.67,244.55875,450.0682896,35.4,1858.53,4.38147,3.84179,4.38147,1.70756,1.0053,3.84179,4.38147,4.38147,4.38147,1,1,1,323.069,1.81891,58.9615,1825.05,1003.38,0.0,0.0,0.0,29.5931,0.0916,0.0503599,0.0,0.0,0.0,0.0,0.25,0.0,0.5,0.0,0.25,0.0,0.0,0.0,0.0,0,0.0,0,0.0,0,0.0,0,0.0,0.0,0,0,0.0,0,0,0,0,0,0,4
JNT,8,14,6,10.0,4.242640687,1.52,2.1,0.58,1.713333333,0.410121933,85,101,16,95.66666667,11.3137085,12.06,17.36,5.3,15.59333333,3.74766594,0.02658,150.0,149.97342,50.01772,106.0472223,90.2,3173.0,3082.8,1117.8,2179.868785,54.8,1687.0,1632.2,598.8666667,1154.139688,35.4,1486.0,4.6551,2.17968,4.6551,2.17968,1.64872,2.17968,4.6551,4.56422,4.6551,0,0,0,1558.92,2.04802,0.0,0.0,0.0,129.119,828.257,404.419,0.0,0.0,0.0,43.0263,0.0276,0.0134765,0.0,0.222222222,0.0,0.388888889,0.0,0.388888889,0.0,0.0,0.0,0.0,0,0.0,0,0.0,0,0.0,0,0.0,0.0,0,0,0.0,0,0,0,0,0,0,0
JNT,4,14,10,9.333333333,4.303314829,1.52,2.1,0.58,1.675333333,0.369641969,77,101,24,95.13333333,12.26859888,4.85,17.36,12.51,15.11266667,5.178782747,0.02658,190.0,189.97342,52.68438667,108.3111119,90.2,3173.0,3082.8,1089.066667,2043.983289,54.8,1687.0,1632.2,590.4,1094.108211,35.4,1486.0,4.76323,2.20015,4.76323,2.20015,1.89417,2.20015,4.76322,4.76323,4.76323,0,0,0,1721.42,1.8719,0.0,0.0,0.0,254.092,1476.06,788.538,0.0,0.0,0.0,109.138,0.0634,0.0338694,0.0,0.222222222,0.0,0.388888889,0.0,0.388888889,0.0,0.0,0.0,0.0,0,0.0,0,0.0,0,0.0,0,0.0,0.0,0,0,0.0,0,0,0,0,0,0,1
JOZ,8,14,6,10.0,4.242640687,1.52,2.1,0.58,1.713333333,0.410121933,85,101,16,95.66666667,11.3137085,12.06,17.36,5.3,15.59333333,3.74766594,0.02658,150.0,149.97342,50.01772,106.0472223,90.2,3173.0,3082.8,1117.8,2179.868785,54.8,1687.0,1632.2,598.8666667,1154.139688,35.4,1486.0,4.85689,3.4363,4.85689,3.03314,3.4363,3.02725,4.85689,4.85689,4.82462,1,3,3,1222.11,1.63277,285.515,2336.24,1430.84,0.0,0.0,0.0,80.2929,0.0657,0.0402382,0.0,0.0,0.0,0.2,0.2,0.0,0.0,0.0,0.6,0.0,0.0,0.0,0.0,0,0.0,0,0.0,0,0.0,0,0.0,0.0,0,0,0.0,0,0,0,0,0,0,2
JOZ,8,15,7,10.0,4.082482905,1.52,1.84,0.32,1.62,0.200665559,80,101,21,95.66666667,11.4212278,10.0,17.36,7.36,16.07666667,3.847229884,0.02658,235.0,234.97342,39.22372,123.8198386,90.2,2792.0,2701.8,617.1333333,1395.849425,54.8,933.47,878.67,244.995,456.0418076,35.4,1858.53,4.61718,2.94003,4.61718,2.94003,2.79648,2.79648,4.61718,4.61718,4.61718,1,3,3,2343.01,1.59517,617.29,2634.61,1651.62,0.0,0.0,0.0,208.059,0.0888,0.0556681,0.0,0.0,0.0,0.2,0.2,0.0,0.0,0.0,0.6,0.0,0.0,0.0,0.0,0,0.0,0,0.0,0,0.0,0,0.0,0.0,0,0,0.0,0,0,0,0,0,0,4
JRY,8,14,6,10.0,4.242640687,1.52,2.1,0.58,1.713333333,0.410121933,85,101,16,95.66666667,11.3137085,12.06,17.36,5.3,15.59333333,3.74766594,0.02658,150.0,149.97342,50.01772,106.0472223,90.2,3173.0,3082.8,1117.8,2179.868785,54.8,1687.0,1632.2,598.8666667,1154.139688,35.4,1486.0,4.53381,4.34035,4.53381,1.99336,4.34035,1.68553,4.52938,4.53381,4.53381,2,1,1,1299.09,1.84323,190.033,1462.81,793.613,0.0,0.0,0.0,82.2324,0.0633,0.0343419,0.0,0.0,0.0,0.0,0.1,0.0,0.6,0.0,0.0,0.0,0.3,0.0,0.0,0,0.0,0,0.0,0,0.0,0,0.0,0.0,0,0,0.0,0,0,0,0,0,0,2
JRY,8,15,7,9.869837405,4.204173231,1.52,1.84,0.32,1.610454743,0.200323119,80,101,21,96.34640466,11.0199959,10.0,17.36,7.36,16.34031823,3.592105711,0.02658,235.0,234.97342,30.72947048,115.5755569,90.2,2792.0,2701.8,522.7712373,1308.121374,54.8,933.47,878.67,215.1237692,430.855322,35.4,1858.53,5.77306,4.47186,5.77306,4.47186,2.93638,1.60704,5.77306,5.57676,5.77306,2,2,2,1326.33,1.83218,342.306,2580.85,1408.62,0.0,0.0,0.0,186.615,0.1407,0.0767938,0.0,0.0,0.0,0.0,0.1,0.0,0.6,0.0,0.0,0.0,0.3,0.0,0.0,0,0.0,0,0.0,0,0.0,0,0.0,0.0,0,0,0.0,0,0,0,0,0,0,4
JSN,8,14,6,10.0,4.242640687,1.52,2.1,0.58,1.713333333,0.410121933,85,101,16,95.66666667,11.3137085,12.06,17.36,5.3,15.59333333,3.74766594,0.02658,150.0,149.97342,50.01772,106.0472223,90.2,3173.0,3082.8,1117.8,2179.868785,54.8,1687.0,1632.2,598.8666667,1154.139688,35.4,1486.0,5.06367,3.38884,5.06367,1.52614,2.68637,3.38884,5.06367,5.06367,5.06367,1,1,1,895.284,1.78306,147.891,1651.89,926.435,0.0,0.0,0.0,70.9065,0.0792,0.0444179,0.0,0.0,0.0,0.0,0.428571429,0.0,0.285714286,0.0,0.285714286,0.0,0.0,0.0,0.0,0,0.0,0,0.0,0,0.0,0,0.0,0.0,0,0,0.0,0,0,0,0,0,0,2
JSR,8,14,6,10.0,4.242640687,1.52,2.1,0.58,1.713333333,0.410121933,85,101,16,95.66666667,11.3137085,12.06,17.36,5.3,15.59333333,3.74766594,0.02658,150.0,149.97342,50.01772,106.0472223,90.2,3173.0,3082.8,1117.8,2179.868785,54.8,1687.0,1632.2,598.8666667,1154.139688,35.4,1486.0,7.77147,4.99247,7.77147,4.99247,4.99247,4.99247,7.77147,7.18805,7.77147,1,3,3,7815.47,1.22553,2028.12,2595.0,2117.45,0.0,0.0,0.0,2133.62,0.273,0.222761,0.0,0.0,0.0,0.333333333,0.166666667,0.0,0.333333333,0.0,0.0,0.0,0.0,0.166666667,0.0,0,0.0,0,0.0,0,0.0,0,0.0,0.0,0,0,0.0,0,0,0,0,0,0,2
JST,8,14,6,10.0,4.242640687,1.52,2.1,0.58,1.713333333,0.410121933,85,101,16,95.66666667,11.3137085,12.06,17.36,5.3,15.59333333,3.74766594,0.02658,150.0,149.97342,50.01772,106.0472223,90.2,3173.0,3082.8,1117.8,2179.868785,54.8,1687.0,1632.2,598.8666667,1154.139688,35.4,1486.0,5.28733,3.68345,5.28733,3.68345,3.68345,3.68345,5.28733,5.01933,5.28733,1,3,3,3354.79,1.42752,958.674,2857.63,2001.8,0.0,0.0,0.0,457.258,0.1363,0.0954799,0.0,0.0,0.0,0.5,0.0,0.0,0.25,0.0,0.0,0.0,0.25,0.0,0.0,0,0.0,0,0.0,0,0.0,0,0.0,0.0,0,0,0.0,0,0,0,0,0,0,2
JSW,8,14,6,10.0,4.242640687,1.52,2.1,0.58,1.713333333,0.410121933,85,101,16,95.66666667,11.3137085,12.06,17.36,5.3,15.59333333,3.74766594,0.02658,150.0,149.97342,50.01772,106.0472223,90.2,3173.0,3082.8,1117.8,2179.868785,54.8,1687.0,1632.2,598.8666667,1154.139688,35.4,1486.0,5.32415,2.53943,5.32415,1.85943,2.53943,1.58715,5.32415,5.32415,5.32415,0,0,0,2606.21,1.83755,0.0,0.0,0.0,351.313,1347.98,733.576,0.0,0.0,0.0,164.192,0.063,0.0342848,0.0,0.333333333,0.0,0.555555556,0.0,0.111111111,0.0,0.0,0.0,0.0,0,0.0,0,0.0,0,0.0,0,0.0,0.0,0,0,0.0,0,0,0,0,0,0,1
JSY,8,14,6,10.0,4.242640687,1.52,2.1,0.58,1.713333333,0.410121933,85,101,16,95.66666667,11.3137085,12.06,17.36,5.3,15.59333333,3.74766594,0.02658,150.0,149.97342,50.01772,106.0472223,90.2,3173.0,3082.8,1117.8,2179.868785,54.8,1687.0,1632.2,598.8666667,1154.139688,35.4,1486.0,6.91683,3.29036,6.86396,3.29036,3.29036,3.29036,6.86396,6.86396,6.91683,1,3,3,3784.19,1.58193,749.284,1980.04,1251.66,9.35871,24.7311,15.6335,545.68,0.1442,0.0911546,1.89209,0.0005,0.00031607,0.0,0.444444444,0.0,0.444444444,0.0,0.111111111,0.0,0.0,0.0,0.0,0,0.0,0,0.0,0,0.0,0,0.0,0.0,0,0,0.0,0,0,0,0,0,0,2
JZT,8,14,6,10.0,4.242640687,1.52,2.1,0.58,1.713333333,0.410121933,85,101,16,95.66666667,11.3137085,12.06,17.36,5.3,15.59333333,3.74766594,0.02658,150.0,149.97342,50.01772,106.0472223,90.2,3173.0,3082.8,1117.8,2179.868785,54.8,1687.0,1632.2,598.8666667,1154.139688,35.4,1486.0,9.11594,8.4352,9.11594,6.97634,6.97634,8.4352,9.11594,9.06012,9.11594,1,3,3,6294.85,1.26798,1165.82,1852.03,1460.61,2.80144,4.45037,3.50981,2099.96,0.3336,0.263095,0.0,0.0,0.0,0.0,0.3125,0.375,0.0625,0.0,0.0,0.0,0.0,0.0,0.0,0,0.125,0,0.125,0,0.0,0,0.0,0.0,0,0,0.0,0,0,0,0,0,0,2
JZT,8,14,6,9.652173913,4.242640687,1.52,2.1,0.58,1.679710145,0.410121933,85,101,16,96.5942029,11.3137085,12.06,17.36,5.3,15.90057971,3.74766594,0.02658,150.0,149.97342,41.3236087,106.0472223,90.2,3173.0,3082.8,939.0869565,2179.868785,54.8,1687.0,1632.2,504.2463768,1154.139688,35.4,1486.0,9.18137,8.44496,9.18137,7.00971,7.00971,8.44496,9.18137,9.18137,9.18137,1,3,3,6267.49,1.27352,1199.78,1914.29,1503.15,22.9466,36.6121,28.7488,2305.18,0.3678,0.288807,1.88025,0.0003,0.000235568,0.0,0.3125,0.375,0.0625,0.0,0.0,0.0,0.0,0.0,0.0,0,0.125,0,0.125,0,0.0,0,0.0,0.0,0,0,0.0,0,0,0,0,0,0,2
KFI,8,14,6,10.0,4.242640687,1.52,2.1,0.58,1.713333333,0.410121933,85,101,16,95.66666667,11.3137085,12.06,17.36,5.3,15.59333333,3.74766594,0.02658,150.0,149.97342,50.01772,106.0472223,90.2,3173.0,3082.8,1117.8,2179.868785,54.8,1687.0,1632.2,598.8666667,1154.139688,35.4,1486.0,10.60793,3.97866,10.60793,3.97866,3.97866,3.97866,10.60793,10.60793,10.60793,1,3,3,6412.05,1.49377,1328.1,2071.26,1386.6,8.02446,12.5147,8.37793,1075.3,0.1677,0.112267,0.0,0.0,0.0,0.0,0.4,0.0,0.2,0.0,0.4,0.0,0.0,0.0,0.0,0,0.0,0,0.0,0,0.0,0,0.0,0.0,0,0,0.0,0,0,0,0,0,0,2
LAU,8,14,6,10.0,4.242640687,1.52,2.1,0.58,1.713333333,0.410121933,85,101,16,95.66666667,11.3137085,12.06,17.36,5.3,15.59333333,3.74766594,0.02658,150.0,149.97342,50.01772,106.0472223,90.2,3173.0,3082.8,1117.8,2179.868785,54.8,1687.0,1632.2,598.8666667,1154.139688,35.4,1486.0,5.97489,4.00761,5.97489,2.03476,2.03476,4.00761,5.97489,5.97489,5.97489,2,1,1,1333.59,1.79554,197.2,1478.71,823.548,0.0,0.0,0.0,120.957,0.0907,0.050514,0.0,0.0,0.0,0.0,0.333333333,0.0,0.555555556,0.0,0.0,0.0,0.111111111,0.0,0.0,0,0.0,0,0.0,0,0.0,0,0.0,0.0,0,0,0.0,0,0,0,0,0,0,2
LAU,8,14,6,9.471698113,4.242640687,1.52,2.1,0.58,1.662264151,0.410121933,85,101,16,97.0754717,11.3137085,12.06,17.36,5.3,16.06,3.74766594,0.02658,150.0,149.97342,36.81251321,106.0472223,90.2,3173.0,3082.8,846.3584906,2179.868785,54.8,1687.0,1632.2,455.1509434,1154.139688,35.4,1486.0,6.14153,4.22589,6.14153,2.33501,2.33501,4.22589,6.14033,6.14153,6.14153,2,1,1,1383.52,1.72014,245.156,1771.97,1030.13,0.0,0.0,0.0,165.469,0.1196,0.069529,0.0,0.0,0.0,0.0,0.333333333,0.0,0.555555556,0.0,0.0,0.0,0.111111111,0.0,0.0,0,0.0,0,0.0,0,0.0,0,0.0,0.0,0,0,0.0,0,0,0,0,0,0,2
LEV,8,14,6,10.0,4.242640687,1.52,2.1,0.58,1.713333333,0.410121933,85,101,16,95.66666667,11.3137085,12.06,17.36,5.3,15.59333333,3.74766594,0.02658,150.0,149.97342,50.01772,106.0472223,90.2,3173.0,3082.8,1117.8,2179.868785,54.8,1687.0,1632.2,598.8666667,1154.139688,35.4,1486.0,7.04023,3.47253,7.04023,3.47253,3.47253,2.44084,6.86861,7.04023,7.04023,3,2,2,3390.44,1.58908,671.66,1981.04,1246.66,0.107309,0.316506,0.199176,479.069,0.1413,0.0889193,0.0,0.0,0.0,0.0,0.333333333,0.0,0.5,0.0,0.166666667,0.0,0.0,0.0,0.0,0,0.0,0,0.0,0,0.0,0,0.0,0.0,0,0,0.0,0,0,0,0,0,0,2
LIO,8,14,6,9.789473684,3.835270828,1.52,2.1,0.58,1.675789474,0.346879779,80,101,21,95.42105263,12.05076472,10.0,17.36,7.36,15.46947368,4.108300163,0.02658,235.0,234.97342,56.33397579,124.4268394,90.2,3173.0,3082.8,1023.610526,1995.844806,54.8,1687.0,1632.2,490.9126316,973.9276767,35.4,1858.53,6.2702,2.46221,6.06643,2.46221,2.46221,2.38812,6.06643,6.25585,4.70004,2,2,2,2308.9,1.54133,507.833,2199.46,1426.98,43.356,187.778,121.828,311.471,0.1349,0.0875217,12.699,0.0055,0.00356834,0.0,0.272727273,0.0,0.727272727,0.0,0.0,0.0,0.0,0.0,0.0,0,0.0,0,0.0,0,0.0,0,0.0,0.0,0,0,0.0,0,0,0,0,0,0,0
LIT,8,14,6,9.894736842,4.242640687,1.52,2.1,0.58,1.703157895,0.410121933,85,101,16,95.94736842,11.3137085,12.06,17.36,5.3,15.68631579,3.74766594,0.02658,150.0,149.97342,47.38660737,106.0472223,90.2,3173.0,3082.8,1063.715789,2179.868785,54.8,1687.0,1632.2,570.2315789,1154.139688,35.4,1486.0,3.18072,1.74833,3.18072,1.45254,1.74833,1.46788,3.18072,3.18072,3.18072,0,0,0,1248.14,2.00362,0.0,0.0,0.0,15.2256,121.986,60.8831,0.0,0.0,0.0,0.374442,0.0003,0.000149729,0.0,0.25,0.0,0.25,0.0,0.375,0.0,0.125,0.0,0.0,0,0.0,0,0.0,0,0.0,0,0.0,0.0,0,0,0.0,0,0,0,0,0,0,0
LIT,8,13,5,9.0,3.535533906,1.52,1.84,0.32,1.584,0.22627417,80,101,21,96.8,14.8492424,10.0,17.36,7.36,15.888,5.20430591,0.02658,235.0,234.97342,47.021264,166.1512987,90.2,2792.0,2701.8,630.56,1910.461101,54.8,933.47,878.67,230.534,621.3135154,35.4,1858.53,3.58241,1.9713,3.5557,1.75154,1.9713,1.93379,3.58241,3.5557,3.58241,0,0,0,1311.72,1.89532,0.0,0.0,0.0,74.2238,565.853,298.552,0.0,0.0,0.0,11.8054,0.009,0.00474853,0.0,0.25,0.0,0.25,0.0,0.375,0.0,0.125,0.0,0.0,0,0.0,0,0.0,0,0.0,0,0.0,0.0,0,0,0.0,0,0,0,0,0,0,4
LOV,8,14,6,10.0,4.242640687,1.52,2.1,0.58,1.713333333,0.410121933,85,101,16,95.66666667,11.3137085,12.06,17.36,5.3,15.59333333,3.74766594,0.02658,150.0,149.97342,50.01772,106.0472223,90.2,3173.0,3082.8,1117.8,2179.868785,54.8,1687.0,1632.2,598.8666667,1154.139688,35.4,1486.0,5.09118,3.71722,4.22982,3.71722,3.71722,3.70926,4.22982,4.22982,5.09118,1,3,3,1071.12,1.67665,217.016,2026.07,1208.4,0.0,0.0,0.0,70.8009,0.0661,0.0394238,0.0,0.0,0.0,0.142857143,0.285714286,0.0,0.142857143,0.0,0.285714286,0.142857143,0.0,0.0,0.0,0,0.0,0,0.0,0,0.0,0,0.0,0.0,0,0,0.0,0,0,0,0,0,0,2
LOV,8,14,6,9.833333333,3.689323937,1.52,2.1,0.58,1.67,0.31822424,80,101,21,94.83333333,12.50111106,10.0,17.36,7.36,15.25,4.302983461,0.02658,235.0,234.97342,64.18438667,132.9250288,90.2,3173.0,3082.8,1054.3,1934.463424,54.8,1687.0,1632.2,473.2783333,891.7012048,35.4,1858.53,4.42946,3.19569,4.42946,3.19569,3.15168,3.08853,4.42946,3.98564,3.70506,1,3,3,1961.91,1.70161,443.264,2259.35,1327.77,0.0,0.0,0.0,147.732,0.0753,0.0442523,0.0,0.0,0.0,0.142857143,0.285714286,0.0,0.142857143,0.0,0.285714286,0.142857143,0.0,0.0,0.0,0,0.0,0,0.0,0,0.0,0,0.0,0.0,0,0,0.0,0,0,0,0,0,0,0
LTA,8,14,6,10.0,4.242640687,1.52,2.1,0.58,1.713333333,0.410121933,85,101,16,95.66666667,11.3137085,12.06,17.36,5.3,15.59333333,3.74766594,0.02658,150.0,149.97342,50.01772,106.0472223,90.2,3173.0,3082.8,1117.8,2179.868785,54.8,1687.0,1632.2,598.8666667,1154.139688,35.4,1486.0,10.99071,4.14531,10.7434,4.14531,4.14531,4.13699,10.7434,10.7434,10.7434,1,3,3,1693.24,1.41416,283.723,1675.62,1184.88,51.2588,302.725,214.067,354.396,0.2093,0.148003,24.8907,0.0147,0.0103948,0.0,0.5,0.0,0.25,0.0,0.25,0.0,0.0,0.0,0.0,0,0.0,0,0.0,0,0.0,0,0.0,0.0,0,0,0.0,0,0,0,0,0,0,2
LTA,8,14,6,10.0,4.242640687,1.52,2.1,0.58,1.713333333,0.410121933,85,101,16,95.66666667,11.3137085,12.06,17.36,5.3,15.59333333,3.74766594,0.02658,150.0,149.97342,50.01772,106.0472223,90.2,3173.0,3082.8,1117.8,2179.868785,54.8,1687.0,1632.2,598.8666667,1154.139688,35.4,1486.0,11.33037,4.09453,11.33036,4.09349,4.09453,4.09453,11.33037,11.33037,11.33036,1,3,3,14905.1,1.2734,2753.5,1847.35,1450.72,664.574,445.87,350.141,3797.82,0.2548,0.200094,415.852,0.0279,0.0219098,0.0,0.5,0.0,0.25,0.0,0.25,0.0,0.0,0.0,0.0,0,0.0,0,0.0,0,0.0,0,0.0,0.0,0,0,0.0,0,0,0,0,0,0,3
LTJ,8,14,6,10.0,4.242640687,1.52,2.1,0.58,1.713333333,0.410121933,85,101,16,95.66666667,11.3137085,12.06,17.36,5.3,15.59333333,3.74766594,0.02658,150.0,149.97342,50.01772,106.0472223,90.2,3173.0,3082.8,1117.8,2179.868785,54.8,1687.0,1632.2,598.8666667,1154.139688,35.4,1486.0,4.03618,3.05841,4.03618,3.05841,3.05841,3.05841,4.03618,4.03618,4.03618,1,3,3,862.727,1.85035,133.898,1552.04,838.779,0.0,0.0,0.0,28.1249,0.0326,0.0176183,0.0,0.0,0.0,0.0,0.166666667,0.0,0.333333333,0.0,0.5,0.0,0.0,0.0,0.0,0,0.0,0,0.0,0,0.0,0,0.0,0.0,0,0,0.0,0,0,0,0,0,0,2
LTJ,8,14,6,9.50056243,4.242640687,1.52,2.1,0.58,1.665054368,0.410121933,85,101,16,96.99850019,11.3137085,12.06,17.36,5.3,16.03450319,3.74766594,0.02658,150.0,149.97342,37.53399325,106.0472223,90.2,3173.0,3082.8,861.1889764,2179.868785,54.8,1687.0,1632.2,463.0029996,1154.139688,35.4,1486.0,3.95029,3.10619,3.95029,3.00926,3.10619,3.00926,3.9235,3.95029,3.94355,1,3,3,930.616,1.69961,208.199,2237.21,1316.31,0.0,0.0,0.0,66.7251,0.0717,0.0421862,0.0,0.0,0.0,0.0,0.166666667,0.0,0.333333333,0.0,0.5,0.0,0.0,0.0,0.0,0,0.0,0,0.0,0,0.0,0,0.0,0.0,0,0,0.0,0,0,0,0,0,0,2
LTL,8,14,6,10.0,4.242640687,1.52,2.1,0.58,1.713333333,0.410121933,85,101,16,95.66666667,11.3137085,12.06,17.36,5.3,15.59333333,3.74766594,0.02658,150.0,149.97342,50.01772,106.0472223,90.2,3173.0,3082.8,1117.8,2179.868785,54.8,1687.0,1632.2,598.8666667,1154.139688,35.4,1486.0,9.95198,7.43968,9.95198,2.0178,2.0178,7.43968,9.95198,9.95198,9.95198,1,1,1,2153.07,1.81628,246.039,1142.73,629.16,14.2513,66.1904,36.4427,324.252,0.1506,0.0829165,1.07654,0.0005,0.000275287,0.0,0.375,0.0,0.25,0.0,0.25,0.0,0.0,0.0,0.125,0,0.0,0,0.0,0,0.0,0,0.0,0.0,0,0,0.0,0,0,0,0,0,0,2
MAR,8,14,6,9.604395604,4.242640687,1.52,2.1,0.58,1.675091575,0.410121933,85,101,16,96.72161172,11.3137085,12.06,17.36,5.3,15.94278388,3.74766594,0.02658,150.0,149.97342,40.12936264,106.0472223,90.2,3173.0,3082.8,914.5384615,2179.868785,54.8,1687.0,1632.2,491.2490842,1154.139688,35.4,1486.0,6.44547,2.68334,6.32677,2.68334,2.68334,2.34318,6.32677,6.32677,6.37621,2,2,2,4563.06,1.42009,510.009,1117.69,787.055,607.926,1332.28,938.163,313.026,0.0686,0.0483068,383.754,0.0841,0.0592215,0.0,0.272727273,0.0,0.727272727,0.0,0.0,0.0,0.0,0.0,0.0,0,0.0,0,0.0,0,0.0,0,0.0,0.0,0,0,0.0,0,0,0,0,0,0,1
MAZ,8,14,6,10.0,4.242640687,1.52,2.1,0.58,1.713333333,0.410121933,85,101,16,95.66666667,11.3137085,12.06,17.36,5.3,15.59333333,3.74766594,0.02658,150.0,149.97342,50.01772,106.0472223,90.2,3173.0,3082.8,1117.8,2179.868785,54.8,1687.0,1632.2,598.8666667,1154.139688,35.4,1486.0,8.02968,7.44074,7.89125,3.18844,3.18844,7.44074,5.86894,6.09788,7.89125,2,3,1,2161.85,1.95638,372.878,1724.81,881.636,0.0,0.0,0.0,253.368,0.1172,0.0599065,0.0,0.0,0.0,0.0,0.285714286,0.142857143,0.142857143,0.0,0.285714286,0.0,0.0,0.0,0.142857143,0,0.0,0,0.0,0,0.0,0,0.0,0.0,0,0,0.0,0,0,0,0,0,0,2
MEI,8,14,6,10.0,4.242640687,1.52,2.1,0.58,1.713333333,0.410121933,85,101,16,95.66666667,11.3137085,12.06,17.36,5.3,15.59333333,3.74766594,0.02658,150.0,149.97342,50.01772,106.0472223,90.2,3173.0,3082.8,1117.8,2179.868785,54.8,1687.0,1632.2,598.8666667,1154.139688,35.4,1486.0,8.00225,6.83278,8.00225,2.92776,2.92776,6.83278,7.69806,8.00225,8.00225,1,3,3,2317.9,1.4635,475.288,2050.51,1401.1,0.0,0.0,0.0,474.937,0.2049,0.140007,0.0,0.0,0.0,0.166666667,0.333333333,0.166666667,0.0,0.166666667,0.0,0.0,0.0,0.0,0.166666667,0,0.0,0,0.0,0,0.0,0,0.0,0.0,0,0,0.0,0,0,0,0,0,0,2
MEI,8,14,6,10.0,4.242640687,1.52,2.1,0.58,1.713333333,0.410121933,85,101,16,95.66666667,11.3137085,12.06,17.36,5.3,15.59333333,3.74766594,0.02658,150.0,149.97342,50.01772,106.0472223,90.2,3173.0,3082.8,1117.8,2179.868785,54.8,1687.0,1632.2,598.8666667,1154.139688,35.4,1486.0,8.18768,6.92869,7.8927,2.93985,2.93985,6.92869,8.18768,8.18768,7.8927,1,3,3,2382.35,1.4239,568.093,2384.59,1674.68,0.0,0.0,0.0,619.412,0.26,0.182597,0.0,0.0,0.0,0.166666667,0.333333333,0.166666667,0.0,0.166666667,0.0,0.0,0.0,0.0,0.166666667,0,0.0,0,0.0,0,0.0,0,0.0,0.0,0,0,0.0,0,0,0,0,0,0,2
MEL,8,14,6,10.0,4.242640687,1.52,2.1,0.58,1.713333333,0.410121933,85,101,16,95.66666667,11.3137085,12.06,17.36,5.3,15.59333333,3.74766594,0.02658,150.0,149.97342,50.01772,106.0472223,90.2,3173.0,3082.8,1117.8,2179.868785,54.8,1687.0,1632.2,598.8666667,1154.139688,35.4,1486.0,7.66156,5.12571,7.66156,5.12571,5.12571,5.12571,7.56477,7.66156,7.66156,1,3,3,5529.94,1.73204,841.574,1521.85,878.645,0.0,0.0,0.0,664.146,0.1201,0.0693401,0.0,0.0,0.0,0.0,0.125,0.3125,0.25,0.0,0.125,0.0,0.1875,0.0,0.0,0,0.0,0,0.0,0,0.0,0,0.0,0.0,0,0,0.0,0,0,0,0,0,0,2
MEL,8,14,6,10.0,4.242640687,1.52,2.1,0.58,1.713333333,0.410121933,85,101,16,95.66666667,11.3137085,12.06,17.36,5.3,15.59333333,3.74766594,0.02658,150.0,149.97342,50.01772,106.0472223,90.2,3173.0,3082.8,1117.8,2179.868785,54.8,1687.0,1632.2,598.8666667,1154.139688,35.4,1486.0,6.64808,4.76951,6.64808,4.76951,4.76951,4.76951,6.64808,6.64808,6.64808,1,3,3,5400.4,1.77359,934.547,1730.51,975.713,10.1634,18.8198,10.6111,746.875,0.1383,0.0779775,0.0,0.0,0.0,0.0,0.125,0.3125,0.25,0.0,0.125,0.0,0.1875,0.0,0.0,0,0.0,0,0.0,0,0.0,0,0.0,0.0,0,0,0.0,0,0,0,0,0,0,2
MEP,8,14,6,10.0,4.242640687,1.52,2.1,0.58,1.713333333,0.410121933,85,101,16,95.66666667,11.3137085,12.06,17.36,5.3,15.59333333,3.74766594,0.02658,150.0,149.97342,50.01772,106.0472223,90.2,3173.0,3082.8,1117.8,2179.868785,54.8,1687.0,1632.2,598.8666667,1154.139688,35.4,1486.0,5.42799,1.78798,5.37862,1.78798,1.78798,1.78798,5.14105,5.37862,5.37862,0,0,0,2574.17,1.78291,0.0,0.0,0.0,387.276,1504.47,843.829,0.0,0.0,0.0,193.578,0.0752,0.0421783,0.0,0.0,0.666666667,0.333333333,0.0,0.0,0.0,0.0,0.0,0.0,0,0.0,0,0.0,0,0.0,0,0.0,0.0,0,0,0.0,0,0,0,0,0,0,1
MEP,8,14,6,9.57195572,4.242640687,1.52,2.1,0.58,1.67195572,0.410121933,85,101,16,96.80811808,11.3137085,12.06,17.36,5.3,15.97143911,3.74766594,0.02658,150.0,149.97342,39.31850923,106.0472223,90.2,3173.0,3082.8,897.8708487,2179.868785,54.8,1687.0,1632.2,482.4243542,1154.139688,35.4,1486.0,5.29558,1.71917,5.24291,1.71917,1.71917,1.71917,5.24291,5.24291,5.24291,0,0,0,2425.55,1.89215,0.0,0.0,0.0,455.614,1878.4,992.731,0.0,0.0,0.0,245.223,0.1011,0.0534313,0.0,0.0,0.666666667,0.333333333,0.0,0.0,0.0,0.0,0.0,0.0,0,0.0,0,0.0,0,0.0,0,0.0,0.0,0,0,0.0,0,0,0,0,0,0,1
MER,8,14,6,10.0,4.242640687,1.52,2.1,0.58,1.713333333,0.410121933,85,101,16,95.66666667,11.3137085,12.06,17.36,5.3,15.59333333,3.74766594,0.02658,150.0,149.97342,50.01772,106.0472223,90.2,3173.0,3082.8,1117.8,2179.868785,54.8,1687.0,1632.2,598.8666667,1154.139688,35.4,1486.0,6.58773,4.14047,6.58773,3.06178,3.06178,4.14047,6.58773,6.58773,6.58773,1,3,3,1954.33,1.63365,423.318,2166.05,1325.89,0.0,0.0,0.0,190.743,0.0976,0.0597434,0.0,0.0,0.0,0.0,0.5,0.0,0.0,0.0,0.5,0.0,0.0,0.0,0.0,0,0.0,0,0.0,0,0.0,0,0.0,0.0,0,0,0.0,0,0,0,0,0,0,2
MFI,8,14,6,10.0,4.242640687,1.52,2.1,0.58,1.713333333,0.410121933,85,101,16,95.66666667,11.3137085,12.06,17.36,5.3,15.59333333,3.74766594,0.02658,150.0,149.97342,50.01772,106.0472223,90.2,3173.0,3082.8,1117.8,2179.868785,54.8,1687.0,1632.2,598.8666667,1154.139688,35.4,1486.0,6.29565,4.64116,6.29565,4.64116,4.40297,4.40297,6.29565,5.84542,6.29565,1,3,3,5211.28,1.83795,780.371,1497.46,814.746,0.0,0.0,0.0,459.114,0.0881,0.0479337,0.0,0.0,0.0,0.0,0.03846153,0.423,0.308,0.0,0.0,0.0,0.23076,0.0,0.0,0,0.0,0,0.0,0,0.0,0,0.0,0.0,0,0,0.0,0,0,0,0,0,0,2
MFI,8,14,6,10.0,4.242640687,1.52,2.1,0.58,1.713333333,0.410121933,85,101,16,95.66666667,11.3137085,12.06,17.36,5.3,15.59333333,3.74766594,0.02658,150.0,149.97342,50.01772,106.0472223,90.2,3173.0,3082.8,1117.8,2179.868785,54.8,1687.0,1632.2,598.8666667,1154.139688,35.4,1486.0,6.72759,5.21486,6.72759,5.21486,5.16004,5.16004,6.72759,6.41335,6.72759,1,3,3,5332.02,1.79633,918.726,1723.03,959.195,6.91209,12.9633,7.21656,763.546,0.1432,0.0797179,0.0,0.0,0.0,0.0,0.03846153,0.423,0.308,0.0,0.0,0.0,0.23076,0.0,0.0,0,0.0,0,0.0,0,0.0,0,0.0,0.0,0,0,0.0,0,0,0,0,0,0,2
MFS,8,14,6,10.0,4.242640687,1.52,2.1,0.58,1.713333333,0.410121933,85,101,16,95.66666667,11.3137085,12.06,17.36,5.3,15.59333333,3.74766594,0.02658,150.0,149.97342,50.01772,106.0472223,90.2,3173.0,3082.8,1117.8,2179.868785,54.8,1687.0,1632.2,598.8666667,1154.139688,35.4,1486.0,6.75427,5.30532,6.75427,5.30532,3.14152,1.51199,6.75427,6.75427,6.56545,2,2,2,2063.78,1.74039,332.276,1610.03,925.098,0.0,0.0,0.0,222.888,0.108,0.062055,0.0,0.0,0.0,0.0,0.090909091,0.545454545,0.090909091,0.0,0.181818182,0.0,0.090909091,0.0,0.0,0,0.0,0,0.0,0,0.0,0,0.0,0.0,0,0,0.0,0,0,0,0,0,0,2
MFS,8,14,6,9.5654102,4.242640687,1.52,2.1,0.58,1.671322986,0.410121933,85,101,16,96.8255728,11.3137085,12.06,17.36,5.3,15.97722099,3.74766594,0.02658,150.0,149.97342,39.15490022,106.0472223,90.2,3173.0,3082.8,894.5077605,2179.868785,54.8,1687.0,1632.2,480.6437546,1154.139688,35.4,1486.0,6.65104,5.12313,5.9729,5.12313,2.94757,1.51944,5.9729,6.65104,6.53357,2,2,2,1981.59,1.81258,376.872,1901.87,1049.26,0.0,0.0,0.0,268.703,0.1356,0.0748105,0.0,0.0,0.0,0.0,0.090909091,0.545454545,0.090909091,0.0,0.181818182,0.0,0.090909091,0.0,0.0,0,0.0,0,0.0,0,0.0,0,0.0,0.0,0,0,0.0,0,0,0,0,0,0,2
MON,8,14,6,10.0,4.242640687,1.52,2.1,0.58,1.713333333,0.410121933,85,101,16,95.66666667,11.3137085,12.06,17.36,5.3,15.59333333,3.74766594,0.02658,150.0,149.97342,50.01772,106.0472223,90.2,3173.0,3082.8,1117.8,2179.868785,54.8,1687.0,1632.2,598.8666667,1154.139688,35.4,1486.0,4.18361,3.47649,4.18361,3.47649,3.47649,3.47649,4.18361,4.18361,4.18361,1,3,3,906.625,1.76076,184.402,2033.94,1155.15,0.0,0.0,0.0,49.1391,0.0542,0.0307821,0.0,0.0,0.0,0.0,0.25,0.25,0.0,0.0,0.5,0.0,0.0,0.0,0.0,0,0.0,0,0.0,0,0.0,0,0.0,0.0,0,0,0.0,0,0,0,0,0,0,2
MOR,8,14,6,10.0,4.242640687,1.52,2.1,0.58,1.713333333,0.410121933,85,101,16,95.66666667,11.3137085,12.06,17.36,5.3,15.59333333,3.74766594,0.02658,150.0,149.97342,50.01772,106.0472223,90.2,3173.0,3082.8,1117.8,2179.868785,54.8,1687.0,1632.2,598.8666667,1154.139688,35.4,1486.0,6.63865,6.39109,6.63865,1.50736,2.88792,6.39109,6.63865,6.63865,6.63865,2,2,2,2827.26,1.69388,465.128,1645.16,971.234,0.0,0.0,0.0,335.878,0.1188,0.0701347,0.0,0.0,0.0,0.0,0.1,0.5,0.0,0.0,0.3,0.0,0.0,0.0,0.1,0,0.0,0,0.0,0,0.0,0,0.0,0.0,0,0,0.0,0,0,0,0,0,0,2
MRT,8,14,6,10.0,4.242640687,1.52,2.1,0.58,1.713333333,0.410121933,85,101,16,95.66666667,11.3137085,12.06,17.36,5.3,15.59333333,3.74766594,0.02658,150.0,149.97342,50.01772,106.0472223,90.2,3173.0,3082.8,1117.8,2179.868785,54.8,1687.0,1632.2,598.8666667,1154.139688,35.4,1486.0,5.90767,3.72561,5.90767,3.65723,3.72561,1.40581,5.53072,5.90767,5.50835,3,2,1,1400.19,1.71014,262.336,1873.57,1095.57,0.0,0.0,0.0,126.018,0.09,0.0526274,0.0,0.0,0.0,0.0,0.4,0.0,0.2,0.0,0.4,0.0,0.0,0.0,0.0,0,0.0,0,0.0,0,0.0,0,0.0,0.0,0,0,0.0,0,0,0,0,0,0,2
MRT,8,14,6,10.0,4.242640687,1.52,2.1,0.58,1.713333333,0.410121933,85,101,16,95.66666667,11.3137085,12.06,17.36,5.3,15.59333333,3.74766594,0.02658,150.0,149.97342,50.01772,106.0472223,90.2,3173.0,3082.8,1117.8,2179.868785,54.8,1687.0,1632.2,598.8666667,1154.139688,35.4,1486.0,6.14057,3.83606,6.14057,3.42218,1.45128,3.83606,6.14057,6.14057,6.14057,2,2,2,5561.17,1.72232,1271.66,2286.68,1327.68,0.0,0.0,0.0,626.744,0.1127,0.0654351,0.0,0.0,0.0,0.0,0.4,0.0,0.2,0.0,0.4,0.0,0.0,0.0,0.0,0,0.0,0,0.0,0,0.0,0,0.0,0.0,0,0,0.0,0,0,0,0,0,0,2
MSO,8,14,6,10.0,4.242640687,1.52,2.1,0.58,1.713333333,0.410121933,85,101,16,95.66666667,11.3137085,12.06,17.36,5.3,15.59333333,3.74766594,0.02658,150.0,149.97342,50.01772,106.0472223,90.2,3173.0,3082.8,1117.8,2179.868785,54.8,1687.0,1632.2,598.8666667,1154.139688,35.4,1486.0,7.16974,2.03301,7.16974,2.03301,2.03301,2.03301,7.16974,7.16974,7.16973,0,0,0,5048.41,1.8734,0.0,0.0,0.0,629.031,1246.0,665.101,0.0,0.0,0.0,526.549,0.1043,0.0556743,0.0,0.222222222,0.0,0.777777778,0.0,0.0,0.0,0.0,0.0,0.0,0,0.0,0,0.0,0,0.0,0,0.0,0.0,0,0,0.0,0,0,0,0,0,0,1
MSO,8,14,6,10.0,4.242640687,1.52,2.1,0.58,1.713333333,0.410121933,85,101,16,95.66666667,11.3137085,12.06,17.36,5.3,15.59333333,3.74766594,0.02658,150.0,149.97342,50.01772,106.0472223,90.2,3173.0,3082.8,1117.8,2179.868785,54.8,1687.0,1632.2,598.8666667,1154.139688,35.4,1486.0,6.65128,2.01662,5.72859,2.01662,2.01662,2.01662,6.35007,6.65128,5.72859,0,0,0,4961.94,1.80967,0.0,0.0,0.0,751.235,1514.0,836.615,0.0,0.0,0.0,588.982,0.1187,0.0655921,0.0,0.222222222,0.0,0.777777778,0.0,0.0,0.0,0.0,0.0,0.0,0,0.0,0,0.0,0,0.0,0,0.0,0.0,0,0,0.0,0,0,0,0,0,0,1
MTF,8,14,6,10.0,4.242640687,1.52,2.1,0.58,1.713333333,0.410121933,85,101,16,95.66666667,11.3137085,12.06,17.36,5.3,15.59333333,3.74766594,0.02658,150.0,149.97342,50.01772,106.0472223,90.2,3173.0,3082.8,1117.8,2179.868785,54.8,1687.0,1632.2,598.8666667,1154.139688,35.4,1486.0,6.19154,3.97125,6.19154,1.51933,1.42755,3.97125,1.97905,6.00823,6.19154,2,1,1,2121.45,2.06932,211.779,998.274,482.418,0.0,0.0,0.0,134.076,0.0632,0.0305415,0.0,0.0,0.0,0.0,0.1,0.4,0.4,0.0,0.1,0.0,0.0,0.0,0.0,0,0.0,0,0.0,0,0.0,0,0.0,0.0,0,0,0.0,0,0,0,0,0,0,2
MTF,8,14,6,10.0,4.242640687,1.52,2.1,0.58,1.713333333,0.410121933,85,101,16,95.66666667,11.3137085,12.06,17.36,5.3,15.59333333,3.74766594,0.02658,150.0,149.97342,50.01772,106.0472223,90.2,3173.0,3082.8,1117.8,2179.868785,54.8,1687.0,1632.2,598.8666667,1154.139688,35.4,1486.0,5.99316,3.57186,5.99316,1.79529,1.43184,3.57186,2.27694,5.99316,5.99316,2,1,1,2132.64,2.05846,243.479,1141.68,554.627,0.0,0.0,0.0,167.839,0.0787,0.0382324,0.0,0.0,0.0,0.0,0.1,0.4,0.4,0.0,0.1,0.0,0.0,0.0,0.0,0,0.0,0,0.0,0,0.0,0,0.0,0.0,0,0,0.0,0,0,0,0,0,0,2
MTN,8,14,6,10.0,4.242640687,1.52,2.1,0.58,1.713333333,0.410121933,85,101,16,95.66666667,11.3137085,12.06,17.36,5.3,15.59333333,3.74766594,0.02658,150.0,149.97342,50.01772,106.0472223,90.2,3173.0,3082.8,1117.8,2179.868785,54.8,1687.0,1632.2,598.8666667,1154.139688,35.4,1486.0,7.38211,2.54889,7.38211,2.54889,2.54889,2.54889,7.38211,7.38211,7.38211,0,0,0,7919.87,1.71328,0.0,0.0,0.0,1268.22,1601.31,934.644,0.0,0.0,0.0,768.227,0.097,0.0566165,0.0,0.0,0.666666667,0.333333333,0.0,0.0,0.0,0.0,0.0,0.0,0,0.0,0,0.0,0,0.0,0,0.0,0.0,0,0,0.0,0,0,0,0,0,0,1
MTN,8,14,6,10.0,4.242640687,1.52,2.1,0.58,1.713333333,0.410121933,85,101,16,95.66666667,11.3137085,12.06,17.36,5.3,15.59333333,3.74766594,0.02658,150.0,149.97342,50.01772,106.0472223,90.2,3173.0,3082.8,1117.8,2179.868785,54.8,1687.0,1632.2,598.8666667,1154.139688,35.4,1486.0,7.06309,2.42278,6.92307,2.42278,2.42278,2.42278,7.06309,7.06309,6.92307,1,3,3,7303.64,1.85784,767.706,1051.13,565.781,649.301,889.009,478.519,567.493,0.0777,0.0418229,310.405,0.0425,0.0228761,0.0,0.0,0.666666667,0.333333333,0.0,0.0,0.0,0.0,0.0,0.0,0,0.0,0,0.0,0,0.0,0,0.0,0.0,0,0,0.0,0,0,0,0,0,0,2
MTT,8,14,6,10.0,4.242640687,1.52,2.1,0.58,1.713333333,0.410121933,85,101,16,95.66666667,11.3137085,12.06,17.36,5.3,15.59333333,3.74766594,0.02658,150.0,149.97342,50.01772,106.0472223,90.2,3173.0,3082.8,1117.8,2179.868785,54.8,1687.0,1632.2,598.8666667,1154.139688,35.4,1486.0,6.13116,5.01346,6.13116,5.01346,2.14251,1.47163,6.13116,6.13116,6.13116,2,1,1,1318.21,1.8165,162.352,1231.61,678.016,0.169036,1.28232,0.705928,95.9657,0.0728,0.0400771,0.0,0.0,0.0,0.0,0.0,0.25,0.625,0.0,0.0,0.0,0.125,0.0,0.0,0,0.0,0,0.0,0,0.0,0,0.0,0.0,0,0,0.0,0,0,0,0,0,0,2
MTT,8,14,6,10.0,4.242640687,1.52,2.1,0.58,1.713333333,0.410121933,85,101,16,95.66666667,11.3137085,12.06,17.36,5.3,15.59333333,3.74766594,0.02658,150.0,149.97342,50.01772,106.0472223,90.2,3173.0,3082.8,1117.8,2179.868785,54.8,1687.0,1632.2,598.8666667,1154.139688,35.4,1486.0,5.77251,4.74863,5.44258,1.57495,4.74863,1.57495,5.6665,5.44258,5.6665,2,1,1,1203.41,1.98979,150.734,1252.56,629.495,0.0,0.0,0.0,105.057,0.0873,0.0438741,0.0,0.0,0.0,0.0,0.0,0.25,0.625,0.0,0.0,0.0,0.125,0.0,0.0,0,0.0,0,0.0,0,0.0,0,0.0,0.0,0,0,0.0,0,0,0,0,0,0,2
MTW,8,14,6,10.0,4.242640687,1.52,2.1,0.58,1.713333333,0.410121933,85,101,16,95.66666667,11.3137085,12.06,17.36,5.3,15.59333333,3.74766594,0.02658,150.0,149.97342,50.01772,106.0472223,90.2,3173.0,3082.8,1117.8,2179.868785,54.8,1687.0,1632.2,598.8666667,1154.139688,35.4,1486.0,6.01872,5.62411,6.01872,1.21084,5.62411,2.35033,6.01872,6.01872,5.99423,2,1,1,1535.76,1.81904,188.247,1225.76,673.849,11.2846,73.4787,40.3942,136.376,0.0888,0.048817,1.84291,0.0012,0.000659689,0.0,0.1,0.2,0.6,0.0,0.0,0.0,0.0,0.0,0.1,0,0.0,0,0.0,0,0.0,0,0.0,0.0,0,0,0.0,0,0,0,0,0,0,2
MTW,5,14,9,9.5,4.166190449,1.52,2.1,0.58,1.703333333,0.380242575,85,101,16,95.72222222,10.83075227,4.39,17.36,12.97,15.16722222,5.095322084,0.02658,150.0,149.97342,43.18438667,96.49363706,90.2,4200.0,4109.8,1174.855556,2247.911683,54.8,2349.0,2294.2,635.6444444,1209.261001,35.4,1851.0,6.1167,5.69205,6.1167,1.65056,5.69205,1.65056,6.1167,6.1167,6.1167,4,1,1,2887.93,1.93468,367.573,1272.79,657.881,14.8489,51.4169,26.5765,307.565,0.1065,0.0550479,1.44397,0.0005,0.000258441,0.0,0.1,0.2,0.6,0.0,0.0,0.0,0.0,0.0,0.1,0,0.0,0,0.0,0,0.0,0,0.0,0.0,0,0,0.0,0,0,0,0,0,0,0
MVY,8,14,6,10.0,4.242640687,1.52,2.1,0.58,1.713333333,0.410121933,85,101,16,95.66666667,11.3137085,12.06,17.36,5.3,15.59333333,3.74766594,0.02658,150.0,149.97342,50.01772,106.0472223,90.2,3173.0,3082.8,1117.8,2179.868785,54.8,1687.0,1632.2,598.8666667,1154.139688,35.4,1486.0,3.69602,2.87639,3.69602,2.87639,1.7371,1.2139,3.69602,3.69602,3.43329,2,1,1,572.025,2.09302,33.5869,587.158,280.531,0.0,0.0,0.0,4.86221,0.0085,0.00406111,0.0,0.0,0.0,0.0,0.2,0.0,0.6,0.0,0.0,0.0,0.2,0.0,0.0,0,0.0,0,0.0,0,0.0,0,0.0,0.0,0,0,0.0,0,0,0,0,0,0,2
MVY,8,14,6,9.664896499,4.242640687,1.52,2.1,0.58,1.680939995,0.410121933,85,101,16,96.560276,11.3137085,12.06,17.36,5.3,15.88934143,3.74766594,0.02658,150.0,149.97342,41.64161699,106.0472223,90.2,3173.0,3082.8,945.6238214,2179.868785,54.8,1687.0,1632.2,507.7073444,1154.139688,35.4,1486.0,3.91654,3.64364,3.91654,1.15832,3.64364,1.15832,3.91654,3.91654,3.90965,2,1,1,539.932,2.11117,65.8475,1219.55,577.665,0.0,0.0,0.0,22.8391,0.0423,0.0200362,0.0,0.0,0.0,0.0,0.2,0.0,0.6,0.0,0.0,0.0,0.2,0.0,0.0,0,0.0,0,0.0,0,0.0,0,0.0,0.0,0,0,0.0,0,0,0,0,0,0,2
MWW,8,14,6,10.0,4.242640687,1.52,2.1,0.58,1.713333333,0.410121933,85,101,16,95.66666667,11.3137085,12.06,17.36,5.3,15.59333333,3.74766594,0.02658,150.0,149.97342,50.01772,106.0472223,90.2,3173.0,3082.8,1117.8,2179.868785,54.8,1687.0,1632.2,598.8666667,1154.139688,35.4,1486.0,9.62791,4.85892,6.12064,4.85892,4.85892,2.54084,6.12064,6.12064,9.62791,2,2,2,4518.75,1.7661,823.464,1822.33,1031.83,3.40256,7.52988,4.26355,750.564,0.1661,0.0940488,0.0,0.0,0.0,0.0,0.25,0.333333333,0.25,0.0,0.0,0.0,0.166666667,0.0,0.0,0,0.0,0,0.0,0,0.0,0,0.0,0.0,0,0,0.0,0,0,0,0,0,0,2
MWW,4,14,10,9.333333333,4.303314829,1.52,2.1,0.58,1.675333333,0.369641969,77,101,24,95.13333333,12.26859888,4.85,17.36,12.51,15.11266667,5.178782747,0.02658,190.0,189.97342,52.68438667,108.3111119,90.2,3173.0,3082.8,1089.066667,2043.983289,54.8,1687.0,1632.2,590.4,1094.108211,35.4,1486.0,9.39194,4.55861,5.9984,4.55861,4.55861,2.51437,5.9984,5.9984,9.39194,2,3,2,4361.0,1.64723,891.817,2044.98,1241.47,0.0,0.0,0.0,847.342,0.1943,0.117956,0.0,0.0,0.0,0.0,0.25,0.333333333,0.25,0.0,0.0,0.0,0.166666667,0.0,0.0,0,0.0,0,0.0,0,0.0,0,0.0,0.0,0,0,0.0,0,0,0,0,0,0,0
NAB,8,14,6,10.0,4.242640687,1.52,2.1,0.58,1.713333333,0.410121933,85,101,16,95.66666667,11.3137085,12.06,17.36,5.3,15.59333333,3.74766594,0.02658,150.0,149.97342,50.01772,106.0472223,90.2,3173.0,3082.8,1117.8,2179.868785,54.8,1687.0,1632.2,598.8666667,1154.139688,35.4,1486.0,4.25181,3.5145,4.25181,3.5145,3.5145,3.5145,4.25181,4.25181,4.25181,1,3,3,621.537,1.60524,154.896,2492.14,1552.5,0.0,0.0,0.0,40.3999,0.065,0.0404923,0.0,0.0,0.0,0.25,0.25,0.0,0.0,0.0,0.25,0.25,0.0,0.0,0.0,0,0.0,0,0.0,0,0.0,0,0.0,0.0,0,0,0.0,0,0,0,0,0,0,2
NAB,8,14,6,9.866666667,3.763072453,1.52,2.1,0.58,1.678666667,0.334685353,80,101,21,95.0,12.19265001,10.0,17.36,7.36,15.31866667,4.17427667,0.02658,235.0,234.97342,61.35105333,127.5581437,90.2,3173.0,3082.8,1067.0,1963.904425,54.8,1687.0,1632.2,498.396,939.0837544,35.4,1858.53,3.76458,3.13712,3.76458,3.10894,3.10894,3.13712,3.76458,3.76458,3.76458,1,3,3,1180.77,1.58264,334.138,2829.82,1788.03,0.0,0.0,0.0,92.6908,0.0785,0.0496006,0.0,0.0,0.0,0.25,0.25,0.0,0.0,0.0,0.25,0.25,0.0,0.0,0.0,0,0.0,0,0.0,0,0.0,0,0.0,0.0,0,0,0.0,0,0,0,0,0,0,0
NAT,8,14,6,10.0,4.242640687,1.52,2.1,0.58,1.713333333,0.410121933,85,101,16,95.66666667,11.3137085,12.06,17.36,5.3,15.59333333,3.74766594,0.02658,150.0,149.97342,50.01772,106.0472223,90.2,3173.0,3082.8,1117.8,2179.868785,54.8,1687.0,1632.2,598.8666667,1154.139688,35.4,1486.0,4.46099,4.32016,4.46099,2.92648,2.92648,4.32016,4.46099,4.46099,4.46099,1,3,3,1231.5,1.62033,294.056,2387.79,1473.64,0.0,0.0,0.0,104.308,0.0847,0.0522733,0.0,0.0,0.0,0.0,0.5,0.0,0.0,0.0,0.25,0.25,0.0,0.0,0.0,0,0.0,0,0.0,0,0.0,0,0.0,0.0,0,0,0.0,0,0,0,0,0,0,2
NAT,8,14,6,10.0,4.242640687,1.52,2.1,0.58,1.713333333,0.410121933,85,101,16,95.66666667,11.3137085,12.06,17.36,5.3,15.59333333,3.74766594,0.02658,150.0,149.97342,50.01772,106.0472223,90.2,3173.0,3082.8,1117.8,2179.868785,54.8,1687.0,1632.2,598.8666667,1154.139688,35.4,1486.0,3.44034,2.61396,3.44034,2.58454,2.61396,2.61396,3.44034,3.44034,3.44034,1,3,3,2250.13,1.76058,522.687,2322.92,1319.4,0.0,0.0,0.0,84.1549,0.0374,0.021243,0.0,0.0,0.0,0.0,0.5,0.0,0.0,0.0,0.25,0.25,0.0,0.0,0.0,0,0.0,0,0.0,0,0.0,0,0.0,0.0,0,0,0.0,0,0,0,0,0,0,2
NES,8,14,6,10.0,4.242640687,1.52,2.1,0.58,1.713333333,0.410121933,85,101,16,95.66666667,11.3137085,12.06,17.36,5.3,15.59333333,3.74766594,0.02658,150.0,149.97342,50.01772,106.0472223,90.2,3173.0,3082.8,1117.8,2179.868785,54.8,1687.0,1632.2,598.8666667,1154.139688,35.4,1486.0,6.98191,5.00696,6.44102,5.00696,5.00696,2.00409,6.98191,6.44102,6.98191,2,2,2,8271.14,1.64052,1324.97,1601.93,976.474,31.0789,37.5751,22.9044,1207.59,0.146,0.0889962,4.13557,0.0005,0.000304781,0.0,0.2,0.5,0.2,0.0,0.0,0.0,0.1,0.0,0.0,0,0.0,0,0.0,0,0.0,0,0.0,0.0,0,0,0.0,0,0,0,0,0,0,2
NES,8,14,6,10.0,4.242640687,1.52,2.1,0.58,1.713333333,0.410121933,85,101,16,95.66666667,11.3137085,12.06,17.36,5.3,15.59333333,3.74766594,0.02658,150.0,149.97342,50.01772,106.0472223,90.2,3173.0,3082.8,1117.8,2179.868785,54.8,1687.0,1632.2,598.8666667,1154.139688,35.4,1486.0,6.19741,4.79049,6.19741,4.79049,1.73432,4.79049,6.16945,6.19741,6.19741,2,2,2,3835.62,1.76881,666.366,1737.31,982.192,17.5699,45.8072,25.8972,617.535,0.161,0.0910216,2.68493,0.0007,0.000395746,0.0,0.2,0.5,0.2,0.0,0.0,0.0,0.1,0.0,0.0,0,0.0,0,0.0,0,0.0,0,0.0,0.0,0,0,0.0,0,0,0,0,0,0,2
NON,8,14,6,10.0,4.242640687,1.52,2.1,0.58,1.713333333,0.410121933,85,101,16,95.66666667,11.3137085,12.06,17.36,5.3,15.59333333,3.74766594,0.02658,150.0,149.97342,50.01772,106.0472223,90.2,3173.0,3082.8,1117.8,2179.868785,54.8,1687.0,1632.2,598.8666667,1154.139688,35.4,1486.0,6.44031,2.24285,6.44031,2.2099,2.24285,2.24285,6.44031,6.44031,6.44031,0,0,0,4987.72,1.76031,0.0,0.0,0.0,661.94,1327.14,753.925,0.0,0.0,0.0,419.467,0.0841,0.0477757,0.0,0.166666667,0.5,0.333333333,0.0,0.0,0.0,0.0,0.0,0.0,0,0.0,0,0.0,0,0.0,0,0.0,0.0,0,0,0.0,0,0,0,0,0,0,1
NON,7,15,8,9.666666667,5.656854249,1.55,1.8,0.25,1.633333333,0.176776695,90,100,10,96.66666667,7.071067812,13.54,17.02,3.48,14.7,2.460731599,0.02583,0.236,0.21017,0.095886667,0.148612632,77.36,550.0,472.64,234.9066667,334.2069491,63.05,317.3,254.25,147.8,179.7818991,14.31,232.7,6.14653,2.03456,6.14653,2.03456,2.03456,2.03456,6.14653,6.14653,6.14653,0,0,0,4561.9,1.92462,0.0,0.0,0.0,740.436,1623.09,843.329,0.0,0.0,0.0,444.329,0.0974,0.0506075,0.0,0.166666667,0.5,0.333333333,0.0,0.0,0.0,0.0,0.0,0.0,0,0.0,0,0.0,0,0.0,0,0.0,0.0,0,0,0.0,0,0,0,0,0,0,7
NPO,8,14,6,10.0,4.242640687,1.52,2.1,0.58,1.713333333,0.410121933,85,101,16,95.66666667,11.3137085,12.06,17.36,5.3,15.59333333,3.74766594,0.02658,150.0,149.97342,50.01772,106.0472223,90.2,3173.0,3082.8,1117.8,2179.868785,54.8,1687.0,1632.2,598.8666667,1154.139688,35.4,1486.0,4.17009,3.64695,4.17009,2.02323,2.01637,3.64695,4.17009,4.17009,4.17009,1,1,1,320.672,1.8668,30.493,950.908,509.378,2.18797,68.2308,36.5496,7.632,0.0238,0.0127491,0.160336,0.0005,0.000267838,0.333333333,0.0,0.0,0.333333333,0.0,0.0,0.0,0.0,0.0,0.333333333,0,0.0,0,0.0,0,0.0,0,0.0,0.0,0,0,0.0,0,0,0,0,0,0,2
NPO,7,15,8,9.666666667,5.656854249,1.55,1.8,0.25,1.633333333,0.176776695,90,100,10,96.66666667,7.071067812,13.54,17.02,3.48,14.7,2.460731599,0.02583,0.236,0.21017,0.095886667,0.148612632,77.36,550.0,472.64,234.9066667,334.2069491,63.05,317.3,254.25,147.8,179.7818991,14.31,232.7,4.08091,3.73999,4.08091,3.73999,1.19568,1.28832,4.08091,4.08091,4.0809,2,1,1,553.954,2.12188,61.9244,1117.86,526.827,0.0,0.0,0.0,25.8696,0.0467,0.0220088,0.0,0.0,0.0,0.333333333,0.0,0.0,0.333333333,0.0,0.0,0.0,0.0,0.0,0.333333333,0,0.0,0,0.0,0,0.0,0,0.0,0.0,0,0,0.0,0,0,0,0,0,0,7
NPT,8,14,6,10.0,4.242640687,1.52,2.1,0.58,1.713333333,0.410121933,85,101,16,95.66666667,11.3137085,12.06,17.36,5.3,15.59333333,3.74766594,0.02658,150.0,149.97342,50.01772,106.0472223,90.2,3173.0,3082.8,1117.8,2179.868785,54.8,1687.0,1632.2,598.8666667,1154.139688,35.4,1486.0,10.23043,3.51958,6.09582,3.51958,3.51958,3.51958,6.09582,6.09582,6.09582,1,3,3,2675.78,1.34233,725.007,2709.52,2018.51,0.0,0.0,0.0,480.302,0.1795,0.133722,0.0,0.0,0.0,0.4,0.2,0.0,0.0,0.0,0.4,0.0,0.0,0.0,0.0,0,0.0,0,0.0,0,0.0,0,0.0,0.0,0,0,0.0,0,0,0,0,0,0,2
NPT,8,14,6,10.0,4.242640687,1.52,2.1,0.58,1.713333333,0.410121933,85,101,16,95.66666667,11.3137085,12.06,17.36,5.3,15.59333333,3.74766594,0.02658,150.0,149.97342,50.01772,106.0472223,90.2,3173.0,3082.8,1117.8,2179.868785,54.8,1687.0,1632.2,598.8666667,1154.139688,35.4,1486.0,9.48818,3.16118,5.58896,3.16118,3.16118,3.16118,5.58896,5.58896,5.58896,1,3,3,19365.6,1.45671,5455.08,2816.88,1933.73,0.0,0.0,0.0,3592.33,0.1855,0.127342,0.0,0.0,0.0,0.4,0.2,0.0,0.0,0.0,0.4,0.0,0.0,0.0,0.0,0,0.0,0,0.0,0,0.0,0,0.0,0.0,0,0,0.0,0,0,0,0,0,0,2
NSI,8,14,6,10.0,4.242640687,1.52,2.1,0.58,1.713333333,0.410121933,85,101,16,95.66666667,11.3137085,12.06,17.36,5.3,15.59333333,3.74766594,0.02658,150.0,149.97342,50.01772,106.0472223,90.2,3173.0,3082.8,1117.8,2179.868785,54.8,1687.0,1632.2,598.8666667,1154.139688,35.4,1486.0,4.09667,3.24179,3.96992,2.52659,3.24179,2.38535,4.09667,3.96992,4.09667,2,1,1,638.94,1.87383,82.1639,1285.94,686.265,0.0,0.0,0.0,20.7016,0.0324,0.0172908,0.0,0.0,0.0,0.0,0.0,0.2,0.6,0.0,0.2,0.0,0.0,0.0,0.0,0,0.0,0,0.0,0,0.0,0,0.0,0.0,0,0,0.0,0,0,0,0,0,0,2
NSI,4,14,10,9.420011749,4.245310642,1.52,2.1,0.58,1.661850401,0.400794633,77,101,24,96.81280595,11.56350652,4.85,17.36,12.51,15.92031134,4.132252026,0.02658,190.0,189.97342,38.87037478,106.7512995,90.2,3173.0,3082.8,874.1809281,2151.463413,54.8,1687.0,1632.2,471.0507147,1141.855833,35.4,1486.0,3.61466,2.8528,3.61466,1.50209,2.8528,1.79255,3.61466,3.61466,3.59037,4,1,1,1145.34,2.09067,151.405,1321.92,632.296,0.0,0.0,0.0,33.2149,0.029,0.0138712,0.0,0.0,0.0,0.0,0.0,0.2,0.6,0.0,0.2,0.0,0.0,0.0,0.0,0,0.0,0,0.0,0,0.0,0,0.0,0.0,0,0,0.0,0,0,0,0,0,0,0
OBW,8,14,6,10.0,4.242640687,1.52,2.1,0.58,1.713333333,0.410121933,85,101,16,95.66666667,11.3137085,12.06,17.36,5.3,15.59333333,3.74766594,0.02658,150.0,149.97342,50.01772,106.0472223,90.2,3173.0,3082.8,1117.8,2179.868785,54.8,1687.0,1632.2,598.8666667,1154.139688,35.4,1486.0,9.2007,5.12303,9.2007,5.12303,5.12303,3.55852,9.2007,9.2007,9.2007,1,3,3,5971.38,1.26983,1607.46,2691.94,2119.92,0.0,0.0,0.0,1260.56,0.2111,0.166242,0.0,0.0,0.0,0.444444444,0.111111111,0.0,0.0,0.0,0.333333333,0.0,0.111111111,0.0,0.0,0,0.0,0,0.0,0,0.0,0,0.0,0.0,0,0,0.0,0,0,0,0,0,0,2
OFF,8,14,6,10.0,4.242640687,1.52,2.1,0.58,1.713333333,0.410121933,85,101,16,95.66666667,11.3137085,12.06,17.36,5.3,15.59333333,3.74766594,0.02658,150.0,149.97342,50.01772,106.0472223,90.2,3173.0,3082.8,1117.8,2179.868785,54.8,1687.0,1632.2,598.8666667,1154.139688,35.4,1486.0,7.49881,6.70011,7.49881,3.6631,3.6631,6.70011,7.22548,7.22548,7.49881,1,3,3,1159.92,1.54828,242.84,2093.58,1352.2,14.6152,126.001,81.381,227.113,0.1958,0.126463,1.73989,0.0015,0.000968814,0.0,0.375,0.0,0.375,0.0,0.125,0.0,0.0,0.0,0.125,0,0.0,0,0.0,0,0.0,0,0.0,0.0,0,0,0.0,0,0,0,0,0,0,2
OKO,8,14,6,10.0,4.242640687,1.52,2.1,0.58,1.713333333,0.410121933,85,101,16,95.66666667,11.3137085,12.06,17.36,5.3,15.59333333,3.74766594,0.02658,150.0,149.97342,50.01772,106.0472223,90.2,3173.0,3082.8,1117.8,2179.868785,54.8,1687.0,1632.2,598.8666667,1154.139688,35.4,1486.0,6.6433,5.8441,6.6433,1.27542,5.04325,5.8441,6.6433,6.6433,6.6433,2,2,2,3884.59,1.74651,603.124,1552.61,888.976,0.0,0.0,0.0,539.958,0.139,0.0795872,0.0,0.0,0.0,0.0,0.0625,0.625,0.125,0.0,0.0,0.0,0.0625,0.0,0.125,0,0.0,0,0.0,0,0.0,0,0.0,0.0,0,0,0.0,0,0,0,0,0,0,2
OKO,8,15,7,10.0,4.082482905,1.52,1.84,0.32,1.62,0.200665559,80,101,21,95.66666667,11.4212278,10.0,17.36,7.36,16.07666667,3.847229884,0.02658,235.0,234.97342,39.22372,123.8198386,90.2,2792.0,2701.8,617.1333333,1395.849425,54.8,933.47,878.67,244.995,456.0418076,35.4,1858.53,6.78274,5.91194,6.78274,1.46091,5.00047,5.91194,6.30231,6.78274,6.78274,2,2,2,3855.79,1.75956,663.321,1720.32,977.703,5.54585,14.3832,8.17431,636.206,0.165,0.0937737,0.385579,0.0001,5.68e-05,0.0,0.0625,0.625,0.125,0.0,0.0,0.0,0.0625,0.0,0.125,0,0.0,0,0.0,0,0.0,0,0.0,0.0,0,0,0.0,0,0,0,0,0,0,4
OSI,8,14,6,10.0,4.242640687,1.52,2.1,0.58,1.713333333,0.410121933,85,101,16,95.66666667,11.3137085,12.06,17.36,5.3,15.59333333,3.74766594,0.02658,150.0,149.97342,50.01772,106.0472223,90.2,3173.0,3082.8,1117.8,2179.868785,54.8,1687.0,1632.2,598.8666667,1154.139688,35.4,1486.0,6.60238,6.22168,6.60238,2.37993,2.37993,6.22168,6.60238,6.60238,6.60238,2,1,1,1804.14,1.76965,193.543,1072.77,606.206,12.9673,71.8754,40.6156,168.327,0.0933,0.0527223,1.08249,0.0006,0.00033905,0.0,0.333333333,0.0,0.5,0.0,0.0,0.0,0.0,0.0,0.166666667,0,0.0,0,0.0,0,0.0,0,0.0,0.0,0,0,0.0,0,0,0,0,0,0,2
OSI,8,14,6,9.408163265,4.242640687,1.52,2.1,0.58,1.656122449,0.410121933,85,101,16,97.24489796,11.3137085,12.06,17.36,5.3,16.11612245,3.74766594,0.02658,150.0,149.97342,35.22442347,106.0472223,90.2,3173.0,3082.8,813.7142857,2179.868785,54.8,1687.0,1632.2,437.8673469,1154.139688,35.4,1486.0,6.47218,5.54215,6.47218,1.8052,1.8052,5.54215,6.46601,6.47218,6.47218,2,1,1,1699.19,1.90685,195.996,1153.47,604.907,9.87663,58.1256,30.4825,171.618,0.101,0.0529669,0.679675,0.0004,0.00020977,0.0,0.333333333,0.0,0.5,0.0,0.0,0.0,0.0,0.0,0.166666667,0,0.0,0,0.0,0,0.0,0,0.0,0.0,0,0,0.0,0,0,0,0,0,0,2
OWE,8,14,6,10.0,4.242640687,1.52,2.1,0.58,1.713333333,0.410121933,85,101,16,95.66666667,11.3137085,12.06,17.36,5.3,15.59333333,3.74766594,0.02658,150.0,149.97342,50.01772,106.0472223,90.2,3173.0,3082.8,1117.8,2179.868785,54.8,1687.0,1632.2,598.8666667,1154.139688,35.4,1486.0,5.71462,3.72543,5.71462,3.72543,3.53567,1.76178,5.71462,5.71462,5.71462,1,2,2,934.041,1.70908,180.094,1928.11,1128.16,0.0,0.0,0.0,90.9756,0.0974,0.0569898,0.0,0.0,0.0,0.0,0.428571429,0.0,0.142857143,0.0,0.428571429,0.0,0.0,0.0,0.0,0,0.0,0,0.0,0,0.0,0,0.0,0.0,0,0,0.0,0,0,0,0,0,0,2
PAR,8,14,6,9.92,4.242640687,1.52,2.1,0.58,1.7056,0.410121933,85,101,16,95.88,11.3137085,12.06,17.36,5.3,15.664,3.74766594,0.02658,150.0,149.97342,48.0180744,106.0472223,90.2,3173.0,3082.8,1076.696,2179.868785,54.8,1687.0,1632.2,577.104,1154.139688,35.4,1486.0,4.14991,3.55094,4.14991,1.01493,1.74199,3.55094,4.14991,4.14991,4.14991,2,1,1,1756.36,1.8783,206.349,1174.87,625.497,0.0,0.0,0.0,57.7841,0.0329,0.0175158,0.0,0.0,0.0,0.0,0.285714286,0.0,0.428571429,0.0,0.142857143,0.0,0.142857143,0.0,0.0,0,0.0,0,0.0,0,0.0,0,0.0,0.0,0,0,0.0,0,0,0,0,0,0,2
PAR,8,14,6,9.674116799,4.242640687,1.52,2.1,0.58,1.681831291,0.410121933,85,101,16,96.53568854,11.3137085,12.06,17.36,5.3,15.88119683,3.74766594,0.02658,150.0,149.97342,41.87208363,106.0472223,90.2,3173.0,3082.8,950.3612112,2179.868785,54.8,1687.0,1632.2,510.2155732,1154.139688,35.4,1486.0,4.14991,3.55094,4.14991,1.01493,1.74199,3.55094,4.14991,4.14991,4.14991,2,1,1,1756.36,1.8616,267.654,1523.92,818.607,0.0,0.0,0.0,107.313,0.0611,0.0328212,0.0,0.0,0.0,0.0,0.285714286,0.0,0.428571429,0.0,0.142857143,0.0,0.142857143,0.0,0.0,0,0.0,0,0.0,0,0.0,0,0.0,0.0,0,0,0.0,0,0,0,0,0,0,2
PCR,8,14,6,10.0,4.242640687,1.52,2.1,0.58,1.713333333,0.410121933,85,101,16,95.66666667,11.3137085,12.06,17.36,5.3,15.59333333,3.74766594,0.02658,150.0,149.97342,50.01772,106.0472223,90.2,3173.0,3082.8,1117.8,2179.868785,54.8,1687.0,1632.2,598.8666667,1154.139688,35.4,1486.0,5.97185,4.13966,5.33641,1.44711,3.10113,4.13966,5.97185,5.97185,5.33641,2,2,2,3199.84,1.87081,415.117,1297.3,693.445,22.1618,69.2589,37.0208,201.91,0.0631,0.0337287,2.23989,0.0007,0.000374169,0.0,0.0,0.5,0.285714286,0.0,0.071428571,0.0,0.142857143,0.0,0.0,0,0.0,0,0.0,0,0.0,0,0.0,0.0,0,0,0.0,0,0,0,0,0,0,2
PCR,8,14,6,9.503934058,4.242640687,1.52,2.1,0.58,1.665380292,0.410121933,85,101,16,96.98950918,11.3137085,12.06,17.36,5.3,16.03152492,3.74766594,0.02658,150.0,149.97342,37.61826901,106.0472223,90.2,3173.0,3082.8,862.9213188,2179.868785,54.8,1687.0,1632.2,463.9201948,1154.139688,35.4,1486.0,5.49573,3.94998,5.38132,1.65758,3.50824,3.94998,5.43741,5.49572,5.38132,2,2,2,3147.32,1.90203,558.217,1773.63,932.49,0.0220625,0.0700992,0.0368549,326.692,0.1038,0.0545732,0.0,0.0,0.0,0.0,0.0,0.5,0.285714286,0.0,0.071428571,0.0,0.142857143,0.0,0.0,0,0.0,0,0.0,0,0.0,0,0.0,0.0,0,0,0.0,0,0,0,0,0,0,2
PHI,8,14,6,10.0,4.242640687,1.52,2.1,0.58,1.713333333,0.410121933,85,101,16,95.66666667,11.3137085,12.06,17.36,5.3,15.59333333,3.74766594,0.02658,150.0,149.97342,50.01772,106.0472223,90.2,3173.0,3082.8,1117.8,2179.868785,54.8,1687.0,1632.2,598.8666667,1154.139688,35.4,1486.0,5.34169,3.63129,5.34169,3.63129,3.05479,3.25316,5.34169,5.34169,5.2328,1,3,3,1953.7,1.63418,441.662,2260.64,1383.35,0.0,0.0,0.0,180.522,0.0924,0.0565421,0.0,0.0,0.0,0.0,0.571428571,0.0,0.0,0.0,0.428571429,0.0,0.0,0.0,0.0,0,0.0,0,0.0,0,0.0,0,0.0,0.0,0,0,0.0,0,0,0,0,0,0,2
PON,8,14,6,10.0,4.242640687,1.52,2.1,0.58,1.713333333,0.410121933,85,101,16,95.66666667,11.3137085,12.06,17.36,5.3,15.59333333,3.74766594,0.02658,150.0,149.97342,50.01772,106.0472223,90.2,3173.0,3082.8,1117.8,2179.868785,54.8,1687.0,1632.2,598.8666667,1154.139688,35.4,1486.0,4.86517,4.23517,4.86517,4.23517,1.90609,2.15171,4.86517,4.83256,4.86517,2,1,1,1320.57,1.81326,206.9,1566.75,864.056,0.0,0.0,0.0,84.9124,0.0643,0.0354611,0.0,0.0,0.0,0.0,0.230769231,0.0,0.538461538,0.0,0.0,0.0,0.230769231,0.0,0.0,0,0.0,0,0.0,0,0.0,0,0.0,0.0,0,0,0.0,0,0,0,0,0,0,2
POR,8,14,6,10.0,4.242640687,1.52,2.1,0.58,1.713333333,0.410121933,85,101,16,95.66666667,11.3137085,12.06,17.36,5.3,15.59333333,3.74766594,0.02658,150.0,149.97342,50.01772,106.0472223,90.2,3173.0,3082.8,1117.8,2179.868785,54.8,1687.0,1632.2,598.8666667,1154.139688,35.4,1486.0,6.08238,3.69533,6.04945,3.69533,3.69533,3.3724,6.04945,5.45846,6.04945,1,3,3,3643.2,1.75269,708.761,1945.43,1109.97,0.0,0.0,0.0,366.871,0.1007,0.0574546,0.0,0.0,0.0,0.0,0.416666667,0.0,0.25,0.0,0.333333333,0.0,0.0,0.0,0.0,0,0.0,0,0.0,0,0.0,0,0.0,0.0,0,0,0.0,0,0,0,0,0,0,2
POR,8,32,24,11.86855647,11.79286313,1.52,2.11,0.59,1.682337275,0.394961284,84,101,17,96.43314977,11.11745346,12.06,17.36,5.3,16.07980229,3.175593873,0.02658,150.0,149.97342,30.67731696,82.60023076,90.2,3173.0,3082.8,936.7627516,2059.798737,54.8,1687.0,1632.2,450.0190485,979.6666947,35.4,1881.6,5.53231,3.56813,5.5323,3.56471,3.56813,3.14796,5.53231,5.5323,5.49722,1,3,3,3662.54,1.76932,850.232,2321.43,1312.05,0.0,0.0,0.0,469.903,0.1283,0.0725138,0.0,0.0,0.0,0.0,0.416666667,0.0,0.25,0.0,0.333333333,0.0,0.0,0.0,0.0,0,0.0,0,0.0,0,0.0,0,0.0,0.0,0,0,0.0,0,0,0,0,0,0,2
POS,8,14,6,10.0,4.242640687,1.52,2.1,0.58,1.713333333,0.410121933,85,101,16,95.66666667,11.3137085,12.06,17.36,5.3,15.59333333,3.74766594,0.02658,150.0,149.97342,50.01772,106.0472223,90.2,3173.0,3082.8,1117.8,2179.868785,54.8,1687.0,1632.2,598.8666667,1154.139688,35.4,1486.0,7.21442,6.51662,7.21442,5.61865,5.61865,6.51662,7.21442,7.21442,7.21442,1,3,3,4118.21,1.55053,750.533,1822.47,1175.39,0.499511,1.21293,0.782271,801.404,0.1946,0.125506,0.0,0.0,0.0,0.0,0.375,0.1875,0.25,0.0,0.0,0.0,0.0,0.125,0.0625,0,0.0,0,0.0,0,0.0,0,0.0,0.0,0,0,0.0,0,0,0,0,0,0,2
PSI,8,14,6,10.0,4.242640687,1.52,2.1,0.58,1.713333333,0.410121933,85,101,16,95.66666667,11.3137085,12.06,17.36,5.3,15.59333333,3.74766594,0.02658,150.0,149.97342,50.01772,106.0472223,90.2,3173.0,3082.8,1117.8,2179.868785,54.8,1687.0,1632.2,598.8666667,1154.139688,35.4,1486.0,5.72603,4.78925,5.61341,4.78925,1.67176,1.78287,5.61341,5.72603,5.72603,4,1,1,7001.22,2.05209,399.872,571.146,278.324,34.4995,49.2764,24.0128,260.445,0.0372,0.0181279,2.80049,0.0004,0.000194923,0.0,0.060606061,0.0,0.878787879,0.0,0.03030303,0.0,0.03030303,0.0,0.0,0,0.0,0,0.0,0,0.0,0,0.0,0.0,0,0,0.0,0,0,0,0,0,0,2
PTF,8,14,6,10.0,4.242640687,1.52,2.1,0.58,1.713333333,0.410121933,85,101,16,95.66666667,11.3137085,12.06,17.36,5.3,15.59333333,3.74766594,0.02658,150.0,149.97342,50.01772,106.0472223,90.2,3173.0,3082.8,1117.8,2179.868785,54.8,1687.0,1632.2,598.8666667,1154.139688,35.4,1486.0,8.0587,4.85879,8.0587,4.85879,2.23098,4.85879,8.0587,8.0587,8.0587,2,2,2,4991.54,1.59906,878.26,1759.5,1100.34,4.10815,8.23022,5.14693,867.529,0.1738,0.108689,0.0,0.0,0.0,0.0,0.444444444,0.222222222,0.111111111,0.0,0.166666667,0.0,0.055555556,0.0,0.0,0,0.0,0,0.0,0,0.0,0,0.0,0.0,0,0,0.0,0,0,0,0,0,0,2
PTO,8,14,6,10.0,4.242640687,1.52,2.1,0.58,1.713333333,0.410121933,85,101,16,95.66666667,11.3137085,12.06,17.36,5.3,15.59333333,3.74766594,0.02658,150.0,149.97342,50.01772,106.0472223,90.2,3173.0,3082.8,1117.8,2179.868785,54.8,1687.0,1632.2,598.8666667,1154.139688,35.4,1486.0,5.24623,3.75199,5.24623,1.59005,3.75199,3.75199,5.24623,5.24623,5.24623,1,2,2,2640.36,1.81379,410.045,1552.99,856.215,0.00949641,0.0359664,0.0198294,247.137,0.0936,0.0516047,0.0,0.0,0.0,0.0,0.1875,0.5,0.1875,0.0625,0.0,0.0625,0.0,0.0,0.0,0,0.0,0,0.0,0,0.0,0,0.0,0.0,0,0,0.0,0,0,0,0,0,0,2
PTO,8,14,6,9.944894652,4.242640687,1.52,2.1,0.58,1.708006483,0.410121933,85,101,16,95.81361426,11.3137085,12.06,17.36,5.3,15.64200972,3.74766594,0.02658,150.0,149.97342,48.64033041,106.0472223,90.2,3173.0,3082.8,1089.486872,2179.868785,54.8,1687.0,1632.2,583.876175,1154.139688,35.4,1486.0,5.33625,3.86727,5.33625,1.80607,3.86727,3.86727,5.33625,5.33625,5.33625,1,2,2,2669.03,1.7943,480.158,1798.99,1002.62,21.1318,79.1738,44.1252,339.501,0.1272,0.0708912,0.80071,0.0003,0.000167196,0.0,0.1875,0.5,0.1875,0.0625,0.0,0.0625,0.0,0.0,0.0,0,0.0,0,0.0,0,0.0,0,0.0,0.0,0,0,0.0,0,0,0,0,0,0,2
PTT,8,14,6,10.0,4.242640687,1.52,2.1,0.58,1.713333333,0.410121933,85,101,16,95.66666667,11.3137085,12.06,17.36,5.3,15.59333333,3.74766594,0.02658,150.0,149.97342,50.01772,106.0472223,90.2,3173.0,3082.8,1117.8,2179.868785,54.8,1687.0,1632.2,598.8666667,1154.139688,35.4,1486.0,6.81465,3.24809,6.81465,3.24808,3.24809,1.83513,6.81465,6.81465,6.81465,1,2,2,1453.96,1.6469,216.318,1487.78,903.385,50.3898,346.57,210.438,143.36,0.0986,0.0598701,21.0824,0.0145,0.00880443,0.0,0.428571429,0.0,0.428571429,0.0,0.142857143,0.0,0.0,0.0,0.0,0,0.0,0,0.0,0,0.0,0,0.0,0.0,0,0,0.0,0,0,0,0,0,0,2
PTY,8,14,6,10.0,4.242640687,1.52,2.1,0.58,1.713333333,0.410121933,85,101,16,95.66666667,11.3137085,12.06,17.36,5.3,15.59333333,3.74766594,0.02658,150.0,149.97342,50.01772,106.0472223,90.2,3173.0,3082.8,1117.8,2179.868785,54.8,1687.0,1632.2,598.8666667,1154.139688,35.4,1486.0,5.05404,4.5743,5.05404,4.5743,1.37503,3.3704,5.05404,5.05329,5.00781,1,2,2,588.403,1.69564,119.175,2025.4,1194.48,0.0,0.0,0.0,65.7246,0.1117,0.0658749,0.0,0.0,0.0,0.0,0.375,0.375,0.0,0.0,0.125,0.0,0.125,0.0,0.0,0,0.0,0,0.0,0,0.0,0,0.0,0.0,0,0,0.0,0,0,0,0,0,0,2
PTY,8,32,24,14.73381295,16.97056275,1.52,2.11,0.59,1.685539568,0.417193001,84,101,17,96.23021583,12.02081528,13.63,17.36,3.73,16.31345324,2.637508294,0.02658,60.0,59.97342,16.85365468,42.40761197,90.2,3093.0,3002.8,932.7122302,2123.300243,54.8,1211.4,1156.6,379.3136691,817.8397031,35.4,1881.6,4.93797,4.52911,4.93797,4.52911,1.44994,3.19755,4.93797,4.93797,4.93797,1,2,2,585.384,1.70438,139.422,2381.71,1397.41,0.0,0.0,0.0,87.5149,0.1495,0.0877151,0.0,0.0,0.0,0.0,0.375,0.375,0.0,0.0,0.125,0.0,0.125,0.0,0.0,0,0.0,0,0.0,0,0.0,0,0.0,0.0,0,0,0.0,0,0,0,0,0,0,6
PUN,8,14,6,10.0,4.242640687,1.52,2.1,0.58,1.713333333,0.410121933,85,101,16,95.66666667,11.3137085,12.06,17.36,5.3,15.59333333,3.74766594,0.02658,150.0,149.97342,50.01772,106.0472223,90.2,3173.0,3082.8,1117.8,2179.868785,54.8,1687.0,1632.2,598.8666667,1154.139688,35.4,1486.0,5.4539,4.29385,5.4539,4.29385,4.29385,3.34501,5.4539,5.4539,5.43067,1,3,3,2405.25,1.49331,611.629,2542.89,1702.86,0.0,0.0,0.0,345.875,0.1438,0.0962961,0.0,0.0,0.0,0.142857143,0.428571429,0.0,0.0,0.0,0.142857143,0.0,0.285714286,0.0,0.0,0,0.0,0,0.0,0,0.0,0,0.0,0.0,0,0,0.0,0,0,0,0,0,0,2
PWO,8,14,6,10.0,4.242640687,1.52,2.1,0.58,1.713333333,0.410121933,85,101,16,95.66666667,11.3137085,12.06,17.36,5.3,15.59333333,3.74766594,0.02658,150.0,149.97342,50.01772,106.0472223,90.2,3173.0,3082.8,1117.8,2179.868785,54.8,1687.0,1632.2,598.8666667,1154.139688,35.4,1486.0,5.15679,4.29073,5.15679,1.27111,4.29073,4.29073,5.15679,5.15679,5.15679,1,2,2,1165.33,1.71234,235.285,2019.05,1179.12,0.0,0.0,0.0,130.866,0.1123,0.0655827,0.0,0.0,0.0,0.0,0.333333333,0.5,0.0,0.0,0.0,0.166666667,0.0,0.0,0.0,0,0.0,0,0.0,0,0.0,0,0.0,0.0,0,0,0.0,0,0,0,0,0,0,2
PWO,8,14,6,10.0,4.242640687,1.52,2.1,0.58,1.713333333,0.410121933,85,101,16,95.66666667,11.3137085,12.06,17.36,5.3,15.59333333,3.74766594,0.02658,150.0,149.97342,50.01772,106.0472223,90.2,3173.0,3082.8,1117.8,2179.868785,54.8,1687.0,1632.2,598.8666667,1154.139688,35.4,1486.0,4.90199,4.29815,4.90199,1.49823,4.29815,4.29815,4.66041,4.90199,4.90199,1,2,2,1168.43,1.70779,271.645,2324.87,1361.33,0.0,0.0,0.0,171.642,0.1469,0.0860175,0.0,0.0,0.0,0.0,0.333333333,0.5,0.0,0.0,0.0,0.166666667,0.0,0.0,0.0,0,0.0,0,0.0,0,0.0,0,0.0,0.0,0,0,0.0,0,0,0,0,0,0,2
PWW,8,14,6,10.0,4.242640687,1.52,2.1,0.58,1.713333333,0.410121933,85,101,16,95.66666667,11.3137085,12.06,17.36,5.3,15.59333333,3.74766594,0.02658,150.0,149.97342,50.01772,106.0472223,90.2,3173.0,3082.8,1117.8,2179.868785,54.8,1687.0,1632.2,598.8666667,1154.139688,35.4,1486.0,5.1688,4.78742,5.1688,1.49324,2.84965,4.78742,5.1688,5.1688,5.1688,2,2,2,2347.15,1.70031,447.566,1906.85,1121.47,0.0,0.0,0.0,253.022,0.1078,0.0634003,0.0,0.0,0.0,0.0,0.285714286,0.428571429,0.0,0.0,0.142857143,0.0,0.142857143,0.0,0.0,0,0.0,0,0.0,0,0.0,0,0.0,0.0,0,0,0.0,0,0,0,0,0,0,2
PWW,8,14,6,10.0,4.242640687,1.52,2.1,0.58,1.713333333,0.410121933,85,101,16,95.66666667,11.3137085,12.06,17.36,5.3,15.59333333,3.74766594,0.02658,150.0,149.97342,50.01772,106.0472223,90.2,3173.0,3082.8,1117.8,2179.868785,54.8,1687.0,1632.2,598.8666667,1154.139688,35.4,1486.0,5.04701,4.58966,5.04701,1.46921,2.71229,4.58966,5.04701,4.99672,5.04701,2,2,2,2324.07,1.71719,523.355,2251.89,1311.38,0.0,0.0,0.0,324.208,0.1395,0.0812374,0.0,0.0,0.0,0.0,0.285714286,0.428571429,0.0,0.0,0.142857143,0.0,0.142857143,0.0,0.0,0,0.0,0,0.0,0,0.0,0,0.0,0.0,0,0,0.0,0,0,0,0,0,0,2
RFE,8,14,6,10.0,4.242640687,1.52,2.1,0.58,1.713333333,0.410121933,85,101,16,95.66666667,11.3137085,12.06,17.36,5.3,15.59333333,3.74766594,0.02658,150.0,149.97342,50.01772,106.0472223,90.2,3173.0,3082.8,1117.8,2179.868785,54.8,1687.0,1632.2,598.8666667,1154.139688,35.4,1486.0,6.29529,5.53127,6.29529,5.53127,1.93523,1.75438,6.29529,6.29529,6.29529,2,1,1,2442.52,1.9607,205.276,840.427,428.637,0.0,0.0,0.0,156.077,0.0639,0.0325905,0.0,0.0,0.0,0.0,0.083333333,0.083333333,0.75,0.0,0.0,0.0,0.083333333,0.0,0.0,0,0.0,0,0.0,0,0.0,0,0.0,0.0,0,0,0.0,0,0,0,0,0,0,2
RHO,8,14,6,10.0,4.242640687,1.52,2.1,0.58,1.713333333,0.410121933,85,101,16,95.66666667,11.3137085,12.06,17.36,5.3,15.59333333,3.74766594,0.02658,150.0,149.97342,50.01772,106.0472223,90.2,3173.0,3082.8,1117.8,2179.868785,54.8,1687.0,1632.2,598.8666667,1154.139688,35.4,1486.0,10.37077,4.00161,10.37077,4.00161,4.00161,4.00161,10.37077,10.37077,10.37077,2,3,3,3320.62,1.44221,694.148,2090.42,1449.45,0.0,0.0,0.0,642.872,0.1936,0.134238,0.0,0.0,0.0,0.0,0.5,0.0,0.25,0.0,0.25,0.0,0.0,0.0,0.0,0,0.0,0,0.0,0,0.0,0,0.0,0.0,0,0,0.0,0,0,0,0,0,0,2
RON,8,14,6,10.1,4.242640687,1.52,2.1,0.58,1.723,0.410121933,85,101,16,95.4,11.3137085,12.06,17.36,5.3,15.505,3.74766594,0.02658,150.0,149.97342,52.517277,106.0472223,90.2,3173.0,3082.8,1169.18,2179.868785,54.8,1687.0,1632.2,626.07,1154.139688,35.4,1486.0,5.45327,4.78499,5.45327,2.12237,2.12237,4.78499,5.45327,5.45327,5.45327,2,1,1,2938.45,1.82909,355.798,1210.84,661.989,3.12052,10.6196,5.80596,212.744,0.0724,0.0395825,0.0,0.0,0.0,0.0,0.285714286,0.0,0.142857143,0.0,0.0,0.0,0.285714286,0.0,0.285714286,0,0.0,0,0.0,0,0.0,0,0.0,0.0,0,0,0.0,0,0,0,0,0,0,2
RON,8,14,6,10.0,4.242640687,1.52,2.1,0.58,1.713333333,0.410121933,85,101,16,95.66666667,11.3137085,12.06,17.36,5.3,15.59333333,3.74766594,0.02658,150.0,149.97342,50.01772,106.0472223,90.2,3173.0,3082.8,1117.8,2179.868785,54.8,1687.0,1632.2,598.8666667,1154.139688,35.4,1486.0,5.67744,5.05403,5.67744,1.07942,1.07942,5.05403,5.67744,5.67744,5.67744,2,1,1,3077.66,1.79261,380.021,1234.77,688.813,22.9515,74.5745,41.6011,297.917,0.0968,0.0539995,2.46213,0.0008,0.000446277,0.0,0.285714286,0.0,0.142857143,0.0,0.0,0.0,0.285714286,0.0,0.285714286,0,0.0,0,0.0,0,0.0,0,0.0,0.0,0,0,0.0,0,0,0,0,0,0,2
RRO,8,14,6,10.0,4.242640687,1.52,2.1,0.58,1.713333333,0.410121933,85,101,16,95.66666667,11.3137085,12.06,17.36,5.3,15.59333333,3.74766594,0.02658,150.0,149.97342,50.01772,106.0472223,90.2,3173.0,3082.8,1117.8,2179.868785,54.8,1687.0,1632.2,598.8666667,1154.139688,35.4,1486.0,4.39691,4.02723,4.39691,4.02723,1.48128,3.06685,4.39691,4.39691,4.39691,1,2,2,1007.7,1.78217,188.039,1866.02,1047.05,0.0,0.0,0.0,64.8959,0.0644,0.0361357,0.0,0.0,0.0,0.0,0.222222222,0.333333333,0.0,0.0,0.111111111,0.0,0.333333333,0.0,0.0,0,0.0,0,0.0,0,0.0,0,0.0,0.0,0,0,0.0,0,0,0,0,0,0,2
RRO,8,30,22,11.18518519,8.518696016,1.52,2.1,0.58,1.706666667,0.381174173,76,101,25,95.0,12.6007305,9.16,17.36,8.2,15.37851852,4.155267741,0.02658,150.0,149.97342,47.79549778,97.77010575,90.2,3173.0,3082.8,970.1703704,1918.677062,54.8,1687.0,1632.2,525.2133333,1017.130497,35.4,1486.0,4.5522,4.16887,4.5522,4.16887,1.43007,2.75885,4.5522,4.5522,4.40887,1,2,2,1002.48,1.79146,239.502,2389.1,1333.61,0.0,0.0,0.0,117.19,0.1169,0.0652542,0.0,0.0,0.0,0.0,0.222222222,0.333333333,0.0,0.0,0.111111111,0.0,0.333333333,0.0,0.0,0,0.0,0,0.0,0,0.0,0,0.0,0.0,0,0,0.0,0,0,0,0,0,0,2
RSN,1,8,7,5.666666667,4.949747468,1.1,1.52,0.42,1.38,0.296984848,101,103,2,101.6666667,1.414213562,11.42,17.36,5.94,15.38,4.20021428,0.02658,0.1805,0.15392,0.077886667,0.108837876,20.28,90.2,69.92,66.89333333,49.44090614,14.01,54.8,40.79,41.20333333,28.8428856,6.27,35.4,5.09668,3.7242,4.26106,3.7242,2.87342,3.7226,4.26106,5.09668,4.25999,1,3,3,2147.54,1.67251,448.681,2089.28,1249.19,0.0,0.0,0.0,140.449,0.0654,0.0391029,0.0,0.0,0.0,0.153846154,0.230769231,0.076923077,0.076923077,0.0,0.307692308,0.153846154,0.0,0.0,0.0,0,0.0,0,0.0,0,0.0,0,0.0,0.0,0,0,0.0,0,0,0,0,0,0,7
RSN,8,14,6,10.0,4.242640687,1.52,2.1,0.58,1.713333333,0.410121933,85,101,16,95.66666667,11.3137085,12.06,17.36,5.3,15.59333333,3.74766594,0.02658,150.0,149.97342,50.01772,106.0472223,90.2,3173.0,3082.8,1117.8,2179.868785,54.8,1687.0,1632.2,598.8666667,1154.139688,35.4,1486.0,4.02729,3.17588,3.97696,2.91938,2.15829,3.17588,3.8635,4.02729,3.97696,2,2,2,2144.37,1.90608,506.597,2362.45,1239.43,0.0,0.0,0.0,153.752,0.0717,0.0376165,0.0,0.0,0.0,0.153846154,0.230769231,0.076923077,0.076923077,0.0,0.307692308,0.153846154,0.0,0.0,0.0,0,0.0,0,0.0,0,0.0,0,0.0,0.0,0,0,0.0,0,0,0,0,0,0,2
RTE,8,14,6,10.0,4.242640687,1.52,2.1,0.58,1.713333333,0.410121933,85,101,16,95.66666667,11.3137085,12.06,17.36,5.3,15.59333333,3.74766594,0.02658,150.0,149.97342,50.01772,106.0472223,90.2,3173.0,3082.8,1117.8,2179.868785,54.8,1687.0,1632.2,598.8666667,1154.139688,35.4,1486.0,6.99957,3.91981,6.99957,1.85949,1.76018,3.91981,6.99957,6.99957,6.99957,2,1,1,1398.58,1.71211,225.053,1609.16,939.867,0.752115,5.37771,3.14098,151.326,0.1082,0.0631968,0.0,0.0,0.0,0.0,0.428571429,0.142857143,0.285714286,0.0,0.142857143,0.0,0.0,0.0,0.0,0,0.0,0,0.0,0,0.0,0,0.0,0.0,0,0,0.0,0,0,0,0,0,0,2
RTE,8,14,6,9.958235096,4.242640687,1.52,2.1,0.58,1.709296059,0.410121933,85,101,16,95.77803974,11.3137085,12.06,17.36,5.3,15.63022567,3.74766594,0.02658,150.0,149.97342,48.97378242,106.0472223,90.2,3173.0,3082.8,1096.341192,2179.868785,54.8,1687.0,1632.2,587.5052206,1154.139688,35.4,1486.0,6.93112,3.76052,6.93112,1.76521,1.76521,3.76052,6.93112,6.93112,6.93112,2,1,1,1386.3,1.72728,262.238,1891.64,1095.16,9.86192,71.1384,41.1853,209.054,0.1508,0.0873051,0.97041,0.0007,0.000405262,0.0,0.428571429,0.142857143,0.285714286,0.0,0.142857143,0.0,0.0,0.0,0.0,0,0.0,0,0.0,0,0.0,0,0.0,0.0,0,0,0.0,0,0,0,0,0,0,2
RTH,8,14,6,10.0,4.242640687,1.52,2.1,0.58,1.713333333,0.410121933,85,101,16,95.66666667,11.3137085,12.06,17.36,5.3,15.59333333,3.74766594,0.02658,150.0,149.97342,50.01772,106.0472223,90.2,3173.0,3082.8,1117.8,2179.868785,54.8,1687.0,1632.2,598.8666667,1154.139688,35.4,1486.0,8.11987,4.07944,7.78067,4.07944,1.60585,2.70303,7.78067,8.11987,8.11987,2,1,1,1988.84,1.60531,351.12,1765.45,1099.76,0.0,0.0,0.0,300.116,0.1509,0.0940007,0.0,0.0,0.0,0.0,0.375,0.25,0.125,0.0,0.25,0.0,0.0,0.0,0.0,0,0.0,0,0.0,0,0.0,0,0.0,0.0,0,0,0.0,0,0,0,0,0,0,2
RUT,8,14,6,10.0,4.242640687,1.52,2.1,0.58,1.713333333,0.410121933,85,101,16,95.66666667,11.3137085,12.06,17.36,5.3,15.59333333,3.74766594,0.02658,150.0,149.97342,50.01772,106.0472223,90.2,3173.0,3082.8,1117.8,2179.868785,54.8,1687.0,1632.2,598.8666667,1154.139688,35.4,1486.0,5.9011,2.4037,5.9011,2.4037,1.48166,2.4037,5.9011,5.9011,5.9011,0,0,0,1985.63,1.80889,0.0,0.0,0.0,290.566,1463.35,808.975,0.0,0.0,0.0,160.24,0.0807,0.044613,0.0,0.333333333,0.222222222,0.444444444,0.0,0.0,0.0,0.0,0.0,0.0,0,0.0,0,0.0,0,0.0,0,0.0,0.0,0,0,0.0,0,0,0,0,0,0,1
RUT,8,14,6,10.0,4.242640687,1.52,2.1,0.58,1.713333333,0.410121933,85,101,16,95.66666667,11.3137085,12.06,17.36,5.3,15.59333333,3.74766594,0.02658,150.0,149.97342,50.01772,106.0472223,90.2,3173.0,3082.8,1117.8,2179.868785,54.8,1687.0,1632.2,598.8666667,1154.139688,35.4,1486.0,5.88548,2.08591,5.88548,1.56965,1.41711,2.08591,5.88548,5.88548,5.88548,0,0,0,1924.97,1.86589,0.0,0.0,0.0,361.207,1876.43,1005.65,0.0,0.0,0.0,214.442,0.1114,0.0597034,0.0,0.333333333,0.222222222,0.444444444,0.0,0.0,0.0,0.0,0.0,0.0,0,0.0,0,0.0,0,0.0,0,0.0,0.0,0,0,0.0,0,0,0,0,0,0,1
RWR,8,14,6,10.0,4.242640687,1.52,2.1,0.58,1.713333333,0.410121933,85,101,16,95.66666667,11.3137085,12.06,17.36,5.3,15.59333333,3.74766594,0.02658,150.0,149.97342,50.01772,106.0472223,90.2,3173.0,3082.8,1117.8,2179.868785,54.8,1687.0,1632.2,598.8666667,1154.139688,35.4,1486.0,4.35619,3.16901,4.35619,3.16901,3.16901,1.60387,4.35619,4.35619,4.35619,4,1,1,1666.53,1.91577,230.208,1381.36,721.046,0.0,0.0,0.0,68.1613,0.0409,0.0213491,0.0,0.0,0.0,0.0,0.2,0.2,0.4,0.0,0.2,0.0,0.0,0.0,0.0,0,0.0,0,0.0,0,0.0,0,0.0,0.0,0,0,0.0,0,0,0,0,0,0,2
RWR,16,31,15,21.0,10.60660172,1.8,1.87,0.07,1.823333333,0.049497475,81,94,13,89.66666667,9.192388155,11.8,15.53,3.73,14.28666667,2.637508294,0.205,29.0,28.795,9.803333333,20.36113976,717.87,2477.0,1759.13,1304.246667,1243.892752,302.91,388.36,85.45,359.8766667,60.42227445,329.51,2174.09,4.16383,2.99306,4.16383,2.99306,2.99306,1.77886,4.16383,4.16383,4.16383,4,1,1,1591.1,2.00659,258.484,1624.56,809.609,0.0,0.0,0.0,90.8519,0.0571,0.0284562,0.0,0.0,0.0,0.0,0.2,0.2,0.4,0.0,0.2,0.0,0.0,0.0,0.0,0,0.0,0,0.0,0,0.0,0,0.0,0.0,0,0,0.0,0,0,0,0,0,0,6
RWY,8,14,6,10.0,4.242640687,1.52,2.1,0.58,1.713333333,0.410121933,85,101,16,95.66666667,11.3137085,12.06,17.36,5.3,15.59333333,3.74766594,0.02658,150.0,149.97342,50.01772,106.0472223,90.2,3173.0,3082.8,1117.8,2179.868785,54.8,1687.0,1632.2,598.8666667,1154.139688,35.4,1486.0,14.34449,6.23361,14.34449,6.23361,6.23361,6.23361,14.34449,14.34449,14.34449,1,3,3,5603.71,0.854621,1263.18,2254.19,2637.65,0.0,0.0,0.0,2461.71,0.4393,0.514029,0.0,0.0,0.0,0.333333333,0.0,0.0,0.0,0.0,0.333333333,0.0,0.0,0.0,0.333333333,0,0.0,0,0.0,0,0.0,0,0.0,0.0,0,0,0.0,0,0,0,0,0,0,3
RWY,8,15,7,10.0,4.082482905,1.52,1.84,0.32,1.62,0.200665559,80,101,21,95.66666667,11.4212278,10.0,17.36,7.36,16.07666667,3.847229884,0.02658,235.0,234.97342,39.22372,123.8198386,90.2,2792.0,2701.8,617.1333333,1395.849425,54.8,933.47,878.67,244.995,456.0418076,35.4,1858.53,15.21045,5.95547,15.21045,5.95547,5.95547,5.95547,15.21045,15.21045,15.21045,1,3,3,9175.53,1.16277,2167.0,2361.71,2031.11,0.0,0.0,0.0,4527.21,0.4934,0.424332,0.0,0.0,0.0,0.333333333,0.0,0.0,0.0,0.0,0.333333333,0.0,0.0,0.0,0.333333333,0,0.0,0,0.0,0,0.0,0,0.0,0.0,0,0,0.0,0,0,0,0,0,0,3
SAF,8,14,6,10.0,4.242640687,1.52,2.1,0.58,1.713333333,0.410121933,85,101,16,95.66666667,11.3137085,12.06,17.36,5.3,15.59333333,3.74766594,0.02658,150.0,149.97342,50.01772,106.0472223,90.2,3173.0,3082.8,1117.8,2179.868785,54.8,1687.0,1632.2,598.8666667,1154.139688,35.4,1486.0,6.60251,6.13189,6.60251,1.90433,1.43526,6.13189,6.60251,6.60251,6.60251,2,1,1,3368.61,1.89556,316.345,939.097,495.42,0.0959137,0.284728,0.150208,315.302,0.0936,0.0493786,0.0,0.0,0.0,0.0,0.117647059,0.0,0.823529412,0.0,0.0,0.0,0.0,0.0,0.058823529,0,0.0,0,0.0,0,0.0,0,0.0,0.0,0,0,0.0,0,0,0,0,0,0,2
SAF,8,15,7,10.0,4.082482905,1.52,1.84,0.32,1.62,0.200665559,80,101,21,95.66666667,11.4212278,10.0,17.36,7.36,16.07666667,3.847229884,0.02658,235.0,234.97342,39.22372,123.8198386,90.2,2792.0,2701.8,617.1333333,1395.849425,54.8,933.47,878.67,244.995,456.0418076,35.4,1858.53,6.6253,5.67445,6.6253,1.95952,1.89903,5.67445,6.6253,6.6253,6.6253,2,1,1,3378.31,1.91818,353.432,1046.18,545.404,26.7087,79.0592,41.2158,360.128,0.1066,0.0555736,2.02699,0.0006,0.000312797,0.0,0.117647059,0.0,0.823529412,0.0,0.0,0.0,0.0,0.0,0.058823529,0,0.0,0,0.0,0,0.0,0,0.0,0.0,0,0,0.0,0,0,0,0,0,0,4
SAO,8,14,6,10.0,4.242640687,1.52,2.1,0.58,1.713333333,0.410121933,85,101,16,95.66666667,11.3137085,12.06,17.36,5.3,15.59333333,3.74766594,0.02658,150.0,149.97342,50.01772,106.0472223,90.2,3173.0,3082.8,1117.8,2179.868785,54.8,1687.0,1632.2,598.8666667,1154.139688,35.4,1486.0,8.57615,6.72884,8.57615,6.72884,6.72884,6.72884,8.57615,8.57615,8.57615,1,3,3,3948.06,1.41518,766.051,1940.32,1371.08,9.08996,23.0239,16.2692,989.779,0.2507,0.177151,0.394806,0.0001,7.07e-05,0.0,0.454545455,0.0,0.272727273,0.0,0.0,0.0,0.0,0.0,0.272727273,0,0.0,0,0.0,0,0.0,0,0.0,0.0,0,0,0.0,0,0,0,0,0,0,2
SAO,8,15,7,9.923076923,4.151669982,1.52,1.84,0.32,1.614358974,0.20047217,80,101,21,96.06837607,11.19631974,10.0,17.36,7.36,16.23247863,3.705257362,0.02658,235.0,234.97342,34.20381538,119.2323218,90.2,2792.0,2701.8,561.3675214,1346.989968,54.8,933.47,878.67,227.3417949,441.9891636,35.4,1858.53,8.32049,6.54165,8.32049,6.54165,6.54165,6.54165,8.32049,8.32049,8.32049,1,3,3,4015.98,1.4119,825.991,2056.76,1456.73,28.4892,70.9395,50.244,1177.89,0.2933,0.207734,2.40959,0.0006,0.000424959,0.0,0.454545455,0.0,0.272727273,0.0,0.0,0.0,0.0,0.0,0.272727273,0,0.0,0,0.0,0,0.0,0,0.0,0.0,0,0,0.0,0,0,0,0,0,0,4
SAS,8,14,6,10.0,4.242640687,1.52,2.1,0.58,1.713333333,0.410121933,85,101,16,95.66666667,11.3137085,12.06,17.36,5.3,15.59333333,3.74766594,0.02658,150.0,149.97342,50.01772,106.0472223,90.2,3173.0,3082.8,1117.8,2179.868785,54.8,1687.0,1632.2,598.8666667,1154.139688,35.4,1486.0,8.9284,4.15888,8.9284,1.96216,1.96216,4.15888,8.9284,8.9284,8.9284,2,1,1,2140.88,1.4913,375.418,1753.56,1175.86,10.5277,49.1746,32.9744,373.37,0.1744,0.116945,0.428177,0.0002,0.000134111,0.0,0.4,0.0,0.4,0.0,0.2,0.0,0.0,0.0,0.0,0,0.0,0,0.0,0,0.0,0,0.0,0.0,0,0,0.0,0,0,0,0,0,0,2
SAT,8,15,7,9.896551724,4.177319715,1.52,1.84,0.32,1.612413793,0.200399601,80,101,21,96.20689655,11.11080555,10.0,17.36,7.36,16.2862069,3.650594472,0.02658,235.0,234.97342,32.47281379,117.4658221,90.2,2792.0,2701.8,542.137931,1328.204374,54.8,933.47,878.67,221.2544828,436.6028284,35.4,1858.53,6.54628,3.0483,6.54628,3.0483,3.0483,3.0483,6.54628,6.54628,6.54628,1,3,3,4339.31,1.68004,798.003,1839.01,1094.62,116.172,267.72,159.353,653.066,0.1505,0.0895812,22.5644,0.0052,0.00309516,0.0,0.428571429,0.0,0.428571429,0.0,0.142857143,0.0,0.0,0.0,0.0,0,0.0,0,0.0,0,0.0,0,0.0,0.0,0,0,0.0,0,0,0,0,0,0,4
SAV,8,14,6,10.0,4.242640687,1.52,2.1,0.58,1.713333333,0.410121933,85,101,16,95.66666667,11.3137085,12.06,17.36,5.3,15.59333333,3.74766594,0.02658,150.0,149.97342,50.01772,106.0472223,90.2,3173.0,3082.8,1117.8,2179.868785,54.8,1687.0,1632.2,598.8666667,1154.139688,35.4,1486.0,8.75671,4.04255,8.75671,3.6913,3.6913,4.04255,7.7702,8.75671,8.75671,1,3,3,3284.85,1.45792,703.784,2142.52,1469.57,6.53923,19.9072,13.6545,565.979,0.1723,0.118182,0.985455,0.0003,0.000205773,0.0,0.5,0.0,0.125,0.0,0.375,0.0,0.0,0.0,0.0,0,0.0,0,0.0,0,0.0,0,0.0,0.0,0,0,0.0,0,0,0,0,0,0,2
SBE,8,14,6,10.0,4.242640687,1.52,2.1,0.58,1.713333333,0.410121933,85,101,16,95.66666667,11.3137085,12.06,17.36,5.3,15.59333333,3.74766594,0.02658,150.0,149.97342,50.01772,106.0472223,90.2,3173.0,3082.8,1117.8,2179.868785,54.8,1687.0,1632.2,598.8666667,1154.139688,35.4,1486.0,12.47901,7.21016,12.47901,7.21016,7.21016,3.82397,12.47901,12.47901,12.47901,1,3,3,9320.78,1.37014,1715.36,1840.36,1343.19,0.173784,0.186448,0.136079,2365.61,0.2538,0.185236,0.0,0.0,0.0,0.0,0.4,0.0,0.066666667,0.0,0.466666667,0.0,0.0,0.0,0.066666667,0,0.0,0,0.0,0,0.0,0,0.0,0.0,0,0,0.0,0,0,0,0,0,0,3
SBN,8,14,6,10.0,4.242640687,1.52,2.1,0.58,1.713333333,0.410121933,85,101,16,95.66666667,11.3137085,12.06,17.36,5.3,15.59333333,3.74766594,0.02658,150.0,149.97342,50.01772,106.0472223,90.2,3173.0,3082.8,1117.8,2179.868785,54.8,1687.0,1632.2,598.8666667,1154.139688,35.4,1486.0,5.00046,3.74289,5.00046,3.74289,3.74289,2.58968,5.00046,4.83062,5.00046,2,2,2,619.37,1.61086,137.138,2214.15,1374.51,0.0,0.0,0.0,53.142,0.0858,0.0532635,0.0,0.0,0.0,0.333333333,0.333333333,0.0,0.0,0.0,0.333333333,0.0,0.0,0.0,0.0,0,0.0,0,0.0,0,0.0,0,0.0,0.0,0,0,0.0,0,0,0,0,0,0,2
SBN,8,31,23,12.48,10.86868001,1.52,2.0,0.48,1.6312,0.238562737,64,101,37,94.68,15.56479427,6.67,17.36,10.69,16.0056,4.430570302,0.02658,100.0,99.97342,10.3758344,39.00894283,90.2,3200.0,3109.8,603.496,1415.181682,54.8,1768.0,1713.2,253.7048,650.429631,35.4,2174.09,4.27179,3.13114,4.27179,3.13114,2.82833,3.10528,4.27179,4.27178,4.27179,1,3,3,1319.59,2.60366,338.027,2561.61,983.849,0.0,0.0,0.0,117.18,0.0888,0.0341059,0.0,0.0,0.0,0.333333333,0.333333333,0.0,0.0,0.0,0.333333333,0.0,0.0,0.0,0.0,0,0.0,0,0.0,0,0.0,0,0.0,0.0,0,0,0.0,0,0,0,0,0,0,6
SBS,8,14,6,10.0,4.242640687,1.52,2.1,0.58,1.713333333,0.410121933,85,101,16,95.66666667,11.3137085,12.06,17.36,5.3,15.59333333,3.74766594,0.02658,150.0,149.97342,50.01772,106.0472223,90.2,3173.0,3082.8,1117.8,2179.868785,54.8,1687.0,1632.2,598.8666667,1154.139688,35.4,1486.0,11.3932,7.20668,11.3932,7.20668,7.20668,5.6558,11.3932,11.3932,10.35076,1,3,3,6997.15,1.45998,1226.52,1752.89,1200.62,40.7709,58.2679,39.9101,1890.63,0.2702,0.185071,5.59772,0.0008,0.000547953,0.0,0.4,0.0,0.2,0.0,0.2,0.0,0.0,0.0,0.2,0,0.0,0,0.0,0,0.0,0,0.0,0.0,0,0,0.0,0,0,0,0,0,0,3
SBS,8,31,23,12.91666667,11.53783436,1.52,2.01,0.49,1.636666667,0.240292614,76,101,25,95.41666667,12.03317486,9.16,17.36,8.2,16.15666667,3.624436582,0.02658,120.0,119.97342,12.47372,46.56989996,90.2,2477.0,2386.8,456.55,961.144798,54.8,692.68,637.88,172.3825,267.2242407,35.4,2174.09,11.77643,6.86643,11.77643,6.86643,6.86643,5.9188,11.77643,11.49725,10.19388,1,3,3,7488.26,1.73816,1402.86,1873.42,1077.82,71.7014,95.7517,55.088,2283.92,0.305,0.175473,11.9812,0.0016,0.000920514,0.0,0.4,0.0,0.2,0.0,0.2,0.0,0.0,0.0,0.2,0,0.0,0,0.0,0,0.0,0,0.0,0.0,0,0,0.0,0,0,0,0,0,0,4
SBT,8,14,6,10.0,4.242640687,1.52,2.1,0.58,1.713333333,0.410121933,85,101,16,95.66666667,11.3137085,12.06,17.36,5.3,15.59333333,3.74766594,0.02658,150.0,149.97342,50.01772,106.0472223,90.2,3173.0,3082.8,1117.8,2179.868785,54.8,1687.0,1632.2,598.8666667,1154.139688,35.4,1486.0,11.10749,7.28395,11.09063,7.28395,7.28395,5.65139,10.76427,11.09063,11.10749,1,3,3,10501.1,1.4137,1837.84,1750.14,1237.99,60.6479,57.7539,40.8531,2818.49,0.2684,0.189857,7.35076,0.0007,0.000495156,0.0,0.357142857,0.0,0.214285714,0.0,0.214285714,0.0,0.0,0.0,0.214285714,0,0.0,0,0.0,0,0.0,0,0.0,0.0,0,0,0.0,0,0,0,0,0,0,3
SBT,8,14,6,9.902317881,4.242640687,1.52,2.1,0.58,1.703890728,0.410121933,85,101,16,95.92715232,11.3137085,12.06,17.36,5.3,15.67961921,3.74766594,0.02658,150.0,149.97342,47.57609975,106.0472223,90.2,3173.0,3082.8,1067.610927,2179.868785,54.8,1687.0,1632.2,572.2938742,1154.139688,35.4,1486.0,11.16939,7.29888,11.16939,7.29888,7.29888,5.86979,11.16939,11.16939,11.16939,1,3,3,11876.5,1.63612,2220.26,1869.45,1142.61,120.719,101.645,62.1256,3686.48,0.3104,0.189717,15.4395,0.0013,0.000794562,0.0,0.357142857,0.0,0.214285714,0.0,0.214285714,0.0,0.0,0.0,0.214285714,0,0.0,0,0.0,0,0.0,0,0.0,0.0,0,0,0.0,0,0,0,0,0,0,3
SEW,8,14,6,10.0,4.242640687,1.52,2.1,0.58,1.713333333,0.410121933,85,101,16,95.66666667,11.3137085,12.06,17.36,5.3,15.59333333,3.74766594,0.02658,150.0,149.97342,50.01772,106.0472223,90.2,3173.0,3082.8,1117.8,2179.868785,54.8,1687.0,1632.2,598.8666667,1154.139688,35.4,1486.0,6.66543,5.22923,6.66543,4.68498,5.22923,1.34635,6.66543,6.66543,6.66543,1,2,2,3878.11,1.69798,646.965,1668.25,982.491,0.0,0.0,0.0,561.55,0.1448,0.0852779,0.0,0.0,0.0,0.0,0.35,0.25,0.3,0.0,0.0,0.0,0.05,0.0,0.05,0,0.0,0,0.0,0,0.0,0,0.0,0.0,0,0,0.0,0,0,0,0,0,0,2
SFE,8,14,6,10.0,4.242640687,1.52,2.1,0.58,1.713333333,0.410121933,85,101,16,95.66666667,11.3137085,12.06,17.36,5.3,15.59333333,3.74766594,0.02658,150.0,149.97342,50.01772,106.0472223,90.2,3173.0,3082.8,1117.8,2179.868785,54.8,1687.0,1632.2,598.8666667,1154.139688,35.4,1486.0,6.57954,6.15325,6.57954,2.26344,6.15325,2.26344,6.57954,6.57954,6.57954,1,1,1,827.163,1.68867,120.155,1452.62,860.214,0.0693238,0.838091,0.496302,104.719,0.1266,0.0749702,0.0,0.0,0.0,0.0,0.111111111,0.222222222,0.555555556,0.0,0.0,0.0,0.0,0.0,0.111111111,0,0.0,0,0.0,0,0.0,0,0.0,0.0,0,0,0.0,0,0,0,0,0,0,2
SFE,8,14,6,10.0,4.242640687,1.52,2.1,0.58,1.713333333,0.410121933,85,101,16,95.66666667,11.3137085,12.06,17.36,5.3,15.59333333,3.74766594,0.02658,150.0,149.97342,50.01772,106.0472223,90.2,3173.0,3082.8,1117.8,2179.868785,54.8,1687.0,1632.2,598.8666667,1154.139688,35.4,1486.0,5.87182,5.48639,5.87182,2.13992,5.48639,4.37281,5.8463,5.87182,5.87182,1,2,2,749.333,0.932032,233.553,3116.81,3344.11,0.00817128,0.109047,0.117,236.34,0.3154,0.3384,0.0,0.0,0.0,0.0,0.111111111,0.222222222,0.555555556,0.0,0.0,0.0,0.0,0.0,0.111111111,0,0.0,0,0.0,0,0.0,0,0.0,0.0,0,0,0.0,0,0,0,0,0,0,2
SFF,8,14,6,10.0,4.242640687,1.52,2.1,0.58,1.713333333,0.410121933,85,101,16,95.66666667,11.3137085,12.06,17.36,5.3,15.59333333,3.74766594,0.02658,150.0,149.97342,50.01772,106.0472223,90.2,3173.0,3082.8,1117.8,2179.868785,54.8,1687.0,1632.2,598.8666667,1154.139688,35.4,1486.0,7.5349,5.27842,7.50626,1.56504,1.30814,5.27842,7.5349,7.44458,7.50626,2,1,1,1793.15,1.7805,273.854,1527.22,857.75,0.0,0.0,0.0,257.855,0.1438,0.080764,0.0,0.0,0.0,0.0,0.214285714,0.428571429,0.285714286,0.0,0.0,0.0,0.071428571,0.0,0.0,0,0.0,0,0.0,0,0.0,0,0.0,0.0,0,0,0.0,0,0,0,0,0,0,2
SFF,8,14,6,10.0,4.242640687,1.52,2.1,0.58,1.713333333,0.410121933,85,101,16,95.66666667,11.3137085,12.06,17.36,5.3,15.59333333,3.74766594,0.02658,150.0,149.97342,50.01772,106.0472223,90.2,3173.0,3082.8,1117.8,2179.868785,54.8,1687.0,1632.2,598.8666667,1154.139688,35.4,1486.0,7.70004,5.40589,7.66477,1.68501,1.31447,5.40589,7.66477,7.66477,7.66477,2,1,1,1855.93,1.72027,337.509,1818.54,1057.13,2.81337,15.1588,8.8119,353.37,0.1904,0.110681,0.185593,0.0001,5.81e-05,0.0,0.214285714,0.428571429,0.285714286,0.0,0.0,0.0,0.071428571,0.0,0.0,0,0.0,0,0.0,0,0.0,0,0.0,0.0,0,0,0.0,0,0,0,0,0,0,2
SFG,8,14,6,10.0,4.242640687,1.52,2.1,0.58,1.713333333,0.410121933,85,101,16,95.66666667,11.3137085,12.06,17.36,5.3,15.59333333,3.74766594,0.02658,150.0,149.97342,50.01772,106.0472223,90.2,3173.0,3082.8,1117.8,2179.868785,54.8,1687.0,1632.2,598.8666667,1154.139688,35.4,1486.0,6.89921,5.3224,6.89921,4.92157,2.56075,5.3224,6.89921,5.29493,6.89921,1,2,2,4195.03,1.75997,530.284,1264.08,718.239,11.521,27.4635,15.6046,471.941,0.1125,0.0639217,1.25851,0.0003,0.000170458,0.0,0.24,0.28,0.32,0.08,0.0,0.0,0.08,0.0,0.0,0,0.0,0,0.0,0,0.0,0,0.0,0.0,0,0,0.0,0,0,0,0,0,0,2
SFG,8,14,6,10.0,4.242640687,1.52,2.1,0.58,1.713333333,0.410121933,85,101,16,95.66666667,11.3137085,12.06,17.36,5.3,15.59333333,3.74766594,0.02658,150.0,149.97342,50.01772,106.0472223,90.2,3173.0,3082.8,1117.8,2179.868785,54.8,1687.0,1632.2,598.8666667,1154.139688,35.4,1486.0,6.76028,5.23752,6.76028,4.80838,2.40472,5.23752,6.76028,6.1464,6.76028,1,3,3,4035.88,1.82937,596.284,1477.46,807.632,42.5601,105.454,57.6452,541.212,0.1341,0.073304,3.6323,0.0009,0.000491973,0.0,0.24,0.28,0.32,0.08,0.0,0.0,0.08,0.0,0.0,0,0.0,0,0.0,0,0.0,0,0.0,0.0,0,0,0.0,0,0,0,0,0,0,2
SFH,8,14,6,10.0,4.242640687,1.52,2.1,0.58,1.713333333,0.410121933,85,101,16,95.66666667,11.3137085,12.06,17.36,5.3,15.59333333,3.74766594,0.02658,150.0,149.97342,50.01772,106.0472223,90.2,3173.0,3082.8,1117.8,2179.868785,54.8,1687.0,1632.2,598.8666667,1154.139688,35.4,1486.0,8.00237,6.89189,7.99331,6.89189,1.73614,2.36676,7.99331,8.00237,6.94683,4,1,1,3880.69,1.64543,540.229,1392.09,846.038,42.4565,109.405,66.4901,587.537,0.1514,0.0920126,6.20911,0.0016,0.000972392,0.0,0.166666667,0.166666667,0.583333333,0.0,0.0,0.0,0.0,0.0,0.0,0,0.083333333,0,0.0,0,0.0,0,0.0,0.0,0,0,0.0,0,0,0,0,0,0,2
SFH,8,14,6,10.0,4.242640687,1.52,2.1,0.58,1.713333333,0.410121933,85,101,16,95.66666667,11.3137085,12.06,17.36,5.3,15.59333333,3.74766594,0.02658,150.0,149.97342,50.01772,106.0472223,90.2,3173.0,3082.8,1117.8,2179.868785,54.8,1687.0,1632.2,598.8666667,1154.139688,35.4,1486.0,7.65288,6.68737,7.65288,6.68737,1.28979,1.53348,7.65288,7.64815,7.65288,4,1,1,3584.56,1.78136,507.597,1416.06,794.934,28.0046,78.1256,43.8573,610.451,0.1703,0.0956011,4.30147,0.0012,0.000673642,0.0,0.166666667,0.166666667,0.583333333,0.0,0.0,0.0,0.0,0.0,0.0,0,0.083333333,0,0.0,0,0.0,0,0.0,0.0,0,0,0.0,0,0,0,0,0,0,2
SFN,8,14,6,10.0,4.242640687,1.52,2.1,0.58,1.713333333,0.410121933,85,101,16,95.66666667,11.3137085,12.06,17.36,5.3,15.59333333,3.74766594,0.02658,150.0,149.97342,50.01772,106.0472223,90.2,3173.0,3082.8,1117.8,2179.868785,54.8,1687.0,1632.2,598.8666667,1154.139688,35.4,1486.0,7.87526,6.63922,7.87526,1.59148,6.63922,2.36316,7.87526,7.87526,7.87526,2,1,1,1933.11,1.65159,269.498,1394.11,844.106,11.654,60.2862,36.502,296.926,0.1536,0.0930015,1.35318,0.0007,0.000423835,0.0,0.181818182,0.181818182,0.545454545,0.0,0.0,0.0,0.0,0.0,0.0,0,0.090909091,0,0.0,0,0.0,0,0.0,0.0,0,0,0.0,0,0,0,0,0,0,2
SFN,8,15,7,10.0,4.082482905,1.52,1.84,0.32,1.62,0.200665559,80,101,21,95.66666667,11.4212278,10.0,17.36,7.36,16.07666667,3.847229884,0.02658,235.0,234.97342,39.22372,123.8198386,90.2,2792.0,2701.8,617.1333333,1395.849425,54.8,933.47,878.67,244.995,456.0418076,35.4,1858.53,7.58002,6.37175,7.58002,6.37175,1.58436,1.58436,7.58002,7.53323,7.58002,1,1,1,898.107,1.77746,130.312,1450.97,816.315,3.48669,38.8226,21.8416,151.87,0.1691,0.0951357,0.179621,0.0002,0.00011252,0.0,0.181818182,0.181818182,0.545454545,0.0,0.0,0.0,0.0,0.0,0.0,0,0.090909091,0,0.0,0,0.0,0,0.0,0.0,0,0,0.0,0,0,0,0,0,0,4
SFO,8,14,6,10.0,4.242640687,1.52,2.1,0.58,1.713333333,0.410121933,85,101,16,95.66666667,11.3137085,12.06,17.36,5.3,15.59333333,3.74766594,0.02658,150.0,149.97342,50.01772,106.0472223,90.2,3173.0,3082.8,1117.8,2179.868785,54.8,1687.0,1632.2,598.8666667,1154.139688,35.4,1486.0,7.86361,6.88891,7.86361,1.57861,3.58307,6.88891,7.86361,7.81052,7.86361,2,2,2,2109.75,1.5133,405.861,1923.74,1271.22,0.0,0.0,0.0,406.971,0.1929,0.127469,0.0,0.0,0.0,0.0,0.5,0.0,0.3,0.0,0.1,0.0,0.0,0.0,0.1,0,0.0,0,0.0,0,0.0,0,0.0,0.0,0,0,0.0,0,0,0,0,0,0,2
SFO,8,14,6,10.0,4.242640687,1.52,2.1,0.58,1.713333333,0.410121933,85,101,16,95.66666667,11.3137085,12.06,17.36,5.3,15.59333333,3.74766594,0.02658,150.0,149.97342,50.01772,106.0472223,90.2,3173.0,3082.8,1117.8,2179.868785,54.8,1687.0,1632.2,598.8666667,1154.139688,35.4,1486.0,7.64533,6.87312,7.63469,1.81688,3.20223,6.87312,7.55442,7.64533,7.63469,2,2,2,4226.68,1.53316,905.86,2143.19,1397.89,0.0,0.0,0.0,909.582,0.2152,0.140363,0.0,0.0,0.0,0.0,0.5,0.0,0.3,0.0,0.1,0.0,0.0,0.0,0.1,0,0.0,0,0.0,0,0.0,0,0.0,0.0,0,0,0.0,0,0,0,0,0,0,2
SFS,8,14,6,10.0,4.242640687,1.52,2.1,0.58,1.713333333,0.410121933,85,101,16,95.66666667,11.3137085,12.06,17.36,5.3,15.59333333,3.74766594,0.02658,150.0,149.97342,50.01772,106.0472223,90.2,3173.0,3082.8,1117.8,2179.868785,54.8,1687.0,1632.2,598.8666667,1154.139688,35.4,1486.0,7.456,5.86469,7.456,1.74303,5.86469,4.78369,7.456,7.456,7.456,1,2,2,3367.5,1.65916,554.069,1645.34,991.671,0.0,0.0,0.0,509.502,0.1513,0.0911906,0.0,0.0,0.0,0.0,0.137931034,0.379310345,0.275862069,0.0,0.0,0.0,0.137931034,0.0,0.068965517,0,0.0,0,0.0,0,0.0,0,0.0,0.0,0,0,0.0,0,0,0,0,0,0,2
SFS,8,14,6,10.0,4.242640687,1.52,2.1,0.58,1.713333333,0.410121933,85,101,16,95.66666667,11.3137085,12.06,17.36,5.3,15.59333333,3.74766594,0.02658,150.0,149.97342,50.01772,106.0472223,90.2,3173.0,3082.8,1117.8,2179.868785,54.8,1687.0,1632.2,598.8666667,1154.139688,35.4,1486.0,7.45308,5.57213,6.27843,1.65675,5.57213,5.22288,7.45308,6.27843,7.45308,1,2,2,3286.14,1.70024,594.109,1807.92,1063.34,0.0522962,0.159142,0.0935997,588.548,0.1791,0.105338,0.0,0.0,0.0,0.0,0.137931034,0.379310345,0.275862069,0.0,0.0,0.0,0.137931034,0.0,0.068965517,0,0.0,0,0.0,0,0.0,0,0.0,0.0,0,0,0.0,0,0,0,0,0,0,2
SFW,8,14,6,10.0,4.242640687,1.52,2.1,0.58,1.713333333,0.410121933,85,101,16,95.66666667,11.3137085,12.06,17.36,5.3,15.59333333,3.74766594,0.02658,150.0,149.97342,50.01772,106.0472223,90.2,3173.0,3082.8,1117.8,2179.868785,54.8,1687.0,1632.2,598.8666667,1154.139688,35.4,1486.0,7.72042,3.59313,7.72042,3.59313,3.59313,3.59313,7.72042,7.06291,7.72042,1,3,3,7157.66,1.50543,1538.21,2149.04,1427.53,9.46412,13.2224,8.78312,1189.6,0.1662,0.1104,2.1473,0.0003,0.000199279,0.0,0.5,0.0,0.3,0.0,0.2,0.0,0.0,0.0,0.0,0,0.0,0,0.0,0,0.0,0,0.0,0.0,0,0,0.0,0,0,0,0,0,0,2
SFW,8,14,6,10.0,4.242640687,1.52,2.1,0.58,1.713333333,0.410121933,85,101,16,95.66666667,11.3137085,12.06,17.36,5.3,15.59333333,3.74766594,0.02658,150.0,149.97342,50.01772,106.0472223,90.2,3173.0,3082.8,1117.8,2179.868785,54.8,1687.0,1632.2,598.8666667,1154.139688,35.4,1486.0,7.78698,3.72282,7.65029,3.72282,3.72282,3.72282,7.65029,7.56648,7.78698,1,3,3,7204.39,1.49567,1729.04,2399.98,1604.62,65.6693,91.1519,60.944,1483.38,0.2059,0.137664,13.6883,0.0019,0.00127034,0.0,0.5,0.0,0.3,0.0,0.2,0.0,0.0,0.0,0.0,0,0.0,0,0.0,0,0.0,0,0.0,0.0,0,0,0.0,0,0,0,0,0,0,2
SGT,8,14,6,10.0,4.242640687,1.52,2.1,0.58,1.713333333,0.410121933,85,101,16,95.66666667,11.3137085,12.06,17.36,5.3,15.59333333,3.74766594,0.02658,150.0,149.97342,50.01772,106.0472223,90.2,3173.0,3082.8,1117.8,2179.868785,54.8,1687.0,1632.2,598.8666667,1154.139688,35.4,1486.0,7.68242,2.05188,7.41601,2.05188,2.05188,2.05188,7.68242,7.41601,7.68242,0,0,0,3666.23,1.74168,0.0,0.0,0.0,528.768,1442.26,828.089,0.0,0.0,0.0,405.486,0.1106,0.063502,0.0,0.333333333,0.333333333,0.333333333,0.0,0.0,0.0,0.0,0.0,0.0,0,0.0,0,0.0,0,0.0,0,0.0,0.0,0,0,0.0,0,0,0,0,0,0,1
SGT,8,27,19,10.31441048,6.070489632,1.52,2.0,0.48,1.614672489,0.215488824,64,101,37,95.89519651,13.13344624,6.67,17.36,10.69,16.25949782,4.025003073,0.02658,235.0,234.97342,25.39822183,101.6096013,90.2,3200.0,3109.8,526.0262009,1342.018728,54.8,1768.0,1713.2,239.255917,557.6893256,35.4,1858.53,7.7119,1.99567,7.7119,1.99567,1.99567,1.99567,7.7119,7.7119,7.51556,0,0,0,3604.39,1.77156,0.0,0.0,0.0,650.706,1805.31,1019.05,0.0,0.0,0.0,512.184,0.1421,0.0802118,0.0,0.333333333,0.333333333,0.333333333,0.0,0.0,0.0,0.0,0.0,0.0,0,0.0,0,0.0,0,0.0,0,0.0,0.0,0,0,0.0,0,0,0,0,0,0,1
SIV,8,14,6,10.0,4.242640687,1.52,2.1,0.58,1.713333333,0.410121933,85,101,16,95.66666667,11.3137085,12.06,17.36,5.3,15.59333333,3.74766594,0.02658,150.0,149.97342,50.01772,106.0472223,90.2,3173.0,3082.8,1117.8,2179.868785,54.8,1687.0,1632.2,598.8666667,1154.139688,35.4,1486.0,5.32409,3.67492,5.21671,3.67492,3.24645,3.30825,5.21671,5.32409,5.32409,1,3,3,3911.92,1.63229,911.057,2328.92,1426.78,0.0,0.0,0.0,363.027,0.0928,0.0568526,0.0,0.0,0.0,0.0,0.545454545,0.0,0.0,0.0,0.454545455,0.0,0.0,0.0,0.0,0,0.0,0,0.0,0,0.0,0,0.0,0.0,0,0,0.0,0,0,0,0,0,0,2
SOD,8,14,6,10.0,4.242640687,1.52,2.1,0.58,1.713333333,0.410121933,85,101,16,95.66666667,11.3137085,12.06,17.36,5.3,15.59333333,3.74766594,0.02658,150.0,149.97342,50.01772,106.0472223,90.2,3173.0,3082.8,1117.8,2179.868785,54.8,1687.0,1632.2,598.8666667,1154.139688,35.4,1486.0,6.25857,2.47224,6.25857,2.47224,2.47224,2.47224,6.25857,6.25857,6.25857,0,0,0,720.528,1.66165,0.0,0.0,0.0,127.675,1771.97,1066.4,0.0,0.0,0.0,67.8737,0.0942,0.0566908,0.0,0.5,0.0,0.5,0.0,0.0,0.0,0.0,0.0,0.0,0,0.0,0,0.0,0,0.0,0,0.0,0.0,0,0,0.0,0,0,0,0,0,0,1
SOD,8,32,24,13.17860953,14.96705897,1.52,2.11,0.59,1.672307225,0.403577993,84,101,17,96.65263454,11.52388229,12.06,17.36,5.3,16.30270374,2.849590416,0.02658,150.0,149.97342,20.76960349,62.56273202,90.2,3173.0,3082.8,872.9324324,2074.155078,54.8,1687.0,1632.2,381.997967,881.2361224,35.4,1881.6,5.76903,1.50744,5.76903,1.50744,1.50744,1.50744,5.76903,5.76903,5.76903,0,0,0,692.684,1.71256,0.0,0.0,0.0,120.945,1746.03,1019.54,0.0,0.0,0.0,62.5494,0.0903,0.0527281,0.0,0.5,0.0,0.5,0.0,0.0,0.0,0.0,0.0,0.0,0,0.0,0,0.0,0,0.0,0,0.0,0.0,0,0,0.0,0,0,0,0,0,0,1
SOF,8,14,6,10.0,4.242640687,1.52,2.1,0.58,1.713333333,0.410121933,85,101,16,95.66666667,11.3137085,12.06,17.36,5.3,15.59333333,3.74766594,0.02658,150.0,149.97342,50.01772,106.0472223,90.2,3173.0,3082.8,1117.8,2179.868785,54.8,1687.0,1632.2,598.8666667,1154.139688,35.4,1486.0,5.07847,4.35656,4.99074,4.10623,4.10623,4.35656,5.07847,5.07847,4.99074,1,3,3,2435.75,1.63846,538.353,2210.22,1348.96,0.0,0.0,0.0,286.687,0.1177,0.0718357,0.0,0.0,0.0,0.0,0.375,0.25,0.0,0.0,0.0,0.125,0.0,0.0,0.25,0,0.0,0,0.0,0,0.0,0,0.0,0.0,0,0,0.0,0,0,0,0,0,0,2
SOR,8,14,6,10.0,4.242640687,1.52,2.1,0.58,1.713333333,0.410121933,85,101,16,95.66666667,11.3137085,12.06,17.36,5.3,15.59333333,3.74766594,0.02658,150.0,149.97342,50.01772,106.0472223,90.2,3173.0,3082.8,1117.8,2179.868785,54.8,1687.0,1632.2,598.8666667,1154.139688,35.4,1486.0,6.99543,6.5987,6.99543,3.02006,3.02006,6.5987,6.99543,6.99543,6.99543,1,3,3,2811.08,1.70363,419.175,1491.15,875.279,5.31989,18.9247,11.1084,370.782,0.1319,0.0774229,0.281108,0.0001,5.87e-05,0.0,0.333333333,0.083333333,0.166666667,0.0,0.333333333,0.0,0.0,0.0,0.083333333,0,0.0,0,0.0,0,0.0,0,0.0,0.0,0,0,0.0,0,0,0,0,0,0,2
SOR,5,32,27,13.0,14.51206395,1.52,2.11,0.59,1.695555556,0.360880867,84,101,17,95.55555556,10.98407939,4.39,17.36,12.97,15.09,5.80309271,0.02658,60.0,59.97342,16.35105333,35.25093105,90.2,4200.0,4109.8,1214.133333,2302.147521,54.8,2349.0,2294.2,566.7333333,1120.502924,35.4,1881.6,6.96653,6.33882,6.96653,2.42913,2.42913,6.33882,6.96653,6.63684,6.96653,1,3,3,2741.78,1.7467,441.646,1610.8,922.199,8.51693,31.0635,17.7842,408.25,0.1489,0.0852467,0.274178,0.0001,5.73e-05,0.0,0.333333333,0.083333333,0.166666667,0.0,0.333333333,0.0,0.0,0.0,0.083333333,0,0.0,0,0.0,0,0.0,0,0.0,0.0,0,0,0.0,0,0,0,0,0,0,2
SOS,8,14,6,10.0,4.242640687,1.52,2.1,0.58,1.713333333,0.410121933,85,101,16,95.66666667,11.3137085,12.06,17.36,5.3,15.59333333,3.74766594,0.02658,150.0,149.97342,50.01772,106.0472223,90.2,3173.0,3082.8,1117.8,2179.868785,54.8,1687.0,1632.2,598.8666667,1154.139688,35.4,1486.0,4.76016,4.21019,4.76016,2.86441,4.21019,2.86441,4.76016,4.76016,3.86709,1,3,3,1414.45,1.6929,304.747,2154.53,1272.68,0.0,0.0,0.0,129.564,0.0916,0.0541083,0.0,0.0,0.0,0.125,0.125,0.0,0.125,0.0,0.5,0.0,0.0,0.0,0.125,0,0.0,0,0.0,0,0.0,0,0.0,0.0,0,0,0.0,0,0,0,0,0,0,2
SOS,8,14,6,9.49084077,4.242640687,1.52,2.1,0.58,1.664114608,0.410121933,85,101,16,97.02442461,11.3137085,12.06,17.36,5.3,16.04309065,3.74766594,0.02658,150.0,149.97342,37.29099483,106.0472223,90.2,3173.0,3082.8,856.1939878,2179.868785,54.8,1687.0,1632.2,460.3583842,1154.139688,35.4,1486.0,4.85713,4.20332,4.85713,4.20332,2.68347,2.68347,4.85713,4.85713,4.85713,1,3,3,1488.19,2.24969,366.172,2460.51,1093.71,0.137278,0.922445,0.410031,237.069,0.1593,0.0708096,0.0,0.0,0.0,0.125,0.125,0.0,0.125,0.0,0.5,0.0,0.0,0.0,0.125,0,0.0,0,0.0,0,0.0,0,0.0,0.0,0,0,0.0,0,0,0,0,0,0,2
SOV,8,14,6,10.0,4.242640687,1.52,2.1,0.58,1.713333333,0.410121933,85,101,16,95.66666667,11.3137085,12.06,17.36,5.3,15.59333333,3.74766594,0.02658,150.0,149.97342,50.01772,106.0472223,90.2,3173.0,3082.8,1117.8,2179.868785,54.8,1687.0,1632.2,598.8666667,1154.139688,35.4,1486.0,7.18912,6.4928,7.18912,6.4928,6.02972,5.67634,7.18912,7.18912,7.18912,1,3,3,8354.37,1.52864,1533.98,1836.14,1201.16,0.050331,0.060245,0.039411,1673.38,0.2003,0.131032,0.0,0.0,0.0,0.0,0.379310345,0.24137931,0.172413793,0.0,0.0,0.0,0.034482759,0.0,0.172413793,0,0.0,0,0.0,0,0.0,0,0.0,0.0,0,0,0.0,0,0,0,0,0,0,2
SSF,8,14,6,10.0,4.242640687,1.52,2.1,0.58,1.713333333,0.410121933,85,101,16,95.66666667,11.3137085,12.06,17.36,5.3,15.59333333,3.74766594,0.02658,150.0,149.97342,50.01772,106.0472223,90.2,3173.0,3082.8,1117.8,2179.868785,54.8,1687.0,1632.2,598.8666667,1154.139688,35.4,1486.0,7.59883,6.15834,7.59883,6.15834,6.15834,2.54631,7.59883,7.59883,4.21367,1,2,2,3281.19,1.73915,432.149,1317.05,757.295,30.5158,93.0022,53.4756,490.865,0.1496,0.0860189,4.92178,0.0015,0.000862489,0.0,0.25,0.083333333,0.583333333,0.0,0.0,0.0,0.0,0.0,0.083333333,0,0.0,0,0.0,0,0.0,0,0.0,0.0,0,0,0.0,0,0,0,0,0,0,2
SSF,8,14,6,10.09174312,4.242640687,1.52,2.1,0.58,1.722201835,0.410121933,85,101,16,95.42201835,11.3137085,12.06,17.36,5.3,15.51229358,3.74766594,0.02658,150.0,149.97342,52.31089156,106.0472223,90.2,3173.0,3082.8,1164.937615,2179.868785,54.8,1687.0,1632.2,623.8238532,1154.139688,35.4,1486.0,7.26795,5.84777,7.26795,5.84777,5.84777,2.29596,7.26795,7.26795,4.09462,1,2,2,3083.87,1.74705,435.787,1413.11,808.858,62.2635,201.9,115.567,497.429,0.1613,0.0923272,11.7187,0.0038,0.0021751,0.0,0.25,0.083333333,0.583333333,0.0,0.0,0.0,0.0,0.0,0.083333333,0,0.0,0,0.0,0,0.0,0,0.0,0.0,0,0,0.0,0,0,0,0,0,0,2
SSO,8,14,6,9.967213115,4.242640687,1.52,2.1,0.58,1.710163934,0.410121933,85,101,16,95.75409836,11.3137085,12.06,17.36,5.3,15.62229508,3.74766594,0.02658,150.0,149.97342,49.19819311,106.0472223,90.2,3173.0,3082.8,1100.954098,2179.868785,54.8,1687.0,1632.2,589.947541,1154.139688,35.4,1486.0,6.73016,4.83282,6.69966,1.58914,4.83282,1.51611,6.7083,6.69966,6.69966,2,1,1,4799.89,1.68504,765.297,1594.4,946.212,5.05589,10.5333,6.25109,618.226,0.1288,0.0764374,0.0,0.0,0.0,0.0,0.033333333,0.466666667,0.433333333,0.0,0.0,0.0,0.0,0.0,0.0,0,0.0,0,0.0,0,0.066666667,0,0.0,0.0,0,0,0.0,0,0,0,0,0,0,2
SSY,8,14,6,10.0,4.242640687,1.52,2.1,0.58,1.713333333,0.410121933,85,101,16,95.66666667,11.3137085,12.06,17.36,5.3,15.59333333,3.74766594,0.02658,150.0,149.97342,50.01772,106.0472223,90.2,3173.0,3082.8,1117.8,2179.868785,54.8,1687.0,1632.2,598.8666667,1154.139688,35.4,1486.0,7.35876,5.87509,7.35876,5.87509,2.32474,1.49677,7.35876,7.35876,7.35876,2,1,1,1659.35,1.68355,240.005,1446.37,859.12,0.339022,2.04309,1.21356,208.249,0.1255,0.0745448,0.0,0.0,0.0,0.0,0.111111111,0.222222222,0.555555556,0.0,0.0,0.0,0.0,0.0,0.111111111,0,0.0,0,0.0,0,0.0,0,0.0,0.0,0,0,0.0,0,0,0,0,0,0,2
SSY,8,14,6,10.0,4.242640687,1.52,2.1,0.58,1.713333333,0.410121933,85,101,16,95.66666667,11.3137085,12.06,17.36,5.3,15.59333333,3.74766594,0.02658,150.0,149.97342,50.01772,106.0472223,90.2,3173.0,3082.8,1117.8,2179.868785,54.8,1687.0,1632.2,598.8666667,1154.139688,35.4,1486.0,6.80495,5.49593,6.80495,1.62771,1.5344,5.49593,3.39411,6.80495,6.80495,2,1,1,1507.03,1.85372,219.93,1459.36,787.261,0.0,0.0,0.0,219.575,0.1457,0.0785988,0.0,0.0,0.0,0.0,0.111111111,0.222222222,0.555555556,0.0,0.0,0.0,0.0,0.0,0.111111111,0,0.0,0,0.0,0,0.0,0,0.0,0.0,0,0,0.0,0,0,0,0,0,0,2
STF,8,14,6,10.0,4.242640687,1.52,2.1,0.58,1.713333333,0.410121933,85,101,16,95.66666667,11.3137085,12.06,17.36,5.3,15.59333333,3.74766594,0.02658,150.0,149.97342,50.01772,106.0472223,90.2,3173.0,3082.8,1117.8,2179.868785,54.8,1687.0,1632.2,598.8666667,1154.139688,35.4,1486.0,7.56936,5.37574,7.56936,1.50225,1.2026,5.37574,7.56936,7.56936,7.56936,2,1,1,1896.24,1.6837,307.858,1623.52,964.258,0.0,0.0,0.0,279.885,0.1476,0.0876641,0.0,0.0,0.0,0.0,0.222222222,0.333333333,0.333333333,0.0,0.0,0.0,0.111111111,0.0,0.0,0,0.0,0,0.0,0,0.0,0,0.0,0.0,0,0,0.0,0,0,0,0,0,0,2
STF,8,14,6,9.515970516,3.967566163,1.52,2.1,0.58,1.656511057,0.366655974,80,101,21,96.48648649,11.89039131,10.0,17.36,7.36,15.84009828,4.024059014,0.02658,235.0,234.97342,44.67561179,119.9199903,90.2,3173.0,3082.8,877.2628993,2056.434526,54.8,1687.0,1632.2,437.6185504,1030.222316,35.4,1858.53,7.60764,5.40355,7.60764,1.27994,1.21274,5.40355,7.60764,7.60764,7.60764,1,1,1,926.236,1.72348,167.062,1803.66,1046.52,1.43161,15.4562,8.96802,167.371,0.1807,0.104846,0.0,0.0,0.0,0.0,0.222222222,0.333333333,0.333333333,0.0,0.0,0.0,0.111111111,0.0,0.0,0,0.0,0,0.0,0,0.0,0,0.0,0.0,0,0,0.0,0,0,0,0,0,0,0
STI,8,14,6,10.0,4.242640687,1.52,2.1,0.58,1.713333333,0.410121933,85,101,16,95.66666667,11.3137085,12.06,17.36,5.3,15.59333333,3.74766594,0.02658,150.0,149.97342,50.01772,106.0472223,90.2,3173.0,3082.8,1117.8,2179.868785,54.8,1687.0,1632.2,598.8666667,1154.139688,35.4,1486.0,6.22906,4.88217,6.22906,4.88217,2.89468,1.79457,6.22906,6.22906,6.22906,2,2,2,4312.59,1.66572,806.391,1869.86,1122.55,0.0,0.0,0.0,555.03,0.1287,0.0772638,0.0,0.0,0.0,0.0,0.285714286,0.142857143,0.142857143,0.0,0.285714286,0.0,0.142857143,0.0,0.0,0,0.0,0,0.0,0,0.0,0,0.0,0.0,0,0,0.0,0,0,0,0,0,0,2
STT,8,14,6,10.0,4.242640687,1.52,2.1,0.58,1.713333333,0.410121933,85,101,16,95.66666667,11.3137085,12.06,17.36,5.3,15.59333333,3.74766594,0.02658,150.0,149.97342,50.01772,106.0472223,90.2,3173.0,3082.8,1117.8,2179.868785,54.8,1687.0,1632.2,598.8666667,1154.139688,35.4,1486.0,6.97844,4.03851,6.97844,4.03851,1.82869,4.03851,6.97844,6.97844,6.97844,2,1,1,3773.0,1.69239,640.19,1696.77,1002.58,0.0,0.0,0.0,475.021,0.1259,0.0743918,0.0,0.0,0.0,0.0,0.333333333,0.380952381,0.19047619,0.047619048,0.0,0.047619048,0.0,0.0,0.0,0,0.0,0,0.0,0,0.0,0,0.0,0.0,0,0,0.0,0,0,0,0,0,0,2
STT,8,32,24,12.81482039,14.73402946,1.52,2.11,0.59,1.665071918,0.403226676,84,101,17,96.86392048,11.50089864,12.06,17.36,5.3,16.34199639,2.88007559,0.02658,150.0,149.97342,20.39353867,64.45615429,90.2,3173.0,3082.8,836.625273,2074.791427,54.8,1687.0,1632.2,369.7697568,890.450864,35.4,1881.6,7.23141,3.85299,7.23141,3.85299,1.94662,3.85299,7.23141,6.75178,7.17796,2,2,2,3758.3,1.69901,746.264,1985.64,1168.7,26.7716,71.2332,41.9263,611.851,0.1628,0.0958204,1.87915,0.0005,0.000294289,0.0,0.333333333,0.380952381,0.19047619,0.047619048,0.0,0.047619048,0.0,0.0,0.0,0,0.0,0,0.0,0,0.0,0,0.0,0.0,0,0,0.0,0,0,0,0,0,0,2
STW,8,14,6,10.0,4.242640687,1.52,2.1,0.58,1.713333333,0.410121933,85,101,16,95.66666667,11.3137085,12.06,17.36,5.3,15.59333333,3.74766594,0.02658,150.0,149.97342,50.01772,106.0472223,90.2,3173.0,3082.8,1117.8,2179.868785,54.8,1687.0,1632.2,598.8666667,1154.139688,35.4,1486.0,5.37457,4.81825,5.37457,3.31813,3.31813,4.81825,5.37457,5.34848,5.37457,1,3,3,3660.7,1.63529,775.957,2119.7,1296.22,0.0,0.0,0.0,481.748,0.1316,0.080475,0.0,0.0,0.0,0.0,0.428571429,0.285714286,0.0,0.0,0.142857143,0.0,0.142857143,0.0,0.0,0,0.0,0,0.0,0,0.0,0,0.0,0.0,0,0,0.0,0,0,0,0,0,0,2
SVR,8,14,6,9.943661972,4.242640687,1.52,2.1,0.58,1.707887324,0.410121933,85,101,16,95.81690141,11.3137085,12.06,17.36,5.3,15.64309859,3.74766594,0.02658,150.0,149.97342,48.60951887,106.0472223,90.2,3173.0,3082.8,1088.853521,2179.868785,54.8,1687.0,1632.2,583.5408451,1154.139688,35.4,1486.0,5.78506,5.02755,5.7712,5.02755,5.02755,4.5916,5.7712,5.7712,5.7712,1,3,3,5348.88,1.7558,824.02,1540.55,877.407,0.0113957,0.0213048,0.012134,546.655,0.1022,0.0582072,0.0,0.0,0.0,0.0,0.034482759,0.655172414,0.137931034,0.0,0.0,0.0,0.172413793,0.0,0.0,0,0.0,0,0.0,0,0.0,0,0.0,0.0,0,0,0.0,0,0,0,0,0,0,2
SVR,8,32,24,10.28712871,6.607555377,1.52,2.11,0.59,1.698267327,0.404117852,84,101,17,96.06435644,11.19084809,12.06,17.36,5.3,15.77212871,3.617209027,0.02658,150.0,149.97342,43.83030297,101.3882008,90.2,3173.0,3082.8,1034.425743,2140.528145,54.8,1687.0,1632.2,544.0,1114.228951,35.4,1881.6,6.15801,5.09824,6.15801,5.09824,5.00193,5.09824,6.15801,6.15801,6.15801,1,3,3,5382.12,1.66597,1120.55,2081.98,1249.71,7.64097,14.197,8.52171,865.983,0.1609,0.0965801,0.0,0.0,0.0,0.0,0.034482759,0.655172414,0.137931034,0.0,0.0,0.0,0.172413793,0.0,0.0,0,0.0,0,0.0,0,0.0,0,0.0,0.0,0,0,0.0,0,0,0,0,0,0,2
SVV,8,14,6,10.0,4.242640687,1.52,2.1,0.58,1.713333333,0.410121933,85,101,16,95.66666667,11.3137085,12.06,17.36,5.3,15.59333333,3.74766594,0.02658,150.0,149.97342,50.01772,106.0472223,90.2,3173.0,3082.8,1117.8,2179.868785,54.8,1687.0,1632.2,598.8666667,1154.139688,35.4,1486.0,6.66381,1.87501,6.66381,1.87501,1.5879,1.87501,6.66381,6.66381,6.66381,0,0,0,3106.52,1.79855,0.0,0.0,0.0,458.922,1477.29,821.379,0.0,0.0,0.0,261.569,0.0842,0.0468156,0.0,0.461538462,0.153846154,0.384615385,0.0,0.0,0.0,0.0,0.0,0.0,0,0.0,0,0.0,0,0.0,0,0.0,0.0,0,0,0.0,0,0,0,0,0,0,1
SWY,8,14,6,10.0,4.242640687,1.52,2.1,0.58,1.713333333,0.410121933,85,101,16,95.66666667,11.3137085,12.06,17.36,5.3,15.59333333,3.74766594,0.02658,150.0,149.97342,50.01772,106.0472223,90.2,3173.0,3082.8,1117.8,2179.868785,54.8,1687.0,1632.2,598.8666667,1154.139688,35.4,1486.0,6.99951,3.3709,6.99951,3.3709,3.3709,3.3709,6.99951,6.99951,6.99951,1,3,3,4478.29,1.60409,821.694,1834.84,1143.85,10.3311,23.0694,14.3816,667.714,0.1491,0.0929501,0.447829,0.0001,6.23e-05,0.0,0.454545455,0.0,0.363636364,0.0,0.181818182,0.0,0.0,0.0,0.0,0,0.0,0,0.0,0,0.0,0,0.0,0.0,0,0,0.0,0,0,0,0,0,0,2
SYT,8,14,6,9.959183673,4.242640687,1.52,2.1,0.58,1.709387755,0.410121933,85,101,16,95.7755102,11.3137085,12.06,17.36,5.3,15.62938776,3.74766594,0.02658,150.0,149.97342,48.99749265,106.0472223,90.2,3173.0,3082.8,1096.828571,2179.868785,54.8,1687.0,1632.2,587.7632653,1154.139688,35.4,1486.0,8.2294,6.75824,8.2294,3.66544,3.66544,6.75824,8.2294,8.2294,8.2294,3,3,1,10455.3,1.2418,2331.39,2229.87,1795.68,0.0,0.0,0.0,2862.65,0.2738,0.220487,0.0,0.0,0.0,0.0,0.5,0.0,0.125,0.0,0.25,0.0,0.0,0.0,0.0,0,0.0,0,0.0,0,0.0,0,0.0,0.0,0,0,0.125,0,0,0,0,0,0,2
SZR,8,14,6,10.0,4.242640687,1.52,2.1,0.58,1.713333333,0.410121933,85,101,16,95.66666667,11.3137085,12.06,17.36,5.3,15.59333333,3.74766594,0.02658,150.0,149.97342,50.01772,106.0472223,90.2,3173.0,3082.8,1117.8,2179.868785,54.8,1687.0,1632.2,598.8666667,1154.139688,35.4,1486.0,6.21478,4.63163,5.5966,3.26161,3.26161,4.63163,6.21478,5.44424,5.5966,1,3,3,2041.91,1.75904,319.471,1564.57,889.45,7.08052,34.676,19.7131,180.096,0.0882,0.0501411,0.408381,0.0002,0.000113699,0.0,0.25,0.125,0.25,0.0,0.25,0.0,0.125,0.0,0.0,0,0.0,0,0.0,0,0.0,0,0.0,0.0,0,0,0.0,0,0,0,0,0,0,2
SZR,8,14,6,9.783555868,4.242640687,1.52,2.1,0.58,1.692410401,0.410121933,85,101,16,96.24385102,11.3137085,12.06,17.36,5.3,15.78452565,3.74766594,0.02658,150.0,149.97342,44.60757554,106.0472223,90.2,3173.0,3082.8,1006.591005,2179.868785,54.8,1687.0,1632.2,539.9866479,1154.139688,35.4,1486.0,6.10795,4.55874,6.10795,3.13561,3.13561,4.55874,6.10795,5.35257,6.10795,1,3,3,1994.99,1.8004,366.263,1835.92,1019.72,19.978,100.141,55.6213,230.222,0.1154,0.0640967,2.19449,0.0011,0.000610974,0.0,0.25,0.125,0.25,0.0,0.25,0.0,0.125,0.0,0.0,0,0.0,0,0.0,0,0.0,0,0.0,0.0,0,0,0.0,0,0,0,0,0,0,2
TER,8,14,6,10.0,4.242640687,1.52,2.1,0.58,1.713333333,0.410121933,85,101,16,95.66666667,11.3137085,12.06,17.36,5.3,15.59333333,3.74766594,0.02658,150.0,149.97342,50.01772,106.0472223,90.2,3173.0,3082.8,1117.8,2179.868785,54.8,1687.0,1632.2,598.8666667,1154.139688,35.4,1486.0,6.87858,5.09586,6.87858,5.09586,1.87674,4.67573,6.87858,6.87858,6.87858,2,2,2,4694.05,1.7004,790.234,1683.48,990.052,0.0,0.0,0.0,552.489,0.1177,0.0692191,0.0,0.0,0.0,0.0,0.142857143,0.214285714,0.357142857,0.0,0.0,0.0,0.285714286,0.0,0.0,0,0.0,0,0.0,0,0.0,0,0.0,0.0,0,0,0.0,0,0,0,0,0,0,2
THO,8,14,6,10.0,4.242640687,1.52,2.1,0.58,1.713333333,0.410121933,85,101,16,95.66666667,11.3137085,12.06,17.36,5.3,15.59333333,3.74766594,0.02658,150.0,149.97342,50.01772,106.0472223,90.2,3173.0,3082.8,1117.8,2179.868785,54.8,1687.0,1632.2,598.8666667,1154.139688,35.4,1486.0,5.095,3.62992,5.095,3.20006,2.9356,3.62992,5.095,5.095,5.095,1,3,3,635.236,1.57063,148.123,2331.78,1484.62,0.0,0.0,0.0,60.4745,0.0952,0.0606128,0.0,0.0,0.0,0.0,0.5,0.0,0.0,0.0,0.5,0.0,0.0,0.0,0.0,0,0.0,0,0.0,0,0.0,0,0.0,0.0,0,0,0.0,0,0,0,0,0,0,2
THO,8,14,6,9.833333333,3.689323937,1.52,2.1,0.58,1.67,0.31822424,80,101,21,94.83333333,12.50111106,10.0,17.36,7.36,15.25,4.302983461,0.02658,235.0,234.97342,64.18438667,132.9250288,90.2,3173.0,3082.8,1054.3,1934.463424,54.8,1687.0,1632.2,473.2783333,891.7012048,35.4,1858.53,4.6598,2.6504,4.6598,2.6504,2.39105,2.24836,4.6598,4.6598,4.6598,2,1,1,2259.84,1.74977,471.496,2086.42,1192.39,0.0,0.0,0.0,99.2069,0.0439,0.0250889,0.0,0.0,0.0,0.0,0.5,0.0,0.0,0.0,0.5,0.0,0.0,0.0,0.0,0,0.0,0,0.0,0,0.0,0,0.0,0.0,0,0,0.0,0,0,0,0,0,0,0
TOL,8,14,6,10.0,4.242640687,1.52,2.1,0.58,1.713333333,0.410121933,85,101,16,95.66666667,11.3137085,12.06,17.36,5.3,15.59333333,3.74766594,0.02658,150.0,149.97342,50.01772,106.0472223,90.2,3173.0,3082.8,1117.8,2179.868785,54.8,1687.0,1632.2,598.8666667,1154.139688,35.4,1486.0,6.11288,2.34069,6.0208,2.34069,2.34069,2.32677,6.0208,5.87909,6.11288,0,0,0,4539.75,1.56783,0.0,0.0,0.0,1052.95,2319.41,1479.37,0.0,0.0,0.0,569.285,0.1254,0.079983,0.0,0.3,0.0,0.7,0.0,0.0,0.0,0.0,0.0,0.0,0,0.0,0,0.0,0,0.0,0,0.0,0.0,0,0,0.0,0,0,0,0,0,0,1
TON,8,14,6,10.0,4.242640687,1.52,2.1,0.58,1.713333333,0.410121933,85,101,16,95.66666667,11.3137085,12.06,17.36,5.3,15.59333333,3.74766594,0.02658,150.0,149.97342,50.01772,106.0472223,90.2,3173.0,3082.8,1117.8,2179.868785,54.8,1687.0,1632.2,598.8666667,1154.139688,35.4,1486.0,5.65159,5.04899,5.65159,2.25197,1.50097,5.04899,5.65159,5.65159,5.65159,2,1,1,1322.73,1.81029,162.042,1225.05,676.719,0.500461,3.78354,2.09002,99.8663,0.0755,0.0417061,0.0,0.0,0.0,0.0,0.0,0.2,0.6,0.0,0.0,0.0,0.2,0.0,0.0,0,0.0,0,0.0,0,0.0,0,0.0,0.0,0,0,0.0,0,0,0,0,0,0,2
TON,8,13,5,9.0,3.535533906,1.52,1.84,0.32,1.584,0.22627417,80,101,21,96.8,14.8492424,10.0,17.36,7.36,15.888,5.20430591,0.02658,235.0,234.97342,47.021264,166.1512987,90.2,2792.0,2701.8,630.56,1910.461101,54.8,933.47,878.67,230.534,621.3135154,35.4,1858.53,5.32029,4.87893,5.32029,1.67855,1.30722,4.87893,5.32029,5.32029,5.32029,2,1,1,1216.29,1.96871,151.327,1244.17,631.972,0.0,0.0,0.0,106.669,0.0877,0.044547,0.0,0.0,0.0,0.0,0.0,0.2,0.6,0.0,0.0,0.0,0.2,0.0,0.0,0,0.0,0,0.0,0,0.0,0,0.0,0.0,0,0,0.0,0,0,0,0,0,0,4
TSC,8,14,6,10.0,4.242640687,1.52,2.1,0.58,1.713333333,0.410121933,85,101,16,95.66666667,11.3137085,12.06,17.36,5.3,15.59333333,3.74766594,0.02658,150.0,149.97342,50.01772,106.0472223,90.2,3173.0,3082.8,1117.8,2179.868785,54.8,1687.0,1632.2,598.8666667,1154.139688,35.4,1486.0,16.39005,4.02135,16.39005,4.02135,4.02135,4.02135,16.39005,16.39005,16.39005,1,3,3,29053.4,1.31869,4929.7,1696.78,1286.71,339.719,116.929,88.6708,8015.82,0.2759,0.209223,148.172,0.0051,0.00386747,0.0,0.444444444,0.0,0.333333333,0.0,0.222222222,0.0,0.0,0.0,0.0,0,0.0,0,0.0,0,0.0,0,0.0,0.0,0,0,0.0,0,0,0,0,0,0,3
TUN,8,14,6,10.0,4.242640687,1.52,2.1,0.58,1.713333333,0.410121933,85,101,16,95.66666667,11.3137085,12.06,17.36,5.3,15.59333333,3.74766594,0.02658,150.0,149.97342,50.01772,106.0472223,90.2,3173.0,3082.8,1117.8,2179.868785,54.8,1687.0,1632.2,598.8666667,1154.139688,35.4,1486.0,8.40271,5.33094,8.40271,4.93501,5.33094,4.93501,7.92515,8.40271,8.40271,1,3,3,10902.2,1.75709,1659.76,1522.41,866.436,9.5078,8.72099,4.96331,1385.67,0.1271,0.0723354,2.18044,0.0002,0.000113824,0.0,0.088888889,0.466666667,0.266666667,0.0,0.0,0.0,0.177777778,0.0,0.0,0,0.0,0,0.0,0,0.0,0,0.0,0.0,0,0,0.0,0,0,0,0,0,0,2
UEI,8,14,6,10.0,4.242640687,1.52,2.1,0.58,1.713333333,0.410121933,85,101,16,95.66666667,11.3137085,12.06,17.36,5.3,15.59333333,3.74766594,0.02658,150.0,149.97342,50.01772,106.0472223,90.2,3173.0,3082.8,1117.8,2179.868785,54.8,1687.0,1632.2,598.8666667,1154.139688,35.4,1486.0,5.54291,3.70848,5.38622,1.84039,3.70848,3.09052,5.54291,5.38622,5.54291,2,2,2,2749.03,1.74209,462.92,1683.94,966.623,0.0,0.0,0.0,159.169,0.0579,0.033236,0.0,0.0,0.0,0.0,0.5,0.0,0.25,0.0,0.25,0.0,0.0,0.0,0.0,0,0.0,0,0.0,0,0.0,0,0.0,0.0,0,0,0.0,0,0,0,0,0,0,2
UEI,8,14,6,9.826086957,4.242640687,1.52,2.1,0.58,1.696521739,0.410121933,85,101,16,96.13043478,11.3137085,12.06,17.36,5.3,15.74695652,3.74766594,0.02658,150.0,149.97342,45.67066435,106.0472223,90.2,3173.0,3082.8,1028.443478,2179.868785,54.8,1687.0,1632.2,551.5565217,1154.139688,35.4,1486.0,5.58567,3.48489,5.58567,0.84737,3.48489,2.9551,5.58567,5.58567,5.58567,2,2,2,2709.98,2.5004,511.157,1886.2,754.36,0.0,0.0,0.0,247.963,0.0915,0.0365942,0.0,0.0,0.0,0.0,0.5,0.0,0.25,0.0,0.25,0.0,0.0,0.0,0.0,0,0.0,0,0.0,0,0.0,0,0.0,0.0,0,0,0.0,0,0,0,0,0,0,2
UFI,8,14,6,10.0,4.242640687,1.52,2.1,0.58,1.713333333,0.410121933,85,101,16,95.66666667,11.3137085,12.06,17.36,5.3,15.59333333,3.74766594,0.02658,150.0,149.97342,50.01772,106.0472223,90.2,3173.0,3082.8,1117.8,2179.868785,54.8,1687.0,1632.2,598.8666667,1154.139688,35.4,1486.0,10.03004,3.83453,10.03004,3.83453,3.83453,1.81528,9.341,10.03004,10.03004,2,2,2,4209.94,1.51674,802.861,1907.06,1257.34,0.0,0.0,0.0,817.57,0.1942,0.128038,0.0,0.0,0.0,0.0,0.571428571,0.142857143,0.142857143,0.0,0.142857143,0.0,0.0,0.0,0.0,0,0.0,0,0.0,0,0.0,0,0.0,0.0,0,0,0.0,0,0,0,0,0,0,2
UOS,8,14,6,10.0,4.242640687,1.52,2.1,0.58,1.713333333,0.410121933,85,101,16,95.66666667,11.3137085,12.06,17.36,5.3,15.59333333,3.74766594,0.02658,150.0,149.97342,50.01772,106.0472223,90.2,3173.0,3082.8,1117.8,2179.868785,54.8,1687.0,1632.2,598.8666667,1154.139688,35.4,1486.0,5.79301,4.17504,5.60317,2.54123,4.17504,2.98913,5.63677,5.60317,5.79301,2,2,2,1362.04,1.75804,221.96,1629.62,926.95,1.00187,7.35565,4.18401,115.774,0.085,0.0483493,0.0,0.0,0.0,0.0,0.333333333,0.111111111,0.111111111,0.0,0.333333333,0.0,0.111111111,0.0,0.0,0,0.0,0,0.0,0,0.0,0,0.0,0.0,0,0,0.0,0,0,0,0,0,0,2
UOV,8,14,6,10.0,4.242640687,1.52,2.1,0.58,1.713333333,0.410121933,85,101,16,95.66666667,11.3137085,12.06,17.36,5.3,15.59333333,3.74766594,0.02658,150.0,149.97342,50.01772,106.0472223,90.2,3173.0,3082.8,1117.8,2179.868785,54.8,1687.0,1632.2,598.8666667,1154.139688,35.4,1486.0,6.91977,6.38326,6.86063,6.38326,5.3156,4.9706,6.86063,6.91977,6.87207,1,3,3,10840.5,1.61984,1876.79,1731.28,1068.8,0.0569784,0.0525607,0.0324482,1809.28,0.1669,0.103035,0.0,0.0,0.0,0.0,0.344262295,0.245901639,0.245901639,0.0,0.032786885,0.0,0.06557377,0.0,0.06557377,0,0.0,0,0.0,0,0.0,0,0.0,0.0,0,0,0.0,0,0,0,0,0,0,2
UOZ,8,14,6,10.0,4.242640687,1.52,2.1,0.58,1.713333333,0.410121933,85,101,16,95.66666667,11.3137085,12.06,17.36,5.3,15.59333333,3.74766594,0.02658,150.0,149.97342,50.01772,106.0472223,90.2,3173.0,3082.8,1117.8,2179.868785,54.8,1687.0,1632.2,598.8666667,1154.139688,35.4,1486.0,5.36787,1.43378,5.35044,1.43378,1.43378,1.25911,5.36787,5.35044,5.36787,0,0,0,2047.12,1.94951,0.0,0.0,0.0,273.885,1337.91,686.278,0.0,0.0,0.0,124.055,0.0606,0.0310847,0.0,0.5,0.0,0.5,0.0,0.0,0.0,0.0,0.0,0.0,0,0.0,0,0.0,0,0.0,0,0.0,0.0,0,0,0.0,0,0,0,0,0,0,1
USI,8,14,6,10.0,4.242640687,1.52,2.1,0.58,1.713333333,0.410121933,85,101,16,95.66666667,11.3137085,12.06,17.36,5.3,15.59333333,3.74766594,0.02658,150.0,149.97342,50.01772,106.0472223,90.2,3173.0,3082.8,1117.8,2179.868785,54.8,1687.0,1632.2,598.8666667,1154.139688,35.4,1486.0,6.70087,6.22372,6.70087,1.6663,3.97812,6.22372,6.70087,6.64133,6.70087,2,2,2,2514.52,1.58713,490.141,1949.24,1228.15,0.0,0.0,0.0,416.657,0.1657,0.104402,0.0,0.0,0.0,0.0,0.384615385,0.0,0.461538462,0.0,0.0,0.0,0.076923077,0.0,0.076923077,0,0.0,0,0.0,0,0.0,0,0.0,0.0,0,0,0.0,0,0,0,0,0,0,2
UTL,8,14,6,10.0,4.242640687,1.52,2.1,0.58,1.713333333,0.410121933,85,101,16,95.66666667,11.3137085,12.06,17.36,5.3,15.59333333,3.74766594,0.02658,150.0,149.97342,50.01772,106.0472223,90.2,3173.0,3082.8,1117.8,2179.868785,54.8,1687.0,1632.2,598.8666667,1154.139688,35.4,1486.0,9.24106,7.54618,9.09794,1.32469,5.70825,7.54618,9.09794,9.24106,9.09794,2,2,2,4872.29,1.55628,803.823,1649.79,1060.08,0.0,0.0,0.0,1053.39,0.2162,0.138921,0.0,0.0,0.0,0.0,0.214285714,0.142857143,0.142857143,0.0,0.285714286,0.0,0.0,0.0,0.214285714,0,0.0,0,0.0,0,0.0,0,0.0,0.0,0,0,0.0,0,0,0,0,0,0,2
UWY,8,14,6,10.0,4.242640687,1.52,2.1,0.58,1.713333333,0.410121933,85,101,16,95.66666667,11.3137085,12.06,17.36,5.3,15.59333333,3.74766594,0.02658,150.0,149.97342,50.01772,106.0472223,90.2,3173.0,3082.8,1117.8,2179.868785,54.8,1687.0,1632.2,598.8666667,1154.139688,35.4,1486.0,8.71969,6.04719,8.71969,4.90051,5.39447,6.04719,8.71969,7.36949,8.71969,1,3,3,3680.04,1.6267,629.075,1709.42,1050.86,0.0,0.0,0.0,600.583,0.1632,0.100326,0.0,0.0,0.0,0.0,0.344827586,0.172413793,0.24137931,0.0,0.0,0.0,0.206896552,0.0,0.034482759,0,0.0,0,0.0,0,0.0,0,0.0,0.0,0,0,0.0,0,0,0,0,0,0,2
VET,8,14,6,10.0,4.242640687,1.52,2.1,0.58,1.713333333,0.410121933,85,101,16,95.66666667,11.3137085,12.06,17.36,5.3,15.59333333,3.74766594,0.02658,150.0,149.97342,50.01772,106.0472223,90.2,3173.0,3082.8,1117.8,2179.868785,54.8,1687.0,1632.2,598.8666667,1154.139688,35.4,1486.0,6.32719,5.91612,6.32719,1.45239,1.45239,5.91612,6.21895,6.2379,6.32719,1,1,1,842.399,2.01344,80.5295,955.955,474.787,0.0,0.0,0.0,63.0114,0.0748,0.0371503,0.0,0.0,0.0,0.0,0.0,0.375,0.375,0.0,0.0,0.0,0.0,0.0,0.25,0,0.0,0,0.0,0,0.0,0,0.0,0.0,0,0,0.0,0,0,0,0,0,0,2
VET,8,15,7,10.0,4.082482905,1.52,1.84,0.32,1.62,0.200665559,80,101,21,95.66666667,11.4212278,10.0,17.36,7.36,16.07666667,3.847229884,0.02658,235.0,234.97342,39.22372,123.8198386,90.2,2792.0,2701.8,617.1333333,1395.849425,54.8,933.47,878.67,244.995,456.0418076,35.4,1858.53,6.41779,5.94202,6.41779,1.925,1.925,5.94202,6.18639,6.41779,6.41779,1,1,1,856.646,1.97996,95.8933,1119.4,565.368,2.66874,31.1534,15.7344,84.037,0.0981,0.0495466,0.0,0.0,0.0,0.0,0.0,0.375,0.375,0.0,0.0,0.0,0.0,0.0,0.25,0,0.0,0,0.0,0,0.0,0,0.0,0.0,0,0,0.0,0,0,0,0,0,0,4
VFI,8,14,6,10.0,4.242640687,1.52,2.1,0.58,1.713333333,0.410121933,85,101,16,95.66666667,11.3137085,12.06,17.36,5.3,15.59333333,3.74766594,0.02658,150.0,149.97342,50.01772,106.0472223,90.2,3173.0,3082.8,1117.8,2179.868785,54.8,1687.0,1632.2,598.8666667,1154.139688,35.4,1486.0,11.96612,11.33166,11.96612,2.33536,2.33536,11.33166,11.96612,11.96612,11.96612,1,1,1,2486.66,1.57263,331.294,1332.29,847.171,23.3887,94.0569,59.8086,622.161,0.2502,0.159097,2.48666,0.001,0.000635878,0.0,0.125,0.0,0.75,0.0,0.0,0.0,0.0,0.0,0.0,0,0.0,0,0.0,0,0.125,0,0.0,0.0,0,0,0.0,0,0,0,0,0,0,2
VFI,8,30,22,11.28571429,8.253632472,1.52,2.1,0.58,1.720714286,0.382042043,76,101,25,94.64285714,12.43965023,9.16,17.36,8.2,15.26,4.103308769,0.02658,150.0,149.97342,51.44565857,98.08656917,90.2,3173.0,3082.8,1048.842857,1939.673817,54.8,1687.0,1632.2,566.7057143,1027.794713,35.4,1486.0,12.46776,11.92992,12.46776,1.41139,1.41139,11.92992,12.46776,12.46776,12.46776,1,1,1,2527.11,1.4424,343.602,1359.67,942.64,16.631,65.8104,45.6256,779.614,0.3085,0.213879,2.02169,0.0008,0.000554631,0.0,0.125,0.0,0.75,0.0,0.0,0.0,0.0,0.0,0.0,0,0.0,0,0.0,0,0.125,0,0.0,0.0,0,0,0.0,0,0,0,0,0,0,3
VNI,8,14,6,10.0,4.242640687,1.52,2.1,0.58,1.713333333,0.410121933,85,101,16,95.66666667,11.3137085,12.06,17.36,5.3,15.59333333,3.74766594,0.02658,150.0,149.97342,50.01772,106.0472223,90.2,3173.0,3082.8,1117.8,2179.868785,54.8,1687.0,1632.2,598.8666667,1154.139688,35.4,1486.0,4.74384,3.09721,4.74384,3.09721,3.09721,2.46931,4.74384,4.74384,4.74384,2,2,2,3415.47,1.75271,498.567,1459.73,832.846,72.0701,211.011,120.392,129.446,0.0379,0.0216237,14.6865,0.0043,0.00245335,0.166666667,0.166666667,0.25,0.0,0.0,0.416666667,0.0,0.0,0.0,0.0,0,0.0,0,0.0,0,0.0,0,0.0,0.0,0,0,0.0,0,0,0,0,0,0,2
VSV,8,14,6,10.0,4.242640687,1.52,2.1,0.58,1.713333333,0.410121933,85,101,16,95.66666667,11.3137085,12.06,17.36,5.3,15.59333333,3.74766594,0.02658,150.0,149.97342,50.01772,106.0472223,90.2,3173.0,3082.8,1117.8,2179.868785,54.8,1687.0,1632.2,598.8666667,1154.139688,35.4,1486.0,4.25291,3.71111,4.25291,3.71111,3.71111,2.84339,4.25291,4.25291,4.25291,1,3,3,2142.66,1.67632,446.888,2085.67,1244.19,0.0,0.0,0.0,125.988,0.0588,0.0350768,0.0,0.0,0.0,0.166666667,0.166666667,0.166666667,0.0,0.0,0.333333333,0.166666667,0.0,0.0,0.0,0,0.0,0,0.0,0,0.0,0,0.0,0.0,0,0,0.0,0,0,0,0,0,0,2
VSV,4,15,11,8.133333333,4.417901894,1.52,1.8,0.28,1.559333333,0.133910951,77,101,24,94.73333333,13.59950104,4.85,17.36,12.51,14.81266667,7.06220347,0.02658,190.0,189.97342,38.04918667,107.6850625,90.2,2742.0,2651.8,681.8666667,1476.055319,54.8,1560.0,1505.2,390.84,837.7944895,35.4,1182.0,4.01688,3.06339,4.01688,2.22394,3.06339,3.06339,4.01688,4.00154,4.01688,4,2,2,4208.19,1.94256,910.451,2163.52,1113.74,0.0,0.0,0.0,271.849,0.0646,0.033255,0.0,0.0,0.0,0.166666667,0.166666667,0.166666667,0.0,0.0,0.333333333,0.166666667,0.0,0.0,0.0,0,0.0,0,0.0,0,0.0,0,0.0,0.0,0,0,0.0,0,0,0,0,0,0,4
WEI,8,14,6,10.0,4.242640687,1.52,2.1,0.58,1.713333333,0.410121933,85,101,16,95.66666667,11.3137085,12.06,17.36,5.3,15.59333333,3.74766594,0.02658,150.0,149.97342,50.01772,106.0472223,90.2,3173.0,3082.8,1117.8,2179.868785,54.8,1687.0,1632.2,598.8666667,1154.139688,35.4,1486.0,4.13248,3.39977,4.07569,3.37437,3.37437,3.39977,4.13248,4.13248,4.07569,1,3,3,1211.78,1.6467,302.522,2496.52,1516.07,0.0,0.0,0.0,84.2186,0.0695,0.0422056,0.0,0.0,0.0,0.2,0.2,0.0,0.2,0.0,0.2,0.0,0.2,0.0,0.0,0,0.0,0,0.0,0,0.0,0,0.0,0.0,0,0,0.0,0,0,0,0,0,0,2
WEI,8,14,6,9.392018779,4.089811672,1.52,2.1,0.58,1.649577465,0.386162491,80,101,21,97.05399061,11.64539365,10.0,17.36,7.36,16.04056338,3.907085735,0.02658,235.0,234.97342,38.17755516,114.1218187,90.2,3173.0,3082.8,809.471831,2111.203647,54.8,1687.0,1632.2,418.7819484,1085.853078,35.4,1858.53,3.86683,3.37787,3.85789,3.14732,3.14732,3.37787,3.86683,3.86683,3.85789,1,3,3,1106.84,1.49409,290.15,2621.42,1754.52,0.0,0.0,0.0,102.604,0.0927,0.0620444,0.0,0.0,0.0,0.2,0.2,0.0,0.2,0.0,0.2,0.0,0.2,0.0,0.0,0,0.0,0,0.0,0,0.0,0,0.0,0.0,0,0,0.0,0,0,0,0,0,0,0
WEN,8,14,6,10.03389831,4.242640687,1.52,2.1,0.58,1.716610169,0.410121933,85,101,16,95.57627119,11.3137085,12.06,17.36,5.3,15.56338983,3.74766594,0.02658,150.0,149.97342,50.86502746,106.0472223,90.2,3173.0,3082.8,1135.216949,2179.868785,54.8,1687.0,1632.2,608.0881356,1154.139688,35.4,1486.0,5.46771,4.77539,5.46771,4.77539,4.77539,3.09952,5.46771,5.46771,5.46771,1,3,3,1208.17,1.62963,237.843,1968.63,1208.02,3.01891,24.9875,15.3332,136.644,0.1131,0.0694021,0.120817,0.0001,6.14e-05,0.0,0.428571429,0.0,0.285714286,0.0,0.142857143,0.0,0.142857143,0.0,0.0,0,0.0,0,0.0,0,0.0,0,0.0,0.0,0,0,0.0,0,0,0,0,0,0,2
YFI,8,14,6,10.0,4.242640687,1.52,2.1,0.58,1.713333333,0.410121933,85,101,16,95.66666667,11.3137085,12.06,17.36,5.3,15.59333333,3.74766594,0.02658,150.0,149.97342,50.01772,106.0472223,90.2,3173.0,3082.8,1117.8,2179.868785,54.8,1687.0,1632.2,598.8666667,1154.139688,35.4,1486.0,7.89631,6.11549,7.89631,6.11549,6.11549,3.53502,7.89631,7.89631,7.89631,3,3,1,7317.49,1.63617,1235.29,1688.14,1031.76,9.00354,12.3041,7.52011,1116.65,0.1526,0.0932669,0.0,0.0,0.0,0.0,0.25,0.333333333,0.166666667,0.0,0.125,0.0,0.0,0.0,0.125,0,0.0,0,0.0,0,0.0,0,0.0,0.0,0,0,0.0,0,0,0,0,0,0,2
YFI,8,14,6,9.916666667,3.904210182,1.52,2.1,0.58,1.691666667,0.36046795,80,101,21,95.25,11.80012106,10.0,17.36,7.36,15.42166667,4.000442118,0.02658,235.0,234.97342,57.10105333,119.7129726,90.2,3173.0,3082.8,1086.05,2024.567005,54.8,1687.0,1632.2,536.0725,1012.900745,35.4,1858.53,7.79759,6.13793,7.76552,6.13793,6.13793,3.50543,7.76552,7.76552,7.79759,3,3,1,7226.32,1.65681,1391.63,1925.78,1162.34,32.5495,45.043,27.1866,1344.1,0.186,0.112264,5.78106,0.0008,0.000482857,0.0,0.25,0.333333333,0.166666667,0.0,0.125,0.0,0.0,0.0,0.125,0,0.0,0,0.0,0,0.0,0,0.0,0.0,0,0,0.0,0,0,0,0,0,0,2
YUG,8,14,6,10.0,4.242640687,1.52,2.1,0.58,1.713333333,0.410121933,85,101,16,95.66666667,11.3137085,12.06,17.36,5.3,15.59333333,3.74766594,0.02658,150.0,149.97342,50.01772,106.0472223,90.2,3173.0,3082.8,1117.8,2179.868785,54.8,1687.0,1632.2,598.8666667,1154.139688,35.4,1486.0,4.43066,3.06121,4.43066,3.01905,1.3799,3.06121,4.43066,4.35823,4.43066,2,2,2,891.336,1.79096,153.338,1720.31,960.551,0.0,0.0,0.0,46.0821,0.0517,0.0288672,0.0,0.0,0.0,0.0,0.333333333,0.166666667,0.0,0.0,0.5,0.0,0.0,0.0,0.0,0,0.0,0,0.0,0,0.0,0,0.0,0.0,0,0,0.0,0,0,0,0,0,0,2
YUG,8,15,7,9.886351842,4.18744849,1.52,1.84,0.32,1.611665802,0.200370814,80,101,21,96.2601626,11.07670913,10.0,17.36,7.36,16.30686732,3.628687989,0.02658,235.0,234.97342,31.80718215,116.7578547,90.2,2792.0,2701.8,534.74347,1320.680302,54.8,933.47,878.67,218.9136949,434.4481984,35.4,1858.53,3.86762,3.15726,3.86762,3.15726,1.3302,2.82243,3.86762,3.81338,3.66106,2,2,2,876.943,1.81199,187.423,2137.23,1179.49,0.0,0.0,0.0,56.0367,0.0639,0.035265,0.0,0.0,0.0,0.0,0.333333333,0.166666667,0.0,0.0,0.5,0.0,0.0,0.0,0.0,0,0.0,0,0.0,0,0.0,0,0.0,0.0,0,0,0.0,0,0,0,0,0,0,4
ZON,8,14,6,10.0,4.242640687,1.52,2.1,0.58,1.713333333,0.410121933,85,101,16,95.66666667,11.3137085,12.06,17.36,5.3,15.59333333,3.74766594,0.02658,150.0,149.97342,50.01772,106.0472223,90.2,3173.0,3082.8,1117.8,2179.868785,54.8,1687.0,1632.2,598.8666667,1154.139688,35.4,1486.0,5.77236,3.46011,5.77236,2.57341,3.46011,1.52496,5.53811,5.77236,5.74843,2,1,1,1773.08,1.80065,278.931,1573.15,873.654,0.0,0.0,0.0,134.931,0.0761,0.0422625,0.0,0.0,0.0,0.0,0.428571429,0.0,0.285714286,0.0,0.285714286,0.0,0.0,0.0,0.0,0,0.0,0,0.0,0,0.0,0,0.0,0.0,0,0,0.0,0,0,0,0,0,0,2
